run,species,track_index,focused_pearson,full_pearson,pearson_delta_focused_minus_full,focused_poisson,full_poisson,poisson_delta_focused_minus_full
/mmfs1/gscratch/scrubbed/jsomeara/lynx/borzoi-repro/OUTPUTS/basic-model-trainseed42-trackseed42-tracks10pct,human,15,0.8173493910915625,0.8191709186731697,-0.0018215275816072518,0.27087685351372426,0.2709806280256777,-0.00010377451195342502
/mmfs1/gscratch/scrubbed/jsomeara/lynx/borzoi-repro/OUTPUTS/basic-model-trainseed42-trackseed42-tracks10pct,human,19,0.8418727888652672,0.8410046701003638,0.0008681187649033362,0.18050372403461812,0.18097867738434154,-0.0004749533497234171
/mmfs1/gscratch/scrubbed/jsomeara/lynx/borzoi-repro/OUTPUTS/basic-model-trainseed42-trackseed42-tracks10pct,human,20,0.871594673868386,0.8689952144041736,0.0025994594642123614,0.1939841929194276,0.19439173189943781,-0.0004075389800102247
/mmfs1/gscratch/scrubbed/jsomeara/lynx/borzoi-repro/OUTPUTS/basic-model-trainseed42-trackseed42-tracks10pct,human,79,0.6737316928511855,0.6736847881994303,4.690465175516412e-05,0.13712597583326835,0.13666307067889358,0.0004629051543747764
/mmfs1/gscratch/scrubbed/jsomeara/lynx/borzoi-repro/OUTPUTS/basic-model-trainseed42-trackseed42-tracks10pct,human,84,0.7122442470589837,0.7204292169969585,-0.008184969937974795,0.19352199348533808,0.19164633223816116,0.0018756612471769185
/mmfs1/gscratch/scrubbed/jsomeara/lynx/borzoi-repro/OUTPUTS/basic-model-trainseed42-trackseed42-tracks10pct,human,129,0.7248357943103755,0.7220147730922011,0.002821021218174402,0.19173043346667115,0.19163376126579298,9.66722008781673e-05
/mmfs1/gscratch/scrubbed/jsomeara/lynx/borzoi-repro/OUTPUTS/basic-model-trainseed42-trackseed42-tracks10pct,human,144,0.6220879341340705,0.6431321007725129,-0.02104416663844244,0.22518563850400064,0.22212436143599038,0.0030612770680102652
/mmfs1/gscratch/scrubbed/jsomeara/lynx/borzoi-repro/OUTPUTS/basic-model-trainseed42-trackseed42-tracks10pct,human,150,0.8414053741703221,0.8394037400363167,0.0020016341340054478,0.19881900951040618,0.19797725987052242,0.0008417496398837598
/mmfs1/gscratch/scrubbed/jsomeara/lynx/borzoi-repro/OUTPUTS/basic-model-trainseed42-trackseed42-tracks10pct,human,155,0.7938367173395544,0.7955837565027901,-0.0017470391632357085,0.05089718700216242,0.048181151078865975,0.002716035923296445
/mmfs1/gscratch/scrubbed/jsomeara/lynx/borzoi-repro/OUTPUTS/basic-model-trainseed42-trackseed42-tracks10pct,human,168,0.6887164274174546,0.685220727570674,0.0034956998467806644,0.22674029159432943,0.22759428138094598,-0.0008539897866165491
/mmfs1/gscratch/scrubbed/jsomeara/lynx/borzoi-repro/OUTPUTS/basic-model-trainseed42-trackseed42-tracks10pct,human,170,0.7558773501326705,0.7560581646879446,-0.00018081455527407808,0.2434406498524041,0.24370098138128202,-0.0002603315288779162
/mmfs1/gscratch/scrubbed/jsomeara/lynx/borzoi-repro/OUTPUTS/basic-model-trainseed42-trackseed42-tracks10pct,human,176,0.8033685351246067,0.8022986569588101,0.0010698781657966228,0.26726971487853385,0.26623905199188136,0.0010306628866524892
/mmfs1/gscratch/scrubbed/jsomeara/lynx/borzoi-repro/OUTPUTS/basic-model-trainseed42-trackseed42-tracks10pct,human,196,0.8285957221174906,0.8322575054736039,-0.003661783356113335,0.18169647047565504,0.18064967344225455,0.0010467970334004928
/mmfs1/gscratch/scrubbed/jsomeara/lynx/borzoi-repro/OUTPUTS/basic-model-trainseed42-trackseed42-tracks10pct,human,202,0.8389965662342964,0.8415158930338331,-0.002519326799536703,0.268102158818663,0.26818134490143586,-7.9186082772853e-05
/mmfs1/gscratch/scrubbed/jsomeara/lynx/borzoi-repro/OUTPUTS/basic-model-trainseed42-trackseed42-tracks10pct,human,231,0.8091857431508922,0.8085946240680334,0.0005911190828588042,0.15877935627514897,0.15970011280647195,-0.0009207565313229804
/mmfs1/gscratch/scrubbed/jsomeara/lynx/borzoi-repro/OUTPUTS/basic-model-trainseed42-trackseed42-tracks10pct,human,235,0.8154909870955124,0.8177216509938251,-0.0022306638983127236,0.13060894395007458,0.12950706963310907,0.001101874316965512
/mmfs1/gscratch/scrubbed/jsomeara/lynx/borzoi-repro/OUTPUTS/basic-model-trainseed42-trackseed42-tracks10pct,human,240,0.7868898759741706,0.7812283935908464,0.005661482383324201,0.20968670577998041,0.21171018478858725,-0.002023479008606832
/mmfs1/gscratch/scrubbed/jsomeara/lynx/borzoi-repro/OUTPUTS/basic-model-trainseed42-trackseed42-tracks10pct,human,241,0.8225633032927584,0.8232247115251796,-0.0006614082324212234,0.23193850235105243,0.23196274023144214,-2.423788038971586e-05
/mmfs1/gscratch/scrubbed/jsomeara/lynx/borzoi-repro/OUTPUTS/basic-model-trainseed42-trackseed42-tracks10pct,human,243,0.8771093387293579,0.8769497455335599,0.00015959319579805786,0.27917987645646075,0.27918056448272394,-6.8802626318476e-07
/mmfs1/gscratch/scrubbed/jsomeara/lynx/borzoi-repro/OUTPUTS/basic-model-trainseed42-trackseed42-tracks10pct,human,244,0.8548288699699109,0.8552745109435512,-0.0004456409736403044,0.2349475679976283,0.23492761697037418,1.995102725413367e-05
/mmfs1/gscratch/scrubbed/jsomeara/lynx/borzoi-repro/OUTPUTS/basic-model-trainseed42-trackseed42-tracks10pct,human,260,0.7260588872907585,0.7339827221382546,-0.007923834847496036,0.13815812325376775,0.135563280570684,0.0025948426830837423
/mmfs1/gscratch/scrubbed/jsomeara/lynx/borzoi-repro/OUTPUTS/basic-model-trainseed42-trackseed42-tracks10pct,human,286,0.8192651857326227,0.8189204394907079,0.0003447462419148284,0.2712821700280194,0.27127123946079357,1.0930567225841958e-05
/mmfs1/gscratch/scrubbed/jsomeara/lynx/borzoi-repro/OUTPUTS/basic-model-trainseed42-trackseed42-tracks10pct,human,289,0.8401870066062005,0.8414376536941032,-0.0012506470879026788,0.24480890418659623,0.24496359756702352,-0.0001546933804272843
/mmfs1/gscratch/scrubbed/jsomeara/lynx/borzoi-repro/OUTPUTS/basic-model-trainseed42-trackseed42-tracks10pct,human,292,0.8434793038630729,0.8450502311964095,-0.0015709273333366358,0.22798903973448437,0.22816885543658333,-0.00017981570209896214
/mmfs1/gscratch/scrubbed/jsomeara/lynx/borzoi-repro/OUTPUTS/basic-model-trainseed42-trackseed42-tracks10pct,human,294,0.7949237492183562,0.7961421682122428,-0.0012184189938866385,0.2721245226584359,0.27227778848173967,-0.00015326582330377203
/mmfs1/gscratch/scrubbed/jsomeara/lynx/borzoi-repro/OUTPUTS/basic-model-trainseed42-trackseed42-tracks10pct,human,297,0.846419665220409,0.8473818173083989,-0.000962152087989887,0.22105544565694263,0.2213941269629229,-0.00033868130598027624
/mmfs1/gscratch/scrubbed/jsomeara/lynx/borzoi-repro/OUTPUTS/basic-model-trainseed42-trackseed42-tracks10pct,human,301,0.8309359302511321,0.829799713452987,0.0011362167981451288,0.18696973699801192,0.18731446693175946,-0.0003447299337475396
/mmfs1/gscratch/scrubbed/jsomeara/lynx/borzoi-repro/OUTPUTS/basic-model-trainseed42-trackseed42-tracks10pct,human,306,0.8931455548334003,0.8945649398382378,-0.0014193850048375145,0.29640163249203844,0.2963123548385383,8.927765350014161e-05
/mmfs1/gscratch/scrubbed/jsomeara/lynx/borzoi-repro/OUTPUTS/basic-model-trainseed42-trackseed42-tracks10pct,human,308,0.8595356276657772,0.8604926999738193,-0.0009570723080420951,0.24463585695603243,0.24461973915459467,1.6117801437759427e-05
/mmfs1/gscratch/scrubbed/jsomeara/lynx/borzoi-repro/OUTPUTS/basic-model-trainseed42-trackseed42-tracks10pct,human,326,0.8134913712105121,0.8160360326335022,-0.0025446614229901465,0.27561871251710257,0.2757156744607612,-9.696194365860222e-05
/mmfs1/gscratch/scrubbed/jsomeara/lynx/borzoi-repro/OUTPUTS/basic-model-trainseed42-trackseed42-tracks10pct,human,329,0.857183474216264,0.8574663105394622,-0.00028283632319825447,0.2487584262465634,0.24896946781667853,-0.00021104157011511693
/mmfs1/gscratch/scrubbed/jsomeara/lynx/borzoi-repro/OUTPUTS/basic-model-trainseed42-trackseed42-tracks10pct,human,338,0.8409246124230628,0.8386906432621416,0.002233969160921223,0.22803955690855016,0.2287598478017552,-0.00072029089320505
/mmfs1/gscratch/scrubbed/jsomeara/lynx/borzoi-repro/OUTPUTS/basic-model-trainseed42-trackseed42-tracks10pct,human,347,0.8703238821532524,0.8715175548439195,-0.001193672690667058,0.2757667213939721,0.27571780650430694,4.891488966518587e-05
/mmfs1/gscratch/scrubbed/jsomeara/lynx/borzoi-repro/OUTPUTS/basic-model-trainseed42-trackseed42-tracks10pct,human,350,0.8488735749316219,0.8487494982558437,0.00012407667577818415,0.23414503498414474,0.23436738286664793,-0.00022234788250319326
/mmfs1/gscratch/scrubbed/jsomeara/lynx/borzoi-repro/OUTPUTS/basic-model-trainseed42-trackseed42-tracks10pct,human,361,0.7959958727963554,0.801300451481171,-0.005304578684815597,0.17678213680536195,0.17538768147447187,0.001394455330890082
/mmfs1/gscratch/scrubbed/jsomeara/lynx/borzoi-repro/OUTPUTS/basic-model-trainseed42-trackseed42-tracks10pct,human,376,0.8795712715120015,0.8801765939832467,-0.0006053224712451177,0.26836213877371745,0.26841623211446425,-5.409334074679695e-05
/mmfs1/gscratch/scrubbed/jsomeara/lynx/borzoi-repro/OUTPUTS/basic-model-trainseed42-trackseed42-tracks10pct,human,380,0.713805525773138,0.7094882394200133,0.004317286353124783,0.2052377836855988,0.20657212781546863,-0.0013343441298698244
/mmfs1/gscratch/scrubbed/jsomeara/lynx/borzoi-repro/OUTPUTS/basic-model-trainseed42-trackseed42-tracks10pct,human,382,0.8836983066725508,0.8831801566812798,0.0005181499912709775,0.2935830354586743,0.2935693748661516,1.3660592522724002e-05
/mmfs1/gscratch/scrubbed/jsomeara/lynx/borzoi-repro/OUTPUTS/basic-model-trainseed42-trackseed42-tracks10pct,human,399,0.8977924597024187,0.8989915513198384,-0.001199091617419712,0.3002878626265043,0.300227528336124,6.0334290380326117e-05
/mmfs1/gscratch/scrubbed/jsomeara/lynx/borzoi-repro/OUTPUTS/basic-model-trainseed42-trackseed42-tracks10pct,human,404,0.8260626089389522,0.8265772325696754,-0.0005146236307231877,0.23349062976676804,0.23356801607104313,-7.738630427508997e-05
/mmfs1/gscratch/scrubbed/jsomeara/lynx/borzoi-repro/OUTPUTS/basic-model-trainseed42-trackseed42-tracks10pct,human,407,0.8364957035163665,0.8367697959337876,-0.00027409241742115675,0.21439568838483644,0.21480290747274208,-0.00040721908790564143
/mmfs1/gscratch/scrubbed/jsomeara/lynx/borzoi-repro/OUTPUTS/basic-model-trainseed42-trackseed42-tracks10pct,human,412,0.8118278746025803,0.8123700431366084,-0.000542168534028109,0.20524576828951965,0.20399386979406223,0.0012518984954574264
/mmfs1/gscratch/scrubbed/jsomeara/lynx/borzoi-repro/OUTPUTS/basic-model-trainseed42-trackseed42-tracks10pct,human,416,0.8163423074508319,0.8157243190818673,0.0006179883689646504,0.2813059814021588,0.2814952568324925,-0.00018927543033370187
/mmfs1/gscratch/scrubbed/jsomeara/lynx/borzoi-repro/OUTPUTS/basic-model-trainseed42-trackseed42-tracks10pct,human,430,0.8540188736975827,0.8551499400632488,-0.001131066365666178,0.22575608023929314,0.2258799764260662,-0.0001238961867730537
/mmfs1/gscratch/scrubbed/jsomeara/lynx/borzoi-repro/OUTPUTS/basic-model-trainseed42-trackseed42-tracks10pct,human,438,0.8468554691299977,0.8481722840783747,-0.0013168149483770986,0.2587286789895244,0.2584090234794393,0.00031965551008511506
/mmfs1/gscratch/scrubbed/jsomeara/lynx/borzoi-repro/OUTPUTS/basic-model-trainseed42-trackseed42-tracks10pct,human,446,0.8425851318028559,0.8443527440080134,-0.0017676122051575316,0.25052635638096676,0.25041775723718485,0.00010859914378191782
/mmfs1/gscratch/scrubbed/jsomeara/lynx/borzoi-repro/OUTPUTS/basic-model-trainseed42-trackseed42-tracks10pct,human,453,0.7271525581047291,0.7271689099508681,-1.6351846139017745e-05,0.2700271342238355,0.2702943481405372,-0.0002672139167017029
/mmfs1/gscratch/scrubbed/jsomeara/lynx/borzoi-repro/OUTPUTS/basic-model-trainseed42-trackseed42-tracks10pct,human,467,0.7891527969374598,0.7897837664333354,-0.0006309694958755996,0.16357646980700905,0.16397765171869352,-0.00040118191168447837
/mmfs1/gscratch/scrubbed/jsomeara/lynx/borzoi-repro/OUTPUTS/basic-model-trainseed42-trackseed42-tracks10pct,human,472,0.8674777286400078,0.8669950578569151,0.00048267078309272016,0.27003458087474375,0.26995259861423093,8.198226051281399e-05
/mmfs1/gscratch/scrubbed/jsomeara/lynx/borzoi-repro/OUTPUTS/basic-model-trainseed42-trackseed42-tracks10pct,human,483,0.8472033224018333,0.8466362774433919,0.0005670449584413984,0.1751977554133029,0.17540370277605757,-0.00020594736275467151
/mmfs1/gscratch/scrubbed/jsomeara/lynx/borzoi-repro/OUTPUTS/basic-model-trainseed42-trackseed42-tracks10pct,human,498,0.6959224556820441,0.698318061859203,-0.0023956061771588377,0.24375225014252183,0.24291403070666484,0.0008382194358569905
/mmfs1/gscratch/scrubbed/jsomeara/lynx/borzoi-repro/OUTPUTS/basic-model-trainseed42-trackseed42-tracks10pct,human,500,0.8033088479021633,0.8031713442082123,0.00013750369395093553,0.22715170044560065,0.2273670769399503,-0.00021537649434966166
/mmfs1/gscratch/scrubbed/jsomeara/lynx/borzoi-repro/OUTPUTS/basic-model-trainseed42-trackseed42-tracks10pct,human,501,0.8553605122053815,0.8563635963168934,-0.0010030841115119538,0.25761798216266407,0.25775682553089824,-0.000138843368234165
/mmfs1/gscratch/scrubbed/jsomeara/lynx/borzoi-repro/OUTPUTS/basic-model-trainseed42-trackseed42-tracks10pct,human,502,0.7345552066707677,0.7361849981666647,-0.0016297914958970372,0.2775051479589557,0.27755820792205993,-5.3059963104229446e-05
/mmfs1/gscratch/scrubbed/jsomeara/lynx/borzoi-repro/OUTPUTS/basic-model-trainseed42-trackseed42-tracks10pct,human,513,0.8337777037557812,0.8353885676675167,-0.0016108639117354828,0.22899549886894877,0.22859033794518227,0.0004051609237664955
/mmfs1/gscratch/scrubbed/jsomeara/lynx/borzoi-repro/OUTPUTS/basic-model-trainseed42-trackseed42-tracks10pct,human,514,0.8552891440420975,0.8554409322492526,-0.0001517882071550014,0.06402356530112135,0.06290843354660747,0.0011151317545138872
/mmfs1/gscratch/scrubbed/jsomeara/lynx/borzoi-repro/OUTPUTS/basic-model-trainseed42-trackseed42-tracks10pct,human,515,0.8622347540173928,0.8628192060592853,-0.0005844520418925025,0.26825354080273717,0.26823214910582305,2.139169691411924e-05
/mmfs1/gscratch/scrubbed/jsomeara/lynx/borzoi-repro/OUTPUTS/basic-model-trainseed42-trackseed42-tracks10pct,human,532,0.8611120365194266,0.8620655811014223,-0.0009535445819957022,0.23485599170609645,0.23495317439648217,-9.718269038572203e-05
/mmfs1/gscratch/scrubbed/jsomeara/lynx/borzoi-repro/OUTPUTS/basic-model-trainseed42-trackseed42-tracks10pct,human,533,0.7814764190921265,0.778393975993546,0.003082443098580523,0.16532994749920873,0.16564041992865364,-0.0003104724294449024
/mmfs1/gscratch/scrubbed/jsomeara/lynx/borzoi-repro/OUTPUTS/basic-model-trainseed42-trackseed42-tracks10pct,human,537,0.815803630971489,0.8142251105805544,0.0015785203909346457,0.27583512259893805,0.27595801769074385,-0.00012289509180579694
/mmfs1/gscratch/scrubbed/jsomeara/lynx/borzoi-repro/OUTPUTS/basic-model-trainseed42-trackseed42-tracks10pct,human,540,0.8621538214411665,0.8627930257896639,-0.0006392043484974019,0.24539771418315132,0.24562966058672533,-0.0002319464035740182
/mmfs1/gscratch/scrubbed/jsomeara/lynx/borzoi-repro/OUTPUTS/basic-model-trainseed42-trackseed42-tracks10pct,human,543,0.8075919786026773,0.8080788220930386,-0.0004868434903613217,0.282919832278325,0.282894561771777,2.52705065479919e-05
/mmfs1/gscratch/scrubbed/jsomeara/lynx/borzoi-repro/OUTPUTS/basic-model-trainseed42-trackseed42-tracks10pct,human,564,0.8776795788044335,0.8792473059541775,-0.0015677271497440692,0.17133071889649532,0.17142569673820074,-9.497784170542367e-05
/mmfs1/gscratch/scrubbed/jsomeara/lynx/borzoi-repro/OUTPUTS/basic-model-trainseed42-trackseed42-tracks10pct,human,580,0.8329371018955175,0.8303875741092642,0.0025495277862532806,0.20045146751347728,0.20165160346793168,-0.0012001359544543955
/mmfs1/gscratch/scrubbed/jsomeara/lynx/borzoi-repro/OUTPUTS/basic-model-trainseed42-trackseed42-tracks10pct,human,617,0.833341888675834,0.8351188252695996,-0.0017769365937655435,0.22222969948099616,0.22141169999798568,0.0008179994830104786
/mmfs1/gscratch/scrubbed/jsomeara/lynx/borzoi-repro/OUTPUTS/basic-model-trainseed42-trackseed42-tracks10pct,human,636,0.5754828170654861,0.5873170231045877,-0.011834206039101569,0.21012139437361715,0.20807985760805706,0.002041536765560098
/mmfs1/gscratch/scrubbed/jsomeara/lynx/borzoi-repro/OUTPUTS/basic-model-trainseed42-trackseed42-tracks10pct,human,640,0.8419119087634243,0.8430842457811709,-0.0011723370177466608,0.2921440445615385,0.29213509235809876,8.952203439716033e-06
/mmfs1/gscratch/scrubbed/jsomeara/lynx/borzoi-repro/OUTPUTS/basic-model-trainseed42-trackseed42-tracks10pct,human,641,0.8440567651170789,0.8435906337889654,0.0004661313281135726,0.24689972312473848,0.24720202808213132,-0.0003023049573928349
/mmfs1/gscratch/scrubbed/jsomeara/lynx/borzoi-repro/OUTPUTS/basic-model-trainseed42-trackseed42-tracks10pct,human,648,0.8575526515444757,0.8579964717642891,-0.0004438202198133734,0.2553867650513239,0.2556081792630739,-0.00022141421174998177
/mmfs1/gscratch/scrubbed/jsomeara/lynx/borzoi-repro/OUTPUTS/basic-model-trainseed42-trackseed42-tracks10pct,human,650,0.8582977186343282,0.8592880601531522,-0.000990341518823934,0.23036185447824942,0.23053574140411645,-0.00017388692586703391
/mmfs1/gscratch/scrubbed/jsomeara/lynx/borzoi-repro/OUTPUTS/basic-model-trainseed42-trackseed42-tracks10pct,human,655,0.8035569017365433,0.8032468826405372,0.00031001909600603117,0.23419884617327075,0.23469824827864688,-0.0004994021053761344
/mmfs1/gscratch/scrubbed/jsomeara/lynx/borzoi-repro/OUTPUTS/basic-model-trainseed42-trackseed42-tracks10pct,human,662,0.8516916529425498,0.8541095777289501,-0.0024179247864003495,0.2410985556110461,0.2408363466664439,0.000262208944602188
/mmfs1/gscratch/scrubbed/jsomeara/lynx/borzoi-repro/OUTPUTS/basic-model-trainseed42-trackseed42-tracks10pct,human,691,0.6771443741237105,0.678028749288442,-0.000884375164731499,-0.03530269443866466,-0.03954219599773071,0.00423950155906605
/mmfs1/gscratch/scrubbed/jsomeara/lynx/borzoi-repro/OUTPUTS/basic-model-trainseed42-trackseed42-tracks10pct,human,708,0.4319426479213527,0.43284539509163883,-0.0009027471702861556,0.716095567211733,0.7161304651178767,-3.4897906143749324e-05
/mmfs1/gscratch/scrubbed/jsomeara/lynx/borzoi-repro/OUTPUTS/basic-model-trainseed42-trackseed42-tracks10pct,human,711,0.7896033310642623,0.7877801883286065,0.0018231427356557584,-0.0998491662876318,-0.10016587666468582,0.0003167103770540247
/mmfs1/gscratch/scrubbed/jsomeara/lynx/borzoi-repro/OUTPUTS/basic-model-trainseed42-trackseed42-tracks10pct,human,729,0.8671026854816003,0.8666864817016009,0.0004162037799994023,-0.5152354096489195,-0.5139681888035043,-0.0012672208454151956
/mmfs1/gscratch/scrubbed/jsomeara/lynx/borzoi-repro/OUTPUTS/basic-model-trainseed42-trackseed42-tracks10pct,human,739,0.5852143201334016,0.581230103662999,0.003984216470402591,0.6095781562248218,0.6156877432676634,-0.006109587042841591
/mmfs1/gscratch/scrubbed/jsomeara/lynx/borzoi-repro/OUTPUTS/basic-model-trainseed42-trackseed42-tracks10pct,human,741,0.8393234236550168,0.8396480810768434,-0.00032465742182663515,0.031472315200801335,0.03128519772115455,0.00018711747964678116
/mmfs1/gscratch/scrubbed/jsomeara/lynx/borzoi-repro/OUTPUTS/basic-model-trainseed42-trackseed42-tracks10pct,human,771,0.7940832521577356,0.7951685235483176,-0.00108527139058201,0.42385829630682864,0.42220424376180915,0.001654052545019491
/mmfs1/gscratch/scrubbed/jsomeara/lynx/borzoi-repro/OUTPUTS/basic-model-trainseed42-trackseed42-tracks10pct,human,778,0.8047410653660135,0.8018699185649508,0.0028711468010627073,0.4666359014074092,0.46813503993867295,-0.0014991385312637662
/mmfs1/gscratch/scrubbed/jsomeara/lynx/borzoi-repro/OUTPUTS/basic-model-trainseed42-trackseed42-tracks10pct,human,826,0.8092075649752617,0.805435232290062,0.0037723326851997196,-0.23486172359263302,-0.23388950951860155,-0.0009722140740314744
/mmfs1/gscratch/scrubbed/jsomeara/lynx/borzoi-repro/OUTPUTS/basic-model-trainseed42-trackseed42-tracks10pct,human,830,0.568605046502047,0.5683883869616039,0.00021665954044314262,0.16597803545553347,0.18165117408415155,-0.015673138628618077
/mmfs1/gscratch/scrubbed/jsomeara/lynx/borzoi-repro/OUTPUTS/basic-model-trainseed42-trackseed42-tracks10pct,human,833,0.592382778448459,0.5895675819670297,0.0028151964814292496,0.6308512036286,0.6349431983482176,-0.00409199471961752
/mmfs1/gscratch/scrubbed/jsomeara/lynx/borzoi-repro/OUTPUTS/basic-model-trainseed42-trackseed42-tracks10pct,human,835,0.7307217763107544,0.7288000058829706,0.0019217704277838532,0.6497726740283164,0.6513069549205973,-0.0015342808922809148
/mmfs1/gscratch/scrubbed/jsomeara/lynx/borzoi-repro/OUTPUTS/basic-model-trainseed42-trackseed42-tracks10pct,human,839,0.5029582612723512,0.5022087769060526,0.000749484366298625,0.7277709799006105,0.7288690696240112,-0.0010980897234007525
/mmfs1/gscratch/scrubbed/jsomeara/lynx/borzoi-repro/OUTPUTS/basic-model-trainseed42-trackseed42-tracks10pct,human,869,0.5868633620638283,0.5869586883891835,-9.532632535524943e-05,0.729512503807796,0.7295597495397985,-4.724573200254323e-05
/mmfs1/gscratch/scrubbed/jsomeara/lynx/borzoi-repro/OUTPUTS/basic-model-trainseed42-trackseed42-tracks10pct,human,874,0.6029751203158711,0.44436853436474216,0.15860658595112892,0.7719915536607953,0.803274401047636,-0.03128284738684073
/mmfs1/gscratch/scrubbed/jsomeara/lynx/borzoi-repro/OUTPUTS/basic-model-trainseed42-trackseed42-tracks10pct,human,886,0.544138386571875,0.544856696032072,-0.0007183094601970197,0.7474501033700904,0.7464418910397583,0.0010082123303321033
/mmfs1/gscratch/scrubbed/jsomeara/lynx/borzoi-repro/OUTPUTS/basic-model-trainseed42-trackseed42-tracks10pct,human,894,0.7281510230139311,0.7256044667538308,0.0025465562601002523,0.49031642660006874,0.4914453274130368,-0.00112890081296807
/mmfs1/gscratch/scrubbed/jsomeara/lynx/borzoi-repro/OUTPUTS/basic-model-trainseed42-trackseed42-tracks10pct,human,895,0.5635580054838538,0.5555264624584568,0.008031543025396992,0.7374464878682193,0.739494773100041,-0.002048285231821656
/mmfs1/gscratch/scrubbed/jsomeara/lynx/borzoi-repro/OUTPUTS/basic-model-trainseed42-trackseed42-tracks10pct,human,898,0.49204544263635647,0.4856061868167253,0.006439255819631173,0.8140781840118594,0.8163403414196057,-0.002262157407746268
/mmfs1/gscratch/scrubbed/jsomeara/lynx/borzoi-repro/OUTPUTS/basic-model-trainseed42-trackseed42-tracks10pct,human,900,0.6742917324288988,0.6725397169222268,0.0017520155066720333,0.2610271881243099,0.2595420472051699,0.0014851409191400378
/mmfs1/gscratch/scrubbed/jsomeara/lynx/borzoi-repro/OUTPUTS/basic-model-trainseed42-trackseed42-tracks10pct,human,902,0.6727099744254006,0.6681206959551359,0.0045892784702646905,0.042968010192112764,0.04656552531886193,-0.0035975151267491692
/mmfs1/gscratch/scrubbed/jsomeara/lynx/borzoi-repro/OUTPUTS/basic-model-trainseed42-trackseed42-tracks10pct,human,907,0.5109189866393125,0.46132770555781444,0.04959128108149802,0.6167710504376839,0.639681446560306,-0.022910396122622134
/mmfs1/gscratch/scrubbed/jsomeara/lynx/borzoi-repro/OUTPUTS/basic-model-trainseed42-trackseed42-tracks10pct,human,911,0.5210447733884547,0.5218113938789749,-0.0007666204905202312,0.7586932183946077,0.7576722172682944,0.0010210011263133145
/mmfs1/gscratch/scrubbed/jsomeara/lynx/borzoi-repro/OUTPUTS/basic-model-trainseed42-trackseed42-tracks10pct,human,926,0.594744496289728,0.5960366264259741,-0.0012921301362460724,0.7369504876659447,0.7363942543560273,0.0005562333099173866
/mmfs1/gscratch/scrubbed/jsomeara/lynx/borzoi-repro/OUTPUTS/basic-model-trainseed42-trackseed42-tracks10pct,human,938,0.32449102639252286,0.3243359164624584,0.0001551099300644565,0.8730156091338858,0.8750075856887178,-0.0019919765548320756
/mmfs1/gscratch/scrubbed/jsomeara/lynx/borzoi-repro/OUTPUTS/basic-model-trainseed42-trackseed42-tracks10pct,human,954,0.44085210516765766,0.44128486313110205,-0.00043275796344438566,0.8071468474439608,0.8074990362287643,-0.0003521887848034755
/mmfs1/gscratch/scrubbed/jsomeara/lynx/borzoi-repro/OUTPUTS/basic-model-trainseed42-trackseed42-tracks10pct,human,955,0.7961453504023152,0.7935536819628783,0.0025916684394368117,0.2663492389156298,0.26623895136453196,0.00011028755109782074
/mmfs1/gscratch/scrubbed/jsomeara/lynx/borzoi-repro/OUTPUTS/basic-model-trainseed42-trackseed42-tracks10pct,human,965,0.5177083925739147,0.5157745749060302,0.0019338176678844743,0.8332082820299547,0.8351052247014187,-0.001896942671464008
/mmfs1/gscratch/scrubbed/jsomeara/lynx/borzoi-repro/OUTPUTS/basic-model-trainseed42-trackseed42-tracks10pct,human,969,0.6200893499345337,0.6075349778060346,0.01255437212849908,0.7301594640430725,0.7321669720840538,-0.002007508040981265
/mmfs1/gscratch/scrubbed/jsomeara/lynx/borzoi-repro/OUTPUTS/basic-model-trainseed42-trackseed42-tracks10pct,human,976,0.7278602622603566,0.7265570412537115,0.00130322100664515,0.20242019512690396,0.20538543919095065,-0.0029652440640466904
/mmfs1/gscratch/scrubbed/jsomeara/lynx/borzoi-repro/OUTPUTS/basic-model-trainseed42-trackseed42-tracks10pct,human,990,0.4803933504298743,0.44885367890565125,0.031539671524223045,0.7342675517905574,0.7501519478367734,-0.015884396046216054
/mmfs1/gscratch/scrubbed/jsomeara/lynx/borzoi-repro/OUTPUTS/basic-model-trainseed42-trackseed42-tracks10pct,human,998,0.6099870192345047,0.5966189909710142,0.013368028263490483,0.7595073500825315,0.7634483224438285,-0.00394097236129709
/mmfs1/gscratch/scrubbed/jsomeara/lynx/borzoi-repro/OUTPUTS/basic-model-trainseed42-trackseed42-tracks10pct,human,1027,0.6371363884973178,0.6385276204242997,-0.001391231926981873,0.7263309901030012,0.7264460056740283,-0.00011501557102711057
/mmfs1/gscratch/scrubbed/jsomeara/lynx/borzoi-repro/OUTPUTS/basic-model-trainseed42-trackseed42-tracks10pct,human,1058,0.29138866164336086,0.2911468044387699,0.00024185720459096727,0.8856480443236736,0.885873955867422,-0.00022591154374840272
/mmfs1/gscratch/scrubbed/jsomeara/lynx/borzoi-repro/OUTPUTS/basic-model-trainseed42-trackseed42-tracks10pct,human,1069,0.7375238473792555,0.73811294541856,-0.0005890980393045142,0.5696708668473109,0.5688096487997906,0.0008612180475203735
/mmfs1/gscratch/scrubbed/jsomeara/lynx/borzoi-repro/OUTPUTS/basic-model-trainseed42-trackseed42-tracks10pct,human,1107,0.6403920776258107,0.6387656811302728,0.001626396495537974,0.03314138378906952,0.031292589747877866,0.001848794041191655
/mmfs1/gscratch/scrubbed/jsomeara/lynx/borzoi-repro/OUTPUTS/basic-model-trainseed42-trackseed42-tracks10pct,human,1138,0.8446031636354764,0.8470781999360981,-0.0024750363006217357,0.22311826044795594,0.2176726524839741,0.00544560796398183
/mmfs1/gscratch/scrubbed/jsomeara/lynx/borzoi-repro/OUTPUTS/basic-model-trainseed42-trackseed42-tracks10pct,human,1141,0.68509596529024,0.6883470561210547,-0.0032510908308147624,0.42191321039857865,0.41818862194584194,0.00372458845273671
/mmfs1/gscratch/scrubbed/jsomeara/lynx/borzoi-repro/OUTPUTS/basic-model-trainseed42-trackseed42-tracks10pct,human,1144,0.7986791621596181,0.7988230815961809,-0.00014391943656277828,0.21007142904936552,0.21043048276254483,-0.0003590537131793192
/mmfs1/gscratch/scrubbed/jsomeara/lynx/borzoi-repro/OUTPUTS/basic-model-trainseed42-trackseed42-tracks10pct,human,1146,0.6388570945786626,0.6437877271862565,-0.0049306326075939655,0.4919826287588824,0.4897715808857218,0.0022110478731605654
/mmfs1/gscratch/scrubbed/jsomeara/lynx/borzoi-repro/OUTPUTS/basic-model-trainseed42-trackseed42-tracks10pct,human,1159,0.8284386442243464,0.8316560936366362,-0.0032174494122897412,0.30656818152633053,0.3033747056392415,0.0031934758870890145
/mmfs1/gscratch/scrubbed/jsomeara/lynx/borzoi-repro/OUTPUTS/basic-model-trainseed42-trackseed42-tracks10pct,human,1162,0.8302373076290376,0.8318758363021636,-0.0016385286731259718,0.27911342950654117,0.27602285632887136,0.0030905731776698087
/mmfs1/gscratch/scrubbed/jsomeara/lynx/borzoi-repro/OUTPUTS/basic-model-trainseed42-trackseed42-tracks10pct,human,1167,0.8828231218392047,0.883187394060433,-0.00036427222122825675,-1.59284956939517,-1.5960254561311986,0.0031758867360285326
/mmfs1/gscratch/scrubbed/jsomeara/lynx/borzoi-repro/OUTPUTS/basic-model-trainseed42-trackseed42-tracks10pct,human,1168,0.8466526810763092,0.8505720790099423,-0.003919397933633051,0.11717652992843128,0.11274504923024643,0.004431480698184845
/mmfs1/gscratch/scrubbed/jsomeara/lynx/borzoi-repro/OUTPUTS/basic-model-trainseed42-trackseed42-tracks10pct,human,1176,0.8748266102921597,0.8741461980037217,0.0006804122884379593,-0.6833530289424236,-0.6828536638373821,-0.0004993651050414494
/mmfs1/gscratch/scrubbed/jsomeara/lynx/borzoi-repro/OUTPUTS/basic-model-trainseed42-trackseed42-tracks10pct,human,1194,0.8815811108946898,0.8817148836837615,-0.00013377278907167334,-1.516419309133204,-1.5181029160879824,0.0016836069547783161
/mmfs1/gscratch/scrubbed/jsomeara/lynx/borzoi-repro/OUTPUTS/basic-model-trainseed42-trackseed42-tracks10pct,human,1213,0.8280044679027685,0.8316635926215876,-0.003659124718819129,0.3228907989468924,0.3151226362088711,0.007768162738021278
/mmfs1/gscratch/scrubbed/jsomeara/lynx/borzoi-repro/OUTPUTS/basic-model-trainseed42-trackseed42-tracks10pct,human,1218,0.8213381806432756,0.8205142841920161,0.0008238964512594649,-0.9013385469789603,-0.9004795087678168,-0.0008590382111435257
/mmfs1/gscratch/scrubbed/jsomeara/lynx/borzoi-repro/OUTPUTS/basic-model-trainseed42-trackseed42-tracks10pct,human,1223,0.8012657061551213,0.8024777464857697,-0.0012120403306484784,0.34563239907231025,0.34445737740756116,0.0011750216647490874
/mmfs1/gscratch/scrubbed/jsomeara/lynx/borzoi-repro/OUTPUTS/basic-model-trainseed42-trackseed42-tracks10pct,human,1238,0.8638605442492275,0.8642294839913607,-0.0003689397421331453,-1.1306563567999945,-1.1328147405105424,0.0021583837105478842
/mmfs1/gscratch/scrubbed/jsomeara/lynx/borzoi-repro/OUTPUTS/basic-model-trainseed42-trackseed42-tracks10pct,human,1243,0.5918343750494435,0.5928449276302361,-0.001010552580792634,0.7989675808772512,0.7990048082725187,-3.722739526756946e-05
/mmfs1/gscratch/scrubbed/jsomeara/lynx/borzoi-repro/OUTPUTS/basic-model-trainseed42-trackseed42-tracks10pct,human,1251,0.5232837459549694,0.5217077548957114,0.0015759910592579862,0.7933777769999526,0.7939031877656095,-0.0005254107656569307
/mmfs1/gscratch/scrubbed/jsomeara/lynx/borzoi-repro/OUTPUTS/basic-model-trainseed42-trackseed42-tracks10pct,human,1261,0.5446896988952147,0.5398612795063407,0.004828419388874017,0.7856298689766672,0.7869009403003485,-0.0012710713236813165
/mmfs1/gscratch/scrubbed/jsomeara/lynx/borzoi-repro/OUTPUTS/basic-model-trainseed42-trackseed42-tracks10pct,human,1263,0.5897541800980458,0.5890151363016526,0.0007390437963932239,0.5365847038517482,0.5358901909831552,0.0006945128685930113
/mmfs1/gscratch/scrubbed/jsomeara/lynx/borzoi-repro/OUTPUTS/basic-model-trainseed42-trackseed42-tracks10pct,human,1272,0.4790334254171041,0.47888853901984485,0.00014488639725923624,0.8146424460058254,0.814405116534983,0.00023732947084231792
/mmfs1/gscratch/scrubbed/jsomeara/lynx/borzoi-repro/OUTPUTS/basic-model-trainseed42-trackseed42-tracks10pct,human,1279,0.46280432361082696,0.4619139876342996,0.0008903359765273788,0.8398736028400448,0.8412707846458056,-0.001397181805760872
/mmfs1/gscratch/scrubbed/jsomeara/lynx/borzoi-repro/OUTPUTS/basic-model-trainseed42-trackseed42-tracks10pct,human,1280,0.47717219421555657,0.4741567493508137,0.0030154448647428667,0.824423663117544,0.8270803494571074,-0.0026566863395633966
/mmfs1/gscratch/scrubbed/jsomeara/lynx/borzoi-repro/OUTPUTS/basic-model-trainseed42-trackseed42-tracks10pct,human,1281,0.3681659529527441,0.36469783674583506,0.0034681162069090665,0.8528310412042577,0.8549160744839828,-0.0020850332797250903
/mmfs1/gscratch/scrubbed/jsomeara/lynx/borzoi-repro/OUTPUTS/basic-model-trainseed42-trackseed42-tracks10pct,human,1289,0.6407840750602842,0.6392469662677147,0.0015371087925695193,0.7262841084516006,0.727775216475306,-0.0014911080237053342
/mmfs1/gscratch/scrubbed/jsomeara/lynx/borzoi-repro/OUTPUTS/basic-model-trainseed42-trackseed42-tracks10pct,human,1293,0.4211177889363071,0.4212331170692575,-0.00011532813295039857,0.8503923959017431,0.8514765571541272,-0.001084161252384086
/mmfs1/gscratch/scrubbed/jsomeara/lynx/borzoi-repro/OUTPUTS/basic-model-trainseed42-trackseed42-tracks10pct,human,1295,0.4829746420448105,0.4828483503876741,0.00012629165713640145,0.7341334144488316,0.7342034640402766,-7.004959144496503e-05
/mmfs1/gscratch/scrubbed/jsomeara/lynx/borzoi-repro/OUTPUTS/basic-model-trainseed42-trackseed42-tracks10pct,human,1298,0.5831326528154939,0.5815569250523251,0.0015757277631687217,0.7915550609027072,0.7926993467295733,-0.0011442858268660983
/mmfs1/gscratch/scrubbed/jsomeara/lynx/borzoi-repro/OUTPUTS/basic-model-trainseed42-trackseed42-tracks10pct,human,1302,0.5914864003849855,0.5676223559355094,0.023864044449476096,0.7611752179474865,0.7650264647833549,-0.0038512468358683494
/mmfs1/gscratch/scrubbed/jsomeara/lynx/borzoi-repro/OUTPUTS/basic-model-trainseed42-trackseed42-tracks10pct,human,1314,0.733871395968339,0.7333274238391017,0.0005439721292372912,0.6260713115387174,0.6258965964226569,0.0001747151160604865
/mmfs1/gscratch/scrubbed/jsomeara/lynx/borzoi-repro/OUTPUTS/basic-model-trainseed42-trackseed42-tracks10pct,human,1316,0.669316833474061,0.547794287184018,0.121522546290043,0.6575327789968584,0.7053439133524168,-0.04781113435555839
/mmfs1/gscratch/scrubbed/jsomeara/lynx/borzoi-repro/OUTPUTS/basic-model-trainseed42-trackseed42-tracks10pct,human,1324,0.7127229538120154,0.6759954618639148,0.036727491948100655,0.38632964811428927,0.40968638507572497,-0.023356736961435698
/mmfs1/gscratch/scrubbed/jsomeara/lynx/borzoi-repro/OUTPUTS/basic-model-trainseed42-trackseed42-tracks10pct,human,1332,0.7233857703404141,0.7064244007665347,0.016961369573879392,0.3339370960415877,0.3461864314674744,-0.012249335425886687
/mmfs1/gscratch/scrubbed/jsomeara/lynx/borzoi-repro/OUTPUTS/basic-model-trainseed42-trackseed42-tracks10pct,human,1335,0.5709491912183001,0.5659491628833044,0.0050000283349956876,0.7298348646537377,0.7329109203948958,-0.0030760557411581013
/mmfs1/gscratch/scrubbed/jsomeara/lynx/borzoi-repro/OUTPUTS/basic-model-trainseed42-trackseed42-tracks10pct,human,1339,0.41061437942472423,0.4080170393543823,0.0025973400703419025,0.8658717836857824,0.8686840287388311,-0.0028122450530486676
/mmfs1/gscratch/scrubbed/jsomeara/lynx/borzoi-repro/OUTPUTS/basic-model-trainseed42-trackseed42-tracks10pct,human,1346,0.4526163607397385,0.45205084664234924,0.0005655140973892525,0.8707997928962069,0.8737238662222531,-0.0029240733260461615
/mmfs1/gscratch/scrubbed/jsomeara/lynx/borzoi-repro/OUTPUTS/basic-model-trainseed42-trackseed42-tracks10pct,human,1352,0.5060331465378096,0.5045918684200537,0.001441278117755962,0.8143362105368456,0.8156059324930924,-0.001269721956246861
/mmfs1/gscratch/scrubbed/jsomeara/lynx/borzoi-repro/OUTPUTS/basic-model-trainseed42-trackseed42-tracks10pct,human,1360,0.5098439915646731,0.5097659612532378,7.803031143527317e-05,0.8276445456799967,0.8293544026324183,-0.0017098569524216511
/mmfs1/gscratch/scrubbed/jsomeara/lynx/borzoi-repro/OUTPUTS/basic-model-trainseed42-trackseed42-tracks10pct,human,1365,0.4343836304046823,0.43348074704670964,0.0009028833579726725,0.8328253358183019,0.8354014852802513,-0.002576149461949395
/mmfs1/gscratch/scrubbed/jsomeara/lynx/borzoi-repro/OUTPUTS/basic-model-trainseed42-trackseed42-tracks10pct,human,1369,0.5654517979777564,0.5583666022327203,0.007085195745036077,0.8137270393330456,0.8160189357686849,-0.002291896435639318
/mmfs1/gscratch/scrubbed/jsomeara/lynx/borzoi-repro/OUTPUTS/basic-model-trainseed42-trackseed42-tracks10pct,human,1371,0.8122584718007494,0.8160197631529361,-0.003761291352186724,0.5235707057179708,0.5212639703915356,0.0023067353264352164
/mmfs1/gscratch/scrubbed/jsomeara/lynx/borzoi-repro/OUTPUTS/basic-model-trainseed42-trackseed42-tracks10pct,human,1373,0.5390466632624538,0.5389675527022306,7.9110560223139e-05,0.8188336820487947,0.8191853299811096,-0.00035164793231490243
/mmfs1/gscratch/scrubbed/jsomeara/lynx/borzoi-repro/OUTPUTS/basic-model-trainseed42-trackseed42-tracks10pct,human,1397,0.5060375944586296,0.504346197705669,0.0016913967529605944,0.8009495970879724,0.800690384771386,0.0002592123165864324
/mmfs1/gscratch/scrubbed/jsomeara/lynx/borzoi-repro/OUTPUTS/basic-model-trainseed42-trackseed42-tracks10pct,human,1400,0.6836072451088351,0.6834619047954567,0.00014534031337842812,0.5233837441570053,0.5251669101092529,-0.0017831659522475896
/mmfs1/gscratch/scrubbed/jsomeara/lynx/borzoi-repro/OUTPUTS/basic-model-trainseed42-trackseed42-tracks10pct,human,1407,0.6005207039031696,0.6029110550383067,-0.002390351135137081,0.663497382687735,0.664322515343064,-0.0008251326553290195
/mmfs1/gscratch/scrubbed/jsomeara/lynx/borzoi-repro/OUTPUTS/basic-model-trainseed42-trackseed42-tracks10pct,human,1424,0.3648622777945315,0.3644702486197776,0.000392029174753894,0.8292264109451448,0.8295641403009772,-0.0003377293558324279
/mmfs1/gscratch/scrubbed/jsomeara/lynx/borzoi-repro/OUTPUTS/basic-model-trainseed42-trackseed42-tracks10pct,human,1435,0.4981299543887445,0.4957702117687968,0.0023597426199477023,0.7295054150713405,0.7265190283192587,0.0029863867520817378
/mmfs1/gscratch/scrubbed/jsomeara/lynx/borzoi-repro/OUTPUTS/basic-model-trainseed42-trackseed42-tracks10pct,human,1436,0.4955450385135015,0.49524511741379185,0.00029992109970966574,0.6667404093311761,0.6682864632987868,-0.001546053967610761
/mmfs1/gscratch/scrubbed/jsomeara/lynx/borzoi-repro/OUTPUTS/basic-model-trainseed42-trackseed42-tracks10pct,human,1439,0.6134916669388897,0.6122321906904449,0.0012594762484448019,0.684997459471464,0.686482106157725,-0.0014846466862610264
/mmfs1/gscratch/scrubbed/jsomeara/lynx/borzoi-repro/OUTPUTS/basic-model-trainseed42-trackseed42-tracks10pct,human,1446,0.49093864758767036,0.4956698035697487,-0.00473115598207835,0.7557890593551653,0.7505987959647247,0.005190263390440597
/mmfs1/gscratch/scrubbed/jsomeara/lynx/borzoi-repro/OUTPUTS/basic-model-trainseed42-trackseed42-tracks10pct,human,1450,0.6903966844090134,0.6872613682800497,0.003135316128963672,0.5059189403682551,0.5065286979850704,-0.0006097576168152541
/mmfs1/gscratch/scrubbed/jsomeara/lynx/borzoi-repro/OUTPUTS/basic-model-trainseed42-trackseed42-tracks10pct,human,1463,0.8217128684555376,0.8218128199330714,-9.995147753383282e-05,-0.6651563375953885,-0.6652748681250714,0.00011853052968291422
/mmfs1/gscratch/scrubbed/jsomeara/lynx/borzoi-repro/OUTPUTS/basic-model-trainseed42-trackseed42-tracks10pct,human,1473,0.4789185104789902,0.4788385582610637,7.995221792650442e-05,0.8146046716632664,0.8148331034623784,-0.0002284317991119167
/mmfs1/gscratch/scrubbed/jsomeara/lynx/borzoi-repro/OUTPUTS/basic-model-trainseed42-trackseed42-tracks10pct,human,1486,0.5344717967133509,0.535054720630192,-0.000582923916841116,0.7357854785862203,0.7363098463118699,-0.000524367725649566
/mmfs1/gscratch/scrubbed/jsomeara/lynx/borzoi-repro/OUTPUTS/basic-model-trainseed42-trackseed42-tracks10pct,human,1497,0.7954348863874683,0.7952015930395121,0.00023329334795618717,0.6047943014693362,0.6045487530158262,0.00024554845350999166
/mmfs1/gscratch/scrubbed/jsomeara/lynx/borzoi-repro/OUTPUTS/basic-model-trainseed42-trackseed42-tracks10pct,human,1507,0.41238694880134336,0.414103861742975,-0.001716912941631621,0.8718809221911871,0.871336830597396,0.0005440915937910962
/mmfs1/gscratch/scrubbed/jsomeara/lynx/borzoi-repro/OUTPUTS/basic-model-trainseed42-trackseed42-tracks10pct,human,1520,0.6306955150495747,0.6346621816587869,-0.003966666609212188,0.47395934665123224,0.47269453074020534,0.0012648159110268953
/mmfs1/gscratch/scrubbed/jsomeara/lynx/borzoi-repro/OUTPUTS/basic-model-trainseed42-trackseed42-tracks10pct,human,1525,0.49031980661160796,0.48729993827788987,0.00301986833371809,0.7783185132726921,0.7787457825471704,-0.00042726927447833685
/mmfs1/gscratch/scrubbed/jsomeara/lynx/borzoi-repro/OUTPUTS/basic-model-trainseed42-trackseed42-tracks10pct,human,1547,0.7111817554999396,0.7047876455382096,0.006394109961729955,0.6755296922080635,0.6771210333853643,-0.0015913411773008646
/mmfs1/gscratch/scrubbed/jsomeara/lynx/borzoi-repro/OUTPUTS/basic-model-trainseed42-trackseed42-tracks10pct,human,1559,0.4815115117610331,0.4874434002773557,-0.005931888516322648,0.7337756943950164,0.7263198963086928,0.007455798086323684
/mmfs1/gscratch/scrubbed/jsomeara/lynx/borzoi-repro/OUTPUTS/basic-model-trainseed42-trackseed42-tracks10pct,human,1577,0.605817132211585,0.6067973458058339,-0.0009802135942489354,0.4786087542240784,0.4787777615075013,-0.00016900728342289506
/mmfs1/gscratch/scrubbed/jsomeara/lynx/borzoi-repro/OUTPUTS/basic-model-trainseed42-trackseed42-tracks10pct,human,1578,0.3933109900301488,0.4157015259207296,-0.02239053589058082,0.8731949612496562,0.8716653542578742,0.001529606991782062
/mmfs1/gscratch/scrubbed/jsomeara/lynx/borzoi-repro/OUTPUTS/basic-model-trainseed42-trackseed42-tracks10pct,human,1590,0.6843671264067269,0.6850071548185015,-0.0006400284117745736,0.772172558645112,0.7733756524215898,-0.0012030937764777594
/mmfs1/gscratch/scrubbed/jsomeara/lynx/borzoi-repro/OUTPUTS/basic-model-trainseed42-trackseed42-tracks10pct,human,1596,0.7877950376296011,0.3852204313754567,0.40257460625414443,0.6548650704519885,0.808136397845786,-0.15327132739379745
/mmfs1/gscratch/scrubbed/jsomeara/lynx/borzoi-repro/OUTPUTS/basic-model-trainseed42-trackseed42-tracks10pct,human,1617,0.8369480126371214,0.8338028701929645,0.0031451424441568676,-0.025456859575154322,-0.023088638443330166,-0.002368221131824156
/mmfs1/gscratch/scrubbed/jsomeara/lynx/borzoi-repro/OUTPUTS/basic-model-trainseed42-trackseed42-tracks10pct,human,1632,0.6412580533929806,0.6402528365751039,0.0010052168178766863,0.4713586524514327,0.4724265730821939,-0.0010679206307611655
/mmfs1/gscratch/scrubbed/jsomeara/lynx/borzoi-repro/OUTPUTS/basic-model-trainseed42-trackseed42-tracks10pct,human,1635,0.6272233119189577,0.6270011052916453,0.0002222066273124268,0.645205697345213,0.6451023780254153,0.00010331931979778997
/mmfs1/gscratch/scrubbed/jsomeara/lynx/borzoi-repro/OUTPUTS/basic-model-trainseed42-trackseed42-tracks10pct,human,1641,0.5458105332661225,0.5477405768205905,-0.0019300435544680195,0.8217965846188079,0.8218525969265795,-5.601230777163568e-05
/mmfs1/gscratch/scrubbed/jsomeara/lynx/borzoi-repro/OUTPUTS/basic-model-trainseed42-trackseed42-tracks10pct,human,1658,0.46741529340412324,0.47127490148503637,-0.003859608080913124,0.689898835828206,0.6881528521462998,0.0017459836819061492
/mmfs1/gscratch/scrubbed/jsomeara/lynx/borzoi-repro/OUTPUTS/basic-model-trainseed42-trackseed42-tracks10pct,human,1667,0.39624502992396887,0.3969618250153932,-0.0007167950914243049,0.871607675894756,0.8719471353509478,-0.0003394594561918485
/mmfs1/gscratch/scrubbed/jsomeara/lynx/borzoi-repro/OUTPUTS/basic-model-trainseed42-trackseed42-tracks10pct,human,1676,0.43327317961152545,0.432398522617867,0.0008746569936584625,0.8521328187692478,0.8524927861591665,-0.000359967389918614
/mmfs1/gscratch/scrubbed/jsomeara/lynx/borzoi-repro/OUTPUTS/basic-model-trainseed42-trackseed42-tracks10pct,human,1689,0.7384311653692148,0.7371206461175696,0.0013105192516452702,-0.05942308175537606,-0.05987075926634895,0.0004476775109728895
/mmfs1/gscratch/scrubbed/jsomeara/lynx/borzoi-repro/OUTPUTS/basic-model-trainseed42-trackseed42-tracks10pct,human,1692,0.8900881199484975,0.8903416263499027,-0.0002535064014052013,-1.6221016304366178,-1.6191731970992174,-0.002928433337400449
/mmfs1/gscratch/scrubbed/jsomeara/lynx/borzoi-repro/OUTPUTS/basic-model-trainseed42-trackseed42-tracks10pct,human,1711,0.5444966598324125,0.5421035873342037,0.002393072498208748,0.8927582897954804,0.8974051727971295,-0.00464688300164906
/mmfs1/gscratch/scrubbed/jsomeara/lynx/borzoi-repro/OUTPUTS/basic-model-trainseed42-trackseed42-tracks10pct,human,1724,0.5931212595792453,0.5889393201984998,0.004181939380745514,0.29505263243814694,0.29950354695991327,-0.004450914521766325
/mmfs1/gscratch/scrubbed/jsomeara/lynx/borzoi-repro/OUTPUTS/basic-model-trainseed42-trackseed42-tracks10pct,human,1736,0.3761571149758733,0.37389608792231654,0.002261027053556741,0.9173931720700783,0.920708265199914,-0.003315093129835689
/mmfs1/gscratch/scrubbed/jsomeara/lynx/borzoi-repro/OUTPUTS/basic-model-trainseed42-trackseed42-tracks10pct,human,1747,0.4228079372070142,0.4284828476202374,-0.005674910413223211,0.8244424454268924,0.8243441942756059,9.825115128647699e-05
/mmfs1/gscratch/scrubbed/jsomeara/lynx/borzoi-repro/OUTPUTS/basic-model-trainseed42-trackseed42-tracks10pct,human,1749,0.5449516197613828,0.5467076355282374,-0.0017560157668545795,0.8472608333618973,0.848171305098879,-0.0009104717369816662
/mmfs1/gscratch/scrubbed/jsomeara/lynx/borzoi-repro/OUTPUTS/basic-model-trainseed42-trackseed42-tracks10pct,human,1763,0.4543201047722462,0.45039926093560895,0.003920843836637267,0.9342489584725899,0.9359329931746828,-0.0016840347020928847
/mmfs1/gscratch/scrubbed/jsomeara/lynx/borzoi-repro/OUTPUTS/basic-model-trainseed42-trackseed42-tracks10pct,human,1768,0.4670653383631725,0.46813776159602144,-0.0010724232328489514,0.8256882548379841,0.8256406736725358,4.758116544834046e-05
/mmfs1/gscratch/scrubbed/jsomeara/lynx/borzoi-repro/OUTPUTS/basic-model-trainseed42-trackseed42-tracks10pct,human,1780,0.6802550036601397,0.6787058150635319,0.0015491885966077978,0.20279183524816008,0.1960255568024045,0.006766278445755586
/mmfs1/gscratch/scrubbed/jsomeara/lynx/borzoi-repro/OUTPUTS/basic-model-trainseed42-trackseed42-tracks10pct,human,1815,0.6732521202034282,0.672678612415173,0.0005735077882551565,0.4996836566516458,0.5010087059467337,-0.0013250492950879211
/mmfs1/gscratch/scrubbed/jsomeara/lynx/borzoi-repro/OUTPUTS/basic-model-trainseed42-trackseed42-tracks10pct,human,1839,0.7256931366804052,0.7260560300185113,-0.0003628933381060184,0.6035899990601714,0.604404532655895,-0.0008145335957235877
/mmfs1/gscratch/scrubbed/jsomeara/lynx/borzoi-repro/OUTPUTS/basic-model-trainseed42-trackseed42-tracks10pct,human,1870,0.4535937111586304,0.4462825451936543,0.007311165964976107,0.8455116965912792,0.8474445827456233,-0.00193288615434406
/mmfs1/gscratch/scrubbed/jsomeara/lynx/borzoi-repro/OUTPUTS/basic-model-trainseed42-trackseed42-tracks10pct,human,1904,0.6614247672574448,0.660001781146474,0.001422986110970803,0.7184804244152828,0.7209848890787622,-0.002504464663479422
/mmfs1/gscratch/scrubbed/jsomeara/lynx/borzoi-repro/OUTPUTS/basic-model-trainseed42-trackseed42-tracks10pct,human,1913,0.606993157497361,0.5993773625584244,0.007615794938936604,0.7864286206157929,0.7876312313470785,-0.0012026107312855805
/mmfs1/gscratch/scrubbed/jsomeara/lynx/borzoi-repro/OUTPUTS/basic-model-trainseed42-trackseed42-tracks10pct,human,1921,0.6777727409110668,0.6780754734573285,-0.0003027325462617858,0.15638164456752932,0.152246376579295,0.004135267988234326
/mmfs1/gscratch/scrubbed/jsomeara/lynx/borzoi-repro/OUTPUTS/basic-model-trainseed42-trackseed42-tracks10pct,human,1925,0.5592469915000369,0.5533591582481762,0.005887833251860708,0.7139616062131323,0.7210983888432505,-0.007136782630118188
/mmfs1/gscratch/scrubbed/jsomeara/lynx/borzoi-repro/OUTPUTS/basic-model-trainseed42-trackseed42-tracks10pct,human,1931,0.5600822672031004,0.555801700810211,0.004280566392889429,0.8023867905986524,0.8031808162013234,-0.0007940256026710557
/mmfs1/gscratch/scrubbed/jsomeara/lynx/borzoi-repro/OUTPUTS/basic-model-trainseed42-trackseed42-tracks10pct,human,1932,0.717650354084796,0.7121807122528726,0.005469641831923444,0.25297947760986195,0.26434454640705773,-0.011365068797195788
/mmfs1/gscratch/scrubbed/jsomeara/lynx/borzoi-repro/OUTPUTS/basic-model-trainseed42-trackseed42-tracks10pct,human,1944,0.5478520513884575,0.5511428413470466,-0.003290789958589113,0.7200042108371837,0.7185479784289401,0.0014562324082435518
/mmfs1/gscratch/scrubbed/jsomeara/lynx/borzoi-repro/OUTPUTS/basic-model-trainseed42-trackseed42-tracks10pct,human,1957,0.682531731484181,0.6818858404416268,0.0006458910425541919,0.3974918858502947,0.3983522125249854,-0.0008603266746907146
/mmfs1/gscratch/scrubbed/jsomeara/lynx/borzoi-repro/OUTPUTS/basic-model-trainseed42-trackseed42-tracks10pct,human,1979,0.5468068685658344,0.5454891317762902,0.001317736789544166,0.6861958312581958,0.6917656426514079,-0.00556981139321211
/mmfs1/gscratch/scrubbed/jsomeara/lynx/borzoi-repro/OUTPUTS/basic-model-trainseed42-trackseed42-tracks10pct,human,1989,0.7375016564856749,0.7386011627298367,-0.0010995062441617742,0.7201786276022262,0.7199023691946507,0.0002762584075755026
/mmfs1/gscratch/scrubbed/jsomeara/lynx/borzoi-repro/OUTPUTS/basic-model-trainseed42-trackseed42-tracks10pct,human,1994,0.4414004361506896,0.43787364613651925,0.0035267900141703334,0.8400142390930202,0.8405181802177216,-0.0005039411247014236
/mmfs1/gscratch/scrubbed/jsomeara/lynx/borzoi-repro/OUTPUTS/basic-model-trainseed42-trackseed42-tracks10pct,human,2009,0.8564150919364745,0.8566105819783364,-0.0001954900418619232,-1.398875605987371,-1.397913606820727,-0.0009619991666440786
/mmfs1/gscratch/scrubbed/jsomeara/lynx/borzoi-repro/OUTPUTS/basic-model-trainseed42-trackseed42-tracks10pct,human,2013,0.37978715338086855,0.37844917679306284,0.0013379765878057115,0.9311792894490074,0.933204395203619,-0.002025105754611567
/mmfs1/gscratch/scrubbed/jsomeara/lynx/borzoi-repro/OUTPUTS/basic-model-trainseed42-trackseed42-tracks10pct,human,2019,0.5816379257362553,0.5825777845788764,-0.0009398588426211552,0.7516712033046022,0.754715494428537,-0.0030442911239347836
/mmfs1/gscratch/scrubbed/jsomeara/lynx/borzoi-repro/OUTPUTS/basic-model-trainseed42-trackseed42-tracks10pct,human,2022,0.4794648169132627,0.4780456988589522,0.0014191180543104975,0.8670396983938118,0.8697659668431125,-0.002726268449300684
/mmfs1/gscratch/scrubbed/jsomeara/lynx/borzoi-repro/OUTPUTS/basic-model-trainseed42-trackseed42-tracks10pct,human,2036,0.6422687044431002,0.6426093964789616,-0.00034069203586140073,0.6382629527956661,0.6376663732526405,0.0005965795430256104
/mmfs1/gscratch/scrubbed/jsomeara/lynx/borzoi-repro/OUTPUTS/basic-model-trainseed42-trackseed42-tracks10pct,human,2043,0.5936268797949015,0.5931616150139195,0.00046526478098196655,0.8691490538934549,0.8720852130228257,-0.002936159129370841
/mmfs1/gscratch/scrubbed/jsomeara/lynx/borzoi-repro/OUTPUTS/basic-model-trainseed42-trackseed42-tracks10pct,human,2048,0.5057720274593865,0.5050476473591033,0.0007243801002831951,0.863327677541321,0.8646446984414417,-0.0013170209001206468
/mmfs1/gscratch/scrubbed/jsomeara/lynx/borzoi-repro/OUTPUTS/basic-model-trainseed42-trackseed42-tracks10pct,human,2056,0.6124915213762662,0.6135854915569914,-0.0010939701807252122,0.4986324044428243,0.4992346465988604,-0.0006022421560361035
/mmfs1/gscratch/scrubbed/jsomeara/lynx/borzoi-repro/OUTPUTS/basic-model-trainseed42-trackseed42-tracks10pct,human,2058,0.7113792223411142,0.7119886352243071,-0.0006094128831929391,0.48339820978013287,0.4846687360125579,-0.0012705262324250177
/mmfs1/gscratch/scrubbed/jsomeara/lynx/borzoi-repro/OUTPUTS/basic-model-trainseed42-trackseed42-tracks10pct,human,2063,0.5208801165147072,0.521517407339841,-0.0006372908251337517,0.6222704349542785,0.6220550810945233,0.00021535385975512966
/mmfs1/gscratch/scrubbed/jsomeara/lynx/borzoi-repro/OUTPUTS/basic-model-trainseed42-trackseed42-tracks10pct,human,2093,0.5224380558826963,0.5224203376112496,1.7718271446698353e-05,0.8547790405662622,0.8555926897233747,-0.0008136491571124616
/mmfs1/gscratch/scrubbed/jsomeara/lynx/borzoi-repro/OUTPUTS/basic-model-trainseed42-trackseed42-tracks10pct,human,2099,0.8064282707362669,0.8088722960178553,-0.00244402528158838,0.27088491058837116,0.26878351485007995,0.002101395738291212
/mmfs1/gscratch/scrubbed/jsomeara/lynx/borzoi-repro/OUTPUTS/basic-model-trainseed42-trackseed42-tracks10pct,human,2103,0.6509731466989049,0.6477835103888236,0.0031896363100812897,-0.009606635407942187,-0.00621654241518798,-0.0033900929927542078
/mmfs1/gscratch/scrubbed/jsomeara/lynx/borzoi-repro/OUTPUTS/basic-model-trainseed42-trackseed42-tracks10pct,human,2108,0.6733620514765243,0.6699795140779353,0.0033825373985889584,0.6876981446763514,0.6904365483185058,-0.0027384036421543856
/mmfs1/gscratch/scrubbed/jsomeara/lynx/borzoi-repro/OUTPUTS/basic-model-trainseed42-trackseed42-tracks10pct,human,2115,0.47474770195644295,0.47363629628726284,0.00111140566918011,0.8679971562840192,0.8693196237740963,-0.0013224674900771394
/mmfs1/gscratch/scrubbed/jsomeara/lynx/borzoi-repro/OUTPUTS/basic-model-trainseed42-trackseed42-tracks10pct,human,2150,0.6111264153211963,0.6196124058171276,-0.00848599049593135,0.29759282543460436,0.2759686237068461,0.021624201727758252
/mmfs1/gscratch/scrubbed/jsomeara/lynx/borzoi-repro/OUTPUTS/basic-model-trainseed42-trackseed42-tracks10pct,human,2165,0.4282459844447857,0.4294268502163322,-0.0011808657715465243,0.8247663094108517,0.8241571912855643,0.0006091181252874112
/mmfs1/gscratch/scrubbed/jsomeara/lynx/borzoi-repro/OUTPUTS/basic-model-trainseed42-trackseed42-tracks10pct,human,2169,0.6926438558322454,0.6893488650677971,0.00329499076444828,0.4241875323819618,0.4244552976599116,-0.0002677652779498052
/mmfs1/gscratch/scrubbed/jsomeara/lynx/borzoi-repro/OUTPUTS/basic-model-trainseed42-trackseed42-tracks10pct,human,2171,0.5783234405588866,0.5826936886606959,-0.004370248101809304,0.665322853377548,0.661344880854311,0.003977972523237061
/mmfs1/gscratch/scrubbed/jsomeara/lynx/borzoi-repro/OUTPUTS/basic-model-trainseed42-trackseed42-tracks10pct,human,2188,0.7805363640071931,0.7828065635965621,-0.0022701995893690263,-0.5323889206272449,-0.5420912505640536,0.009702329936808751
/mmfs1/gscratch/scrubbed/jsomeara/lynx/borzoi-repro/OUTPUTS/basic-model-trainseed42-trackseed42-tracks10pct,human,2190,0.862187552915747,0.8607750338428459,0.001412519072901075,-0.6244972064651825,-0.6216122981930857,-0.0028849082720967534
/mmfs1/gscratch/scrubbed/jsomeara/lynx/borzoi-repro/OUTPUTS/basic-model-trainseed42-trackseed42-tracks10pct,human,2216,0.40763453919142856,0.4078101972218151,-0.0001756580303865496,0.8077778882347786,0.8075029381452853,0.0002749500894932977
/mmfs1/gscratch/scrubbed/jsomeara/lynx/borzoi-repro/OUTPUTS/basic-model-trainseed42-trackseed42-tracks10pct,human,2222,0.46861556988902364,0.46835332603109836,0.0002622438579252817,0.8885408067477716,0.8887603866863232,-0.00021957993855159508
/mmfs1/gscratch/scrubbed/jsomeara/lynx/borzoi-repro/OUTPUTS/basic-model-trainseed42-trackseed42-tracks10pct,human,2237,0.8196990334642381,0.8212770188014373,-0.001577985337199217,0.5999336848014731,0.5990508941003391,0.0008827907011340619
/mmfs1/gscratch/scrubbed/jsomeara/lynx/borzoi-repro/OUTPUTS/basic-model-trainseed42-trackseed42-tracks10pct,human,2243,0.7710124978207356,0.7715431685988536,-0.0005306707781180808,0.5921739912578492,0.5925450917300643,-0.00037110047221511344
/mmfs1/gscratch/scrubbed/jsomeara/lynx/borzoi-repro/OUTPUTS/basic-model-trainseed42-trackseed42-tracks10pct,human,2247,0.5948136308810215,0.5945679915764508,0.0002456393045706662,0.8015988319457098,0.8016548697270561,-5.603778134632975e-05
/mmfs1/gscratch/scrubbed/jsomeara/lynx/borzoi-repro/OUTPUTS/basic-model-trainseed42-trackseed42-tracks10pct,human,2253,0.8408208100904824,0.8402739051790475,0.0005469049114348312,0.38783759196528456,0.3875076496234158,0.000329942341868783
/mmfs1/gscratch/scrubbed/jsomeara/lynx/borzoi-repro/OUTPUTS/basic-model-trainseed42-trackseed42-tracks10pct,human,2271,0.8483731323655702,0.8495812886280325,-0.00120815626246229,0.20823446982969493,0.2055364784520085,0.0026979913776864206
/mmfs1/gscratch/scrubbed/jsomeara/lynx/borzoi-repro/OUTPUTS/basic-model-trainseed42-trackseed42-tracks10pct,human,2279,0.5646541939505294,0.5665258576999408,-0.0018716637494113897,0.8296817756317906,0.8315494873777101,-0.001867711745919487
/mmfs1/gscratch/scrubbed/jsomeara/lynx/borzoi-repro/OUTPUTS/basic-model-trainseed42-trackseed42-tracks10pct,human,2284,0.5379696501024062,0.5375491949869666,0.00042045511543953307,0.6625443084559838,0.6640612258901891,-0.0015169174342053449
/mmfs1/gscratch/scrubbed/jsomeara/lynx/borzoi-repro/OUTPUTS/basic-model-trainseed42-trackseed42-tracks10pct,human,2299,0.6700767773264432,0.6722046261704878,-0.0021278488440445997,0.5647841218041496,0.5665631405860421,-0.0017790187818924608
/mmfs1/gscratch/scrubbed/jsomeara/lynx/borzoi-repro/OUTPUTS/basic-model-trainseed42-trackseed42-tracks10pct,human,2313,0.3552007413505563,0.4047469271636175,-0.049546185813061194,0.8394538739535014,0.8354586419279003,0.0039952320256010365
/mmfs1/gscratch/scrubbed/jsomeara/lynx/borzoi-repro/OUTPUTS/basic-model-trainseed42-trackseed42-tracks10pct,human,2317,0.5971424262801702,0.5944504901279813,0.0026919361521888785,0.7611742142320319,0.7626804080879181,-0.0015061938558862398
/mmfs1/gscratch/scrubbed/jsomeara/lynx/borzoi-repro/OUTPUTS/basic-model-trainseed42-trackseed42-tracks10pct,human,2325,0.5462639059517735,0.5446066603466985,0.001657245605075075,0.656995484232669,0.6569326171612844,6.286707138458691e-05
/mmfs1/gscratch/scrubbed/jsomeara/lynx/borzoi-repro/OUTPUTS/basic-model-trainseed42-trackseed42-tracks10pct,human,2331,0.82735775960217,0.8213585057760355,0.005999253826134421,-0.7185143706222138,-0.7133116053318482,-0.005202765290365563
/mmfs1/gscratch/scrubbed/jsomeara/lynx/borzoi-repro/OUTPUTS/basic-model-trainseed42-trackseed42-tracks10pct,human,2335,0.6968097301611073,0.6991620502496443,-0.00235232008853703,0.5039751506380304,0.5021971492301553,0.001778001407875096
/mmfs1/gscratch/scrubbed/jsomeara/lynx/borzoi-repro/OUTPUTS/basic-model-trainseed42-trackseed42-tracks10pct,human,2340,0.5241951044226272,0.5251444142487274,-0.0009493098261001975,0.799857358981195,0.7993762596979483,0.0004810992832466887
/mmfs1/gscratch/scrubbed/jsomeara/lynx/borzoi-repro/OUTPUTS/basic-model-trainseed42-trackseed42-tracks10pct,human,2345,0.6816454500074475,0.6827721715200553,-0.0011267215126078423,0.6775099741762108,0.6789988489472318,-0.0014888747710209982
/mmfs1/gscratch/scrubbed/jsomeara/lynx/borzoi-repro/OUTPUTS/basic-model-trainseed42-trackseed42-tracks10pct,human,2357,0.5345419405250316,0.5315378615466321,0.0030040789783994937,0.3050007301151419,0.3087958619656383,-0.0037951318504964027
/mmfs1/gscratch/scrubbed/jsomeara/lynx/borzoi-repro/OUTPUTS/basic-model-trainseed42-trackseed42-tracks10pct,human,2365,0.5478334360962339,0.5492820440944839,-0.0014486079982499733,0.8036051654280454,0.8040306657252981,-0.0004255002972527455
/mmfs1/gscratch/scrubbed/jsomeara/lynx/borzoi-repro/OUTPUTS/basic-model-trainseed42-trackseed42-tracks10pct,human,2367,0.4986375840381941,0.49446546029110033,0.004172123747093748,0.8477705039050161,0.8485481071531653,-0.000777603248149239
/mmfs1/gscratch/scrubbed/jsomeara/lynx/borzoi-repro/OUTPUTS/basic-model-trainseed42-trackseed42-tracks10pct,human,2368,0.4806574691167322,0.4833925471899329,-0.002735078073200725,0.8023023572193683,0.801998394432719,0.0003039627866492367
/mmfs1/gscratch/scrubbed/jsomeara/lynx/borzoi-repro/OUTPUTS/basic-model-trainseed42-trackseed42-tracks10pct,human,2371,0.5641587354370969,0.5666837993794448,-0.0025250639423478605,0.555277321336164,0.5535973003890459,0.001680020947118166
/mmfs1/gscratch/scrubbed/jsomeara/lynx/borzoi-repro/OUTPUTS/basic-model-trainseed42-trackseed42-tracks10pct,human,2372,0.4334609524995137,0.4328837114409622,0.0005772410585515031,0.9096449780636643,0.9135342538635128,-0.003889275799848546
/mmfs1/gscratch/scrubbed/jsomeara/lynx/borzoi-repro/OUTPUTS/basic-model-trainseed42-trackseed42-tracks10pct,human,2378,0.4676880030361648,0.46666484036801903,0.0010231626681457828,0.9019927841599664,0.9048074528687348,-0.002814668708768342
/mmfs1/gscratch/scrubbed/jsomeara/lynx/borzoi-repro/OUTPUTS/basic-model-trainseed42-trackseed42-tracks10pct,human,2383,0.4854231378212437,0.47923622547637207,0.00618691234487162,0.7690464771475861,0.7700918448699688,-0.0010453677223827285
/mmfs1/gscratch/scrubbed/jsomeara/lynx/borzoi-repro/OUTPUTS/basic-model-trainseed42-trackseed42-tracks10pct,human,2385,0.7359855754558097,0.7316957916087732,0.004289783847036488,-0.4243635540260278,-0.42448296707790806,0.00011941305188023499
/mmfs1/gscratch/scrubbed/jsomeara/lynx/borzoi-repro/OUTPUTS/basic-model-trainseed42-trackseed42-tracks10pct,human,2390,0.7874387052381595,0.786635661411691,0.0008030438264685635,0.19418772231590462,0.19724003453152983,-0.0030523122156252136
/mmfs1/gscratch/scrubbed/jsomeara/lynx/borzoi-repro/OUTPUTS/basic-model-trainseed42-trackseed42-tracks10pct,human,2405,0.5901708874276351,0.589593634237325,0.0005772531903101008,0.6333353098639921,0.6343434771201915,-0.0010081672561993438
/mmfs1/gscratch/scrubbed/jsomeara/lynx/borzoi-repro/OUTPUTS/basic-model-trainseed42-trackseed42-tracks10pct,human,2418,0.6046867708385562,0.6045612179233273,0.0001255529152288659,0.7244799498339055,0.7242824865311879,0.00019746330271763757
/mmfs1/gscratch/scrubbed/jsomeara/lynx/borzoi-repro/OUTPUTS/basic-model-trainseed42-trackseed42-tracks10pct,human,2420,0.6779091952846363,0.6775324636254809,0.00037673165915541595,0.2808738660932881,0.28176036553741846,-0.0008864994441303287
/mmfs1/gscratch/scrubbed/jsomeara/lynx/borzoi-repro/OUTPUTS/basic-model-trainseed42-trackseed42-tracks10pct,human,2421,0.43673497173167164,0.4470167159305429,-0.010281744198871234,0.8236406362506027,0.822565357088077,0.0010752791625256997
/mmfs1/gscratch/scrubbed/jsomeara/lynx/borzoi-repro/OUTPUTS/basic-model-trainseed42-trackseed42-tracks10pct,human,2423,0.7774337835292218,0.7780795581314007,-0.0006457746021789612,0.5145816089980105,0.5138207948242047,0.0007608141738058016
/mmfs1/gscratch/scrubbed/jsomeara/lynx/borzoi-repro/OUTPUTS/basic-model-trainseed42-trackseed42-tracks10pct,human,2439,0.6487578626725169,0.6515194532484617,-0.002761590575944828,0.43380895048527635,0.4314860175328923,0.0023229329523840603
/mmfs1/gscratch/scrubbed/jsomeara/lynx/borzoi-repro/OUTPUTS/basic-model-trainseed42-trackseed42-tracks10pct,human,2456,0.42656319465912734,0.4269315041536093,-0.0003683094944819665,0.8146187518645649,0.8148813300442697,-0.0002625781797047644
/mmfs1/gscratch/scrubbed/jsomeara/lynx/borzoi-repro/OUTPUTS/basic-model-trainseed42-trackseed42-tracks10pct,human,2462,0.39550588322719515,0.3999807741027385,-0.004474890875543369,0.8850351113454257,0.8849466656839722,8.844566145349564e-05
/mmfs1/gscratch/scrubbed/jsomeara/lynx/borzoi-repro/OUTPUTS/basic-model-trainseed42-trackseed42-tracks10pct,human,2464,0.5747147549020417,0.5769492312446439,-0.0022344763426022096,0.7452168968783843,0.7442119855970385,0.0010049112813458327
/mmfs1/gscratch/scrubbed/jsomeara/lynx/borzoi-repro/OUTPUTS/basic-model-trainseed42-trackseed42-tracks10pct,human,2483,0.4913494646644117,0.49289940763009343,-0.0015499429656817276,0.8342121112586806,0.834698278242995,-0.00048616698431447336
/mmfs1/gscratch/scrubbed/jsomeara/lynx/borzoi-repro/OUTPUTS/basic-model-trainseed42-trackseed42-tracks10pct,human,2504,0.7775385743675791,0.7808221404898394,-0.0032835661222603285,-0.0032270468496738186,-0.009183728918203052,0.005956682068529234
/mmfs1/gscratch/scrubbed/jsomeara/lynx/borzoi-repro/OUTPUTS/basic-model-trainseed42-trackseed42-tracks10pct,human,2513,0.418848157918725,0.41878850676418783,5.965115453715475e-05,0.8869827274280193,0.8876580550573799,-0.0006753276293606225
/mmfs1/gscratch/scrubbed/jsomeara/lynx/borzoi-repro/OUTPUTS/basic-model-trainseed42-trackseed42-tracks10pct,human,2522,0.33109783383652613,0.31804677809188175,0.01305105574464438,0.9102886693640319,0.9194666588835847,-0.009177989519552843
/mmfs1/gscratch/scrubbed/jsomeara/lynx/borzoi-repro/OUTPUTS/basic-model-trainseed42-trackseed42-tracks10pct,human,2532,0.5003803193304521,0.4923940224923413,0.007986296838110807,0.48052854729610067,0.4855888779365012,-0.005060330640400512
/mmfs1/gscratch/scrubbed/jsomeara/lynx/borzoi-repro/OUTPUTS/basic-model-trainseed42-trackseed42-tracks10pct,human,2565,0.48345762820350663,0.4843023241358654,-0.0008446959323587522,0.8877658121938753,0.8885833120655282,-0.0008174998716529158
/mmfs1/gscratch/scrubbed/jsomeara/lynx/borzoi-repro/OUTPUTS/basic-model-trainseed42-trackseed42-tracks10pct,human,2568,0.759920534394636,0.7609080758449983,-0.0009875414503622837,0.4119217423419068,0.41848209140874354,-0.006560349066836724
/mmfs1/gscratch/scrubbed/jsomeara/lynx/borzoi-repro/OUTPUTS/basic-model-trainseed42-trackseed42-tracks10pct,human,2581,0.44698921297552385,0.4506032764585486,-0.003614063483024732,0.5720237517151496,0.5643466176859384,0.007677134029211219
/mmfs1/gscratch/scrubbed/jsomeara/lynx/borzoi-repro/OUTPUTS/basic-model-trainseed42-trackseed42-tracks10pct,human,2588,0.6944611724581896,0.6988696344500896,-0.004408461991900037,0.47649260050284215,0.47463508699485535,0.0018575135079867966
/mmfs1/gscratch/scrubbed/jsomeara/lynx/borzoi-repro/OUTPUTS/basic-model-trainseed42-trackseed42-tracks10pct,human,2597,0.5575737754110911,0.5560057833992413,0.0015679920118497614,0.7781013726374374,0.7803231505148983,-0.0022217778774609176
/mmfs1/gscratch/scrubbed/jsomeara/lynx/borzoi-repro/OUTPUTS/basic-model-trainseed42-trackseed42-tracks10pct,human,2612,0.6045484093740328,0.5942891720982653,0.010259237275767497,0.7940109696896646,0.7963159145139328,-0.00230494482426824
/mmfs1/gscratch/scrubbed/jsomeara/lynx/borzoi-repro/OUTPUTS/basic-model-trainseed42-trackseed42-tracks10pct,human,2626,0.6221650691724986,0.6174638715008461,0.004701197671652446,0.7651506191939358,0.7671562648063778,-0.0020056456124419864
/mmfs1/gscratch/scrubbed/jsomeara/lynx/borzoi-repro/OUTPUTS/basic-model-trainseed42-trackseed42-tracks10pct,human,2629,0.39379551457115425,0.3956623929217053,-0.001866878350551049,0.9079291652035556,0.9099832289140569,-0.0020540637105013193
/mmfs1/gscratch/scrubbed/jsomeara/lynx/borzoi-repro/OUTPUTS/basic-model-trainseed42-trackseed42-tracks10pct,human,2631,0.672135073439346,0.6643161592526283,0.007818914186717651,0.4225742812276485,0.4277786712662148,-0.00520439003856632
/mmfs1/gscratch/scrubbed/jsomeara/lynx/borzoi-repro/OUTPUTS/basic-model-trainseed42-trackseed42-tracks10pct,human,2632,0.4206786037935241,0.42265202857018636,-0.001973424776662236,0.8421781232162401,0.841959840219345,0.00021828299689508057
/mmfs1/gscratch/scrubbed/jsomeara/lynx/borzoi-repro/OUTPUTS/basic-model-trainseed42-trackseed42-tracks10pct,human,2635,0.45846363495443515,0.4553455971490414,0.0031180378053937696,0.9081533547713342,0.9078564767953301,0.00029687797600408405
/mmfs1/gscratch/scrubbed/jsomeara/lynx/borzoi-repro/OUTPUTS/basic-model-trainseed42-trackseed42-tracks10pct,human,2641,0.3854630258164388,0.38553998714990395,-7.69613334651309e-05,0.8198781258164374,0.8202609194482506,-0.00038279363181326076
/mmfs1/gscratch/scrubbed/jsomeara/lynx/borzoi-repro/OUTPUTS/basic-model-trainseed42-trackseed42-tracks10pct,human,2672,0.34713139945428395,0.34526797656363295,0.0018634228906510009,0.8411601147116904,0.8408987313842434,0.00026138332744696235
/mmfs1/gscratch/scrubbed/jsomeara/lynx/borzoi-repro/OUTPUTS/basic-model-trainseed42-trackseed42-tracks10pct,human,2677,0.4623613845805542,0.4593100575103602,0.00305132707019401,0.8435210391195407,0.8437810500361518,-0.00026001091661109754
/mmfs1/gscratch/scrubbed/jsomeara/lynx/borzoi-repro/OUTPUTS/basic-model-trainseed42-trackseed42-tracks10pct,human,2679,0.58816312251768,0.5797867931260776,0.008376329391602377,0.7875863255665945,0.7933790516189526,-0.005792726052358144
/mmfs1/gscratch/scrubbed/jsomeara/lynx/borzoi-repro/OUTPUTS/basic-model-trainseed42-trackseed42-tracks10pct,human,2695,0.3876299042963534,0.38519502615199797,0.0024348781443554457,0.91801060418995,0.9203464669326631,-0.002335862742713135
/mmfs1/gscratch/scrubbed/jsomeara/lynx/borzoi-repro/OUTPUTS/basic-model-trainseed42-trackseed42-tracks10pct,human,2697,0.6914567043177414,0.7063952940098074,-0.014938589692065962,0.17115250427824857,0.1596287965433946,0.011523707734853977
/mmfs1/gscratch/scrubbed/jsomeara/lynx/borzoi-repro/OUTPUTS/basic-model-trainseed42-trackseed42-tracks10pct,human,2700,0.510138241311121,0.5174828654508181,-0.0073446241396971645,0.8112669380545499,0.8123872739679705,-0.0011203359134206448
/mmfs1/gscratch/scrubbed/jsomeara/lynx/borzoi-repro/OUTPUTS/basic-model-trainseed42-trackseed42-tracks10pct,human,2724,0.5423090142702925,0.5414207209709697,0.0008882932993228287,0.7439220245284952,0.7471632554619282,-0.0032412309334329814
/mmfs1/gscratch/scrubbed/jsomeara/lynx/borzoi-repro/OUTPUTS/basic-model-trainseed42-trackseed42-tracks10pct,human,2749,0.7744280655549377,0.7782439492244622,-0.003815883669524456,-0.07468699976050187,-0.07820596528187225,0.0035189655213703763
/mmfs1/gscratch/scrubbed/jsomeara/lynx/borzoi-repro/OUTPUTS/basic-model-trainseed42-trackseed42-tracks10pct,human,2750,0.4048902001538987,0.4037266884830277,0.0011635116708710314,0.8316487534915596,0.8319077365363993,-0.0002589830448396224
/mmfs1/gscratch/scrubbed/jsomeara/lynx/borzoi-repro/OUTPUTS/basic-model-trainseed42-trackseed42-tracks10pct,human,2761,0.5557129962397894,0.5540896164000622,0.001623379839727268,0.7887442584559148,0.7912959384939127,-0.0025516800379978832
/mmfs1/gscratch/scrubbed/jsomeara/lynx/borzoi-repro/OUTPUTS/basic-model-trainseed42-trackseed42-tracks10pct,human,2762,0.4627397512290166,0.4572136019606413,0.005526149268375302,0.8801933397044202,0.8827305448489243,-0.0025372051445041732
/mmfs1/gscratch/scrubbed/jsomeara/lynx/borzoi-repro/OUTPUTS/basic-model-trainseed42-trackseed42-tracks10pct,human,2764,0.2753962767019584,0.27548874933892725,-9.247263696887664e-05,0.8221735073911556,0.8222048025903519,-3.129519919631285e-05
/mmfs1/gscratch/scrubbed/jsomeara/lynx/borzoi-repro/OUTPUTS/basic-model-trainseed42-trackseed42-tracks10pct,human,2770,0.410611081109541,0.41238815208070306,-0.001777070971162087,0.8274827992846555,0.8271644709902712,0.00031832829438427357
/mmfs1/gscratch/scrubbed/jsomeara/lynx/borzoi-repro/OUTPUTS/basic-model-trainseed42-trackseed42-tracks10pct,human,2775,0.7782240854583169,0.7780123538287189,0.00021173162959797764,0.07765091568785021,0.07807672437436408,-0.00042580868651387327
/mmfs1/gscratch/scrubbed/jsomeara/lynx/borzoi-repro/OUTPUTS/basic-model-trainseed42-trackseed42-tracks10pct,human,2776,0.6872111746117252,0.6870140045619727,0.00019717004975250418,0.49199800268262267,0.4929086439629997,-0.0009106412803770447
/mmfs1/gscratch/scrubbed/jsomeara/lynx/borzoi-repro/OUTPUTS/basic-model-trainseed42-trackseed42-tracks10pct,human,2777,0.8572369136098097,0.8572567364350947,-1.982282528500967e-05,0.05859238715758973,0.05842620725091803,0.00016617990667169846
/mmfs1/gscratch/scrubbed/jsomeara/lynx/borzoi-repro/OUTPUTS/basic-model-trainseed42-trackseed42-tracks10pct,human,2779,0.6982575880179205,0.6989817842239254,-0.0007241962060049456,0.27753647067780335,0.27622080632117896,0.0013156643566243909
/mmfs1/gscratch/scrubbed/jsomeara/lynx/borzoi-repro/OUTPUTS/basic-model-trainseed42-trackseed42-tracks10pct,human,2785,0.7289682327521165,0.7334021477613102,-0.004433915009193656,0.10943537046146073,0.10387937545458334,0.0055559950068773956
/mmfs1/gscratch/scrubbed/jsomeara/lynx/borzoi-repro/OUTPUTS/basic-model-trainseed42-trackseed42-tracks10pct,human,2791,0.837159064322579,0.8375042455835433,-0.0003451812609642779,-1.2014821163887301,-1.2092919158296986,0.00780979944096849
/mmfs1/gscratch/scrubbed/jsomeara/lynx/borzoi-repro/OUTPUTS/basic-model-trainseed42-trackseed42-tracks10pct,human,2793,0.596315165369392,0.5945304943661562,0.0017846710032357604,0.20492320336110514,0.19969254614760637,0.005230657213498774
/mmfs1/gscratch/scrubbed/jsomeara/lynx/borzoi-repro/OUTPUTS/basic-model-trainseed42-trackseed42-tracks10pct,human,2800,0.69344806563543,0.6930359084687985,0.000412157166631566,0.6265932812460937,0.626003881641032,0.0005893996050616579
/mmfs1/gscratch/scrubbed/jsomeara/lynx/borzoi-repro/OUTPUTS/basic-model-trainseed42-trackseed42-tracks10pct,human,2808,0.6904349286880489,0.6877224041066398,0.002712524581409137,0.5120039781188789,0.5129377596449798,-0.0009337815261009075
/mmfs1/gscratch/scrubbed/jsomeara/lynx/borzoi-repro/OUTPUTS/basic-model-trainseed42-trackseed42-tracks10pct,human,2810,0.45584656954898384,0.45750076460754685,-0.0016541950585630127,0.7263862476992027,0.7218662906522372,0.004519957046965506
/mmfs1/gscratch/scrubbed/jsomeara/lynx/borzoi-repro/OUTPUTS/basic-model-trainseed42-trackseed42-tracks10pct,human,2827,0.5798983779321847,0.5600902646464921,0.01980811328569254,0.6130987617866003,0.627681640033552,-0.014582878246951703
/mmfs1/gscratch/scrubbed/jsomeara/lynx/borzoi-repro/OUTPUTS/basic-model-trainseed42-trackseed42-tracks10pct,human,2856,0.7713131857448378,0.7684485359339654,0.0028646498108723106,-0.08443069678677363,-0.08540385321873872,0.0009731564319650915
/mmfs1/gscratch/scrubbed/jsomeara/lynx/borzoi-repro/OUTPUTS/basic-model-trainseed42-trackseed42-tracks10pct,human,2863,0.772870378746323,0.778503545711228,-0.005633166964905012,0.14792485011176265,0.14111872004759884,0.006806130064163807
/mmfs1/gscratch/scrubbed/jsomeara/lynx/borzoi-repro/OUTPUTS/basic-model-trainseed42-trackseed42-tracks10pct,human,2866,0.8810100642144162,0.8737624278816482,0.007247636332768037,0.25905023176110054,0.2612275383580301,-0.0021773065969295513
/mmfs1/gscratch/scrubbed/jsomeara/lynx/borzoi-repro/OUTPUTS/basic-model-trainseed42-trackseed42-tracks10pct,human,2885,0.7859532032941359,0.7887486258598534,-0.0027954225657175202,-0.2588679714389527,-0.2626534436533544,0.0037854722144017305
/mmfs1/gscratch/scrubbed/jsomeara/lynx/borzoi-repro/OUTPUTS/basic-model-trainseed42-trackseed42-tracks10pct,human,2895,0.7644309647444746,0.7615859143898343,0.0028450503546403327,0.5190602950369573,0.5213886307569624,-0.002328335720005126
/mmfs1/gscratch/scrubbed/jsomeara/lynx/borzoi-repro/OUTPUTS/basic-model-trainseed42-trackseed42-tracks10pct,human,2898,0.6180046954667444,0.6177022785041644,0.00030241696258004325,0.5850590142296004,0.5857853162606297,-0.0007263020310293022
/mmfs1/gscratch/scrubbed/jsomeara/lynx/borzoi-repro/OUTPUTS/basic-model-trainseed42-trackseed42-tracks10pct,human,2899,0.6127331389063277,0.6121449252340068,0.0005882136723209808,0.6978845128001895,0.6973304467029122,0.0005540660972772615
/mmfs1/gscratch/scrubbed/jsomeara/lynx/borzoi-repro/OUTPUTS/basic-model-trainseed42-trackseed42-tracks10pct,human,2901,0.5661995817325164,0.564357262138425,0.0018423195940914239,0.7385524805935153,0.7392524060099959,-0.0006999254164805624
/mmfs1/gscratch/scrubbed/jsomeara/lynx/borzoi-repro/OUTPUTS/basic-model-trainseed42-trackseed42-tracks10pct,human,2903,0.4679340118380953,0.46836162964050626,-0.00042761780241096226,0.8929165074041319,0.896914817001055,-0.003998309596923155
/mmfs1/gscratch/scrubbed/jsomeara/lynx/borzoi-repro/OUTPUTS/basic-model-trainseed42-trackseed42-tracks10pct,human,2909,0.39124697293926886,0.39219278844228045,-0.0009458155030115933,0.8794277157129243,0.879751741346739,-0.00032402563381461746
/mmfs1/gscratch/scrubbed/jsomeara/lynx/borzoi-repro/OUTPUTS/basic-model-trainseed42-trackseed42-tracks10pct,human,2918,0.593434270360243,0.5957421966474031,-0.0023079262871601447,0.6816389416439976,0.6775337976910025,0.004105143952995105
/mmfs1/gscratch/scrubbed/jsomeara/lynx/borzoi-repro/OUTPUTS/basic-model-trainseed42-trackseed42-tracks10pct,human,2922,0.4877254466166177,0.4849340732020734,0.002791373414544329,0.8677510808804699,0.8688512559434554,-0.0011001750629854312
/mmfs1/gscratch/scrubbed/jsomeara/lynx/borzoi-repro/OUTPUTS/basic-model-trainseed42-trackseed42-tracks10pct,human,2969,0.4664464576544465,0.4655359415340947,0.0009105161203517564,0.857865048114413,0.8594007643048293,-0.0015357161904162586
/mmfs1/gscratch/scrubbed/jsomeara/lynx/borzoi-repro/OUTPUTS/basic-model-trainseed42-trackseed42-tracks10pct,human,2998,0.540301817181556,0.5224604146248675,0.017841402556688535,0.70469887053331,0.7136400906530723,-0.008941220119762283
/mmfs1/gscratch/scrubbed/jsomeara/lynx/borzoi-repro/OUTPUTS/basic-model-trainseed42-trackseed42-tracks10pct,human,3017,0.8606232341617032,0.8600351226666345,0.000588111495068655,-0.5514929182502242,-0.5499695842677083,-0.0015233339825159176
/mmfs1/gscratch/scrubbed/jsomeara/lynx/borzoi-repro/OUTPUTS/basic-model-trainseed42-trackseed42-tracks10pct,human,3019,0.6478389671415893,0.646559080009922,0.0012798871316672678,0.7062284121179209,0.7083545211683057,-0.0021261090503847946
/mmfs1/gscratch/scrubbed/jsomeara/lynx/borzoi-repro/OUTPUTS/basic-model-trainseed42-trackseed42-tracks10pct,human,3022,0.6027361528710639,0.6038025677377014,-0.0010664148666374995,0.7154011455683245,0.7168601042131125,-0.0014589586447880665
/mmfs1/gscratch/scrubbed/jsomeara/lynx/borzoi-repro/OUTPUTS/basic-model-trainseed42-trackseed42-tracks10pct,human,3072,0.5428853372225573,0.5377787213050467,0.005106615917510604,0.5798714986659509,0.5869774035554064,-0.0071059048894555055
/mmfs1/gscratch/scrubbed/jsomeara/lynx/borzoi-repro/OUTPUTS/basic-model-trainseed42-trackseed42-tracks10pct,human,3078,0.6082759025562163,0.4586026326349051,0.14967326992131125,0.8749197915800982,0.8957651732157721,-0.020845381635673843
/mmfs1/gscratch/scrubbed/jsomeara/lynx/borzoi-repro/OUTPUTS/basic-model-trainseed42-trackseed42-tracks10pct,human,3094,0.4350033291096127,0.4315611599851045,0.0034421691245081765,0.9191225090847894,0.9222475441427507,-0.003125035057961245
/mmfs1/gscratch/scrubbed/jsomeara/lynx/borzoi-repro/OUTPUTS/basic-model-trainseed42-trackseed42-tracks10pct,human,3101,0.6323363381926352,0.631919528444594,0.00041680974804125803,0.7839883154480553,0.7846792486245775,-0.000690933176522246
/mmfs1/gscratch/scrubbed/jsomeara/lynx/borzoi-repro/OUTPUTS/basic-model-trainseed42-trackseed42-tracks10pct,human,3126,0.510583506339322,0.5121145588877734,-0.001531052548451317,0.8361806343605058,0.8346169516076922,0.0015636827528136
/mmfs1/gscratch/scrubbed/jsomeara/lynx/borzoi-repro/OUTPUTS/basic-model-trainseed42-trackseed42-tracks10pct,human,3135,0.42743397118524173,0.42496543702132006,0.0024685341639216762,0.1737322106824503,0.20250657373419464,-0.028774363051744356
/mmfs1/gscratch/scrubbed/jsomeara/lynx/borzoi-repro/OUTPUTS/basic-model-trainseed42-trackseed42-tracks10pct,human,3139,0.6275830617687737,0.6282213312206737,-0.000638269451900042,0.5098424355029529,0.5099175657449623,-7.513024200933582e-05
/mmfs1/gscratch/scrubbed/jsomeara/lynx/borzoi-repro/OUTPUTS/basic-model-trainseed42-trackseed42-tracks10pct,human,3148,0.5437756557014276,0.5414164619925179,0.0023591937089096904,0.6915153232378571,0.6938241295293911,-0.0023088062915339602
/mmfs1/gscratch/scrubbed/jsomeara/lynx/borzoi-repro/OUTPUTS/basic-model-trainseed42-trackseed42-tracks10pct,human,3154,0.73434992009355,0.7346687428587216,-0.00031882276517158914,0.7495233398528167,0.7497352373201395,-0.0002118974673227525
/mmfs1/gscratch/scrubbed/jsomeara/lynx/borzoi-repro/OUTPUTS/basic-model-trainseed42-trackseed42-tracks10pct,human,3158,0.2969116757001885,0.29495029923724897,0.0019613764629395347,0.8104059987532686,0.8101641227660035,0.0002418759872651055
/mmfs1/gscratch/scrubbed/jsomeara/lynx/borzoi-repro/OUTPUTS/basic-model-trainseed42-trackseed42-tracks10pct,human,3164,0.7091890115991795,0.7124149361122689,-0.003225924513089451,-0.11556305535291142,-0.11607192077747676,0.0005088654245653385
/mmfs1/gscratch/scrubbed/jsomeara/lynx/borzoi-repro/OUTPUTS/basic-model-trainseed42-trackseed42-tracks10pct,human,3173,0.5242459389221157,0.5247376079665115,-0.0004916690443957927,0.7717625067355802,0.7714949499956136,0.00026755673996659013
/mmfs1/gscratch/scrubbed/jsomeara/lynx/borzoi-repro/OUTPUTS/basic-model-trainseed42-trackseed42-tracks10pct,human,3193,0.6314579154888013,0.6321404262306746,-0.0006825107418733101,0.4051319477726123,0.4045226323660571,0.0006093154065551776
/mmfs1/gscratch/scrubbed/jsomeara/lynx/borzoi-repro/OUTPUTS/basic-model-trainseed42-trackseed42-tracks10pct,human,3199,0.6833816327546649,0.682984376275226,0.00039725647943889,0.6369096248220223,0.6374168241291155,-0.0005071993070931979
/mmfs1/gscratch/scrubbed/jsomeara/lynx/borzoi-repro/OUTPUTS/basic-model-trainseed42-trackseed42-tracks10pct,human,3218,0.4696430378498747,0.4693093813026078,0.00033365654726691396,0.6031141090654059,0.6035512452011451,-0.0004371361357392578
/mmfs1/gscratch/scrubbed/jsomeara/lynx/borzoi-repro/OUTPUTS/basic-model-trainseed42-trackseed42-tracks10pct,human,3232,0.4924181303998332,0.48850477028986666,0.003913360109966513,0.4529234242613893,0.45479897077920856,-0.0018755465178192376
/mmfs1/gscratch/scrubbed/jsomeara/lynx/borzoi-repro/OUTPUTS/basic-model-trainseed42-trackseed42-tracks10pct,human,3233,0.8623820982272951,0.8616088156346043,0.0007732825926907161,-0.5651801115867925,-0.5671417983040542,0.0019616867172617125
/mmfs1/gscratch/scrubbed/jsomeara/lynx/borzoi-repro/OUTPUTS/basic-model-trainseed42-trackseed42-tracks10pct,human,3274,0.53305633837477,0.5330550384997158,1.2998750541504123e-06,0.7722802863865734,0.773198503318254,-0.0009182169316805933
/mmfs1/gscratch/scrubbed/jsomeara/lynx/borzoi-repro/OUTPUTS/basic-model-trainseed42-trackseed42-tracks10pct,human,3282,0.7586885067076369,0.7569330916379351,0.0017554150697017823,0.1469685937894338,0.15103814541218635,-0.0040695516227525486
/mmfs1/gscratch/scrubbed/jsomeara/lynx/borzoi-repro/OUTPUTS/basic-model-trainseed42-trackseed42-tracks10pct,human,3297,0.5216094209655053,0.51921050312988,0.0023989178356252916,0.8489767934679162,0.8501866260328225,-0.0012098325649062547
/mmfs1/gscratch/scrubbed/jsomeara/lynx/borzoi-repro/OUTPUTS/basic-model-trainseed42-trackseed42-tracks10pct,human,3301,0.2982988765571272,0.2966842963827717,0.0016145801743555066,0.7946491196257752,0.7950552469720641,-0.0004061273462888648
/mmfs1/gscratch/scrubbed/jsomeara/lynx/borzoi-repro/OUTPUTS/basic-model-trainseed42-trackseed42-tracks10pct,human,3334,0.7758559089475534,0.7775774299368893,-0.0017215209893358674,0.059553821563572924,0.06719237623633764,-0.007638554672764718
/mmfs1/gscratch/scrubbed/jsomeara/lynx/borzoi-repro/OUTPUTS/basic-model-trainseed42-trackseed42-tracks10pct,human,3339,0.6014404556223397,0.5983528461966736,0.0030876094256661046,0.5832859740913635,0.5833647495645483,-7.877547318480005e-05
/mmfs1/gscratch/scrubbed/jsomeara/lynx/borzoi-repro/OUTPUTS/basic-model-trainseed42-trackseed42-tracks10pct,human,3343,0.5614700370755494,0.5685901883140364,-0.007120151238486971,0.7398828776845504,0.7379799466427527,0.0019029310417977285
/mmfs1/gscratch/scrubbed/jsomeara/lynx/borzoi-repro/OUTPUTS/basic-model-trainseed42-trackseed42-tracks10pct,human,3345,0.6974488045719848,0.6967665694942031,0.0006822350777816455,0.534538063274671,0.5380899665489888,-0.003551903274317758
/mmfs1/gscratch/scrubbed/jsomeara/lynx/borzoi-repro/OUTPUTS/basic-model-trainseed42-trackseed42-tracks10pct,human,3358,0.8419818351868705,0.8419780151682428,3.8200186277537185e-06,0.39590694475403093,0.3957312081493445,0.00017573660468644947
/mmfs1/gscratch/scrubbed/jsomeara/lynx/borzoi-repro/OUTPUTS/basic-model-trainseed42-trackseed42-tracks10pct,human,3368,0.47463494270685014,0.4729019961841989,0.001732946522651213,0.8960256812676881,0.8998390718519291,-0.0038133905842410165
/mmfs1/gscratch/scrubbed/jsomeara/lynx/borzoi-repro/OUTPUTS/basic-model-trainseed42-trackseed42-tracks10pct,human,3393,0.8492832986799218,0.8494374593530067,-0.00015416067308493542,0.23624186099978536,0.2353719221026166,0.0008699388971687705
/mmfs1/gscratch/scrubbed/jsomeara/lynx/borzoi-repro/OUTPUTS/basic-model-trainseed42-trackseed42-tracks10pct,human,3394,0.7156375315464851,0.7154080484932805,0.00022948305320458218,0.021329468930163957,0.020146943570042427,0.00118252536012153
/mmfs1/gscratch/scrubbed/jsomeara/lynx/borzoi-repro/OUTPUTS/basic-model-trainseed42-trackseed42-tracks10pct,human,3397,0.47058710059263587,0.4672944220646496,0.003292678527986259,0.9374837506988404,0.9414546907928085,-0.003970940093968145
/mmfs1/gscratch/scrubbed/jsomeara/lynx/borzoi-repro/OUTPUTS/basic-model-trainseed42-trackseed42-tracks10pct,human,3401,0.660394573254903,0.6603747188872722,1.9854367630856018e-05,0.510221088520947,0.5105294783982968,-0.0003083898773497129
/mmfs1/gscratch/scrubbed/jsomeara/lynx/borzoi-repro/OUTPUTS/basic-model-trainseed42-trackseed42-tracks10pct,human,3405,0.4639504142739869,0.4617704414972628,0.002179972776724104,0.9210090383051797,0.9242471397626646,-0.003238101457484932
/mmfs1/gscratch/scrubbed/jsomeara/lynx/borzoi-repro/OUTPUTS/basic-model-trainseed42-trackseed42-tracks10pct,human,3408,0.567410469521121,0.5671455330171034,0.00026493650401759883,0.8082630162153454,0.8084712772676591,-0.0002082610523137518
/mmfs1/gscratch/scrubbed/jsomeara/lynx/borzoi-repro/OUTPUTS/basic-model-trainseed42-trackseed42-tracks10pct,human,3416,0.5348008732836259,0.5361293749339378,-0.0013285016503118419,0.6987651497211353,0.6987720844422466,-6.934721111240272e-06
/mmfs1/gscratch/scrubbed/jsomeara/lynx/borzoi-repro/OUTPUTS/basic-model-trainseed42-trackseed42-tracks10pct,human,3419,0.6742508706818838,0.6799579050164407,-0.005707034334556882,0.6100785860854414,0.6058025373156387,0.004276048769802698
/mmfs1/gscratch/scrubbed/jsomeara/lynx/borzoi-repro/OUTPUTS/basic-model-trainseed42-trackseed42-tracks10pct,human,3432,0.7252954128767811,0.7216517981181192,0.0036436147586619283,0.007895708152164933,0.009483263220227158,-0.0015875550680622252
/mmfs1/gscratch/scrubbed/jsomeara/lynx/borzoi-repro/OUTPUTS/basic-model-trainseed42-trackseed42-tracks10pct,human,3437,0.642596510541972,0.6419769897654883,0.0006195207764836397,0.7563291005277335,0.756828753688976,-0.0004996531612424526
/mmfs1/gscratch/scrubbed/jsomeara/lynx/borzoi-repro/OUTPUTS/basic-model-trainseed42-trackseed42-tracks10pct,human,3444,0.6844462346280205,0.6798153313197569,0.004630903308263545,-0.10733310570177955,-0.10820156411356295,0.0008684584117834016
/mmfs1/gscratch/scrubbed/jsomeara/lynx/borzoi-repro/OUTPUTS/basic-model-trainseed42-trackseed42-tracks10pct,human,3449,0.5153338514651377,0.5070219006397682,0.008311950825369507,0.42193541534547346,0.4179289294856474,0.004006485859826048
/mmfs1/gscratch/scrubbed/jsomeara/lynx/borzoi-repro/OUTPUTS/basic-model-trainseed42-trackseed42-tracks10pct,human,3455,0.6559693701688497,0.6610207578346615,-0.005051387665811813,0.7569387190649796,0.7553759439513057,0.0015627751136738643
/mmfs1/gscratch/scrubbed/jsomeara/lynx/borzoi-repro/OUTPUTS/basic-model-trainseed42-trackseed42-tracks10pct,human,3458,0.5224384217489061,0.5192625461387177,0.0031758756101883945,0.8075294646932153,0.8089418022592898,-0.0014123375660745063
/mmfs1/gscratch/scrubbed/jsomeara/lynx/borzoi-repro/OUTPUTS/basic-model-trainseed42-trackseed42-tracks10pct,human,3467,0.6329501667634176,0.6320899606618515,0.0008602061015661189,0.7881213653713895,0.7886298583861041,-0.0005084930147145617
/mmfs1/gscratch/scrubbed/jsomeara/lynx/borzoi-repro/OUTPUTS/basic-model-trainseed42-trackseed42-tracks10pct,human,3470,0.3148464245419701,0.3158443434455536,-0.0009979189035835279,0.8300164193677625,0.8298752953170095,0.00014112405075294987
/mmfs1/gscratch/scrubbed/jsomeara/lynx/borzoi-repro/OUTPUTS/basic-model-trainseed42-trackseed42-tracks10pct,human,3491,0.3109817739953285,0.3111465738218236,-0.00016479982649508784,0.8486322924061819,0.8495415105128437,-0.0009092181066617799
/mmfs1/gscratch/scrubbed/jsomeara/lynx/borzoi-repro/OUTPUTS/basic-model-trainseed42-trackseed42-tracks10pct,human,3499,0.5005816057717728,0.5007327131929424,-0.00015110742116963838,0.7595095816084,0.7589944523990892,0.0005151292093107385
/mmfs1/gscratch/scrubbed/jsomeara/lynx/borzoi-repro/OUTPUTS/basic-model-trainseed42-trackseed42-tracks10pct,human,3502,0.8106440535021575,0.8095261786108837,0.0011178748912737957,-0.3667962135766688,-0.3667585239140088,-3.768966265998985e-05
/mmfs1/gscratch/scrubbed/jsomeara/lynx/borzoi-repro/OUTPUTS/basic-model-trainseed42-trackseed42-tracks10pct,human,3503,0.6228025558653535,0.6152867633290883,0.00751579253626522,0.8076020072972516,0.8093110929592339,-0.0017090856619822459
/mmfs1/gscratch/scrubbed/jsomeara/lynx/borzoi-repro/OUTPUTS/basic-model-trainseed42-trackseed42-tracks10pct,human,3531,0.556655482684015,0.556459086736207,0.0001963959478079591,0.7014230299802529,0.7022539454180252,-0.0008309154377723615
/mmfs1/gscratch/scrubbed/jsomeara/lynx/borzoi-repro/OUTPUTS/basic-model-trainseed42-trackseed42-tracks10pct,human,3535,0.5279360065992065,0.5246800702305943,0.003255936368612211,0.8409801519306234,0.8422355265484799,-0.0012553746178565195
/mmfs1/gscratch/scrubbed/jsomeara/lynx/borzoi-repro/OUTPUTS/basic-model-trainseed42-trackseed42-tracks10pct,human,3538,0.28608188005726154,0.28635341223607846,-0.0002715321788169245,0.8435485741249262,0.8433922844777583,0.000156289647167962
/mmfs1/gscratch/scrubbed/jsomeara/lynx/borzoi-repro/OUTPUTS/basic-model-trainseed42-trackseed42-tracks10pct,human,3544,0.4978479929191854,0.4961838102908541,0.00166418262833129,0.23932072786865033,0.24999327473515437,-0.01067254686650404
/mmfs1/gscratch/scrubbed/jsomeara/lynx/borzoi-repro/OUTPUTS/basic-model-trainseed42-trackseed42-tracks10pct,human,3547,0.7237404539265894,0.7194015177907758,0.004338936135813598,0.14946987241232082,0.15013841174036632,-0.0006685393280455032
/mmfs1/gscratch/scrubbed/jsomeara/lynx/borzoi-repro/OUTPUTS/basic-model-trainseed42-trackseed42-tracks10pct,human,3574,0.7226119441046873,0.7294837988556255,-0.006871854750938211,0.04326123167456267,0.03578036513112513,0.007480866543437534
/mmfs1/gscratch/scrubbed/jsomeara/lynx/borzoi-repro/OUTPUTS/basic-model-trainseed42-trackseed42-tracks10pct,human,3586,0.6545753016680718,0.6582952581857621,-0.0037199565176903038,0.5344311325461846,0.5312882019023835,0.0031429306438011118
/mmfs1/gscratch/scrubbed/jsomeara/lynx/borzoi-repro/OUTPUTS/basic-model-trainseed42-trackseed42-tracks10pct,human,3596,0.4846427366393371,0.4848287905968358,-0.0001860539574987108,0.7644721100035095,0.764210392622735,0.00026171738077440665
/mmfs1/gscratch/scrubbed/jsomeara/lynx/borzoi-repro/OUTPUTS/basic-model-trainseed42-trackseed42-tracks10pct,human,3603,0.8255926893520144,0.8290861320323055,-0.00349344268029117,-0.928245396267164,-0.9346003004289717,0.0063549041618077284
/mmfs1/gscratch/scrubbed/jsomeara/lynx/borzoi-repro/OUTPUTS/basic-model-trainseed42-trackseed42-tracks10pct,human,3604,0.669667038247275,0.6680576903798925,0.0016093478673825379,0.8157030016515412,0.8159805164293892,-0.00027751477784798695
/mmfs1/gscratch/scrubbed/jsomeara/lynx/borzoi-repro/OUTPUTS/basic-model-trainseed42-trackseed42-tracks10pct,human,3605,0.7618545008798827,0.7642591840540054,-0.0024046831741226793,0.6202983339016955,0.6194204413443277,0.0008778925573678098
/mmfs1/gscratch/scrubbed/jsomeara/lynx/borzoi-repro/OUTPUTS/basic-model-trainseed42-trackseed42-tracks10pct,human,3621,0.5980458127497517,0.5941124654777294,0.003933347272022214,0.8826298343518437,0.8861984243559272,-0.003568590004083494
/mmfs1/gscratch/scrubbed/jsomeara/lynx/borzoi-repro/OUTPUTS/basic-model-trainseed42-trackseed42-tracks10pct,human,3623,0.6851235922135351,0.6852207296532455,-9.713743971040412e-05,0.7698333585256488,0.7692341315436461,0.0005992269820027651
/mmfs1/gscratch/scrubbed/jsomeara/lynx/borzoi-repro/OUTPUTS/basic-model-trainseed42-trackseed42-tracks10pct,human,3625,0.6830680442020928,0.6791098868164492,0.003958157385643535,0.7647257100099877,0.7686553558197445,-0.003929645809756854
/mmfs1/gscratch/scrubbed/jsomeara/lynx/borzoi-repro/OUTPUTS/basic-model-trainseed42-trackseed42-tracks10pct,human,3632,0.5871982274258651,0.5882229859290417,-0.001024758503176515,0.7918460582952563,0.7925559390158933,-0.0007098807206369351
/mmfs1/gscratch/scrubbed/jsomeara/lynx/borzoi-repro/OUTPUTS/basic-model-trainseed42-trackseed42-tracks10pct,human,3640,0.43740203312285125,0.43843609619914226,-0.001034063076291003,0.8677708423033567,0.8682987433757826,-0.0005279010724259514
/mmfs1/gscratch/scrubbed/jsomeara/lynx/borzoi-repro/OUTPUTS/basic-model-trainseed42-trackseed42-tracks10pct,human,3642,0.4777224298647401,0.48102571537016076,-0.003303285505420639,0.7845284424070507,0.7851072890943049,-0.0005788466872542752
/mmfs1/gscratch/scrubbed/jsomeara/lynx/borzoi-repro/OUTPUTS/basic-model-trainseed42-trackseed42-tracks10pct,human,3653,0.825547668530036,0.8287350614863331,-0.003187392956297108,-0.19845726838734493,-0.2061264670421432,0.007669198654798287
/mmfs1/gscratch/scrubbed/jsomeara/lynx/borzoi-repro/OUTPUTS/basic-model-trainseed42-trackseed42-tracks10pct,human,3659,0.6106798800970772,0.6051990451465588,0.005480834950518432,0.7792074008383042,0.7849186541868903,-0.005711253348586132
/mmfs1/gscratch/scrubbed/jsomeara/lynx/borzoi-repro/OUTPUTS/basic-model-trainseed42-trackseed42-tracks10pct,human,3667,0.8635283431031473,0.8633934902543071,0.00013485284884018345,0.05260569784697001,0.05192165934678877,0.0006840385001812346
/mmfs1/gscratch/scrubbed/jsomeara/lynx/borzoi-repro/OUTPUTS/basic-model-trainseed42-trackseed42-tracks10pct,human,3674,0.5527665738735505,0.5557182415276354,-0.002951667654084833,-0.056407686215772954,-0.08206520588725578,0.02565751967148283
/mmfs1/gscratch/scrubbed/jsomeara/lynx/borzoi-repro/OUTPUTS/basic-model-trainseed42-trackseed42-tracks10pct,human,3677,0.5280685613128298,0.5290556658496426,-0.0009871045368128328,0.4030829187028997,0.4025923286604255,0.0004905900424742038
/mmfs1/gscratch/scrubbed/jsomeara/lynx/borzoi-repro/OUTPUTS/basic-model-trainseed42-trackseed42-tracks10pct,human,3681,0.46073334610738065,0.46067257319907795,6.077290830269755e-05,0.7339376201477973,0.735658486371252,-0.0017208662234546868
/mmfs1/gscratch/scrubbed/jsomeara/lynx/borzoi-repro/OUTPUTS/basic-model-trainseed42-trackseed42-tracks10pct,human,3682,0.4454377200755329,0.44451037265101406,0.0009273474245188318,0.8825636753878103,0.8847445315788192,-0.0021808561910088287
/mmfs1/gscratch/scrubbed/jsomeara/lynx/borzoi-repro/OUTPUTS/basic-model-trainseed42-trackseed42-tracks10pct,human,3698,0.6974028533653477,0.7000973332691556,-0.0026944799038078893,-0.3239166216608469,-0.32409337691376233,0.00017675525291543925
/mmfs1/gscratch/scrubbed/jsomeara/lynx/borzoi-repro/OUTPUTS/basic-model-trainseed42-trackseed42-tracks10pct,human,3699,0.682488054052042,0.6845711034652302,-0.002083049413188154,0.5091073389990357,0.5070471528914637,0.0020601861075719707
/mmfs1/gscratch/scrubbed/jsomeara/lynx/borzoi-repro/OUTPUTS/basic-model-trainseed42-trackseed42-tracks10pct,human,3706,0.4159191577102653,0.41633954574293475,-0.000420388032669472,0.8217194661961731,0.8216142861313597,0.00010518006481341491
/mmfs1/gscratch/scrubbed/jsomeara/lynx/borzoi-repro/OUTPUTS/basic-model-trainseed42-trackseed42-tracks10pct,human,3710,0.4427188808613493,0.44353188397844806,-0.000813003117098754,0.8742492061307929,0.8754061258663229,-0.0011569197355300043
/mmfs1/gscratch/scrubbed/jsomeara/lynx/borzoi-repro/OUTPUTS/basic-model-trainseed42-trackseed42-tracks10pct,human,3711,0.54698899829512,0.5472332985823363,-0.0002443002872162259,0.6339203162581535,0.6334000491603209,0.0005202670978325941
/mmfs1/gscratch/scrubbed/jsomeara/lynx/borzoi-repro/OUTPUTS/basic-model-trainseed42-trackseed42-tracks10pct,human,3713,0.7541716452535594,0.7590637988095272,-0.0048921535559678375,-0.017856050601704546,-0.023452975570105738,0.005596924968401192
/mmfs1/gscratch/scrubbed/jsomeara/lynx/borzoi-repro/OUTPUTS/basic-model-trainseed42-trackseed42-tracks10pct,human,3744,0.4261668009820126,0.42842771919593015,-0.002260918213917551,0.31491004649028614,0.3073691309431744,0.007540915547111726
/mmfs1/gscratch/scrubbed/jsomeara/lynx/borzoi-repro/OUTPUTS/basic-model-trainseed42-trackseed42-tracks10pct,human,3762,0.44454520708408357,0.44692636738724095,-0.0023811603031573814,0.8738398601652161,0.8740333611342802,-0.00019350096906411984
/mmfs1/gscratch/scrubbed/jsomeara/lynx/borzoi-repro/OUTPUTS/basic-model-trainseed42-trackseed42-tracks10pct,human,3790,0.5324219979029113,0.5230240483897628,0.00939794951314854,0.7502292012758306,0.7545043605293853,-0.004275159253554706
/mmfs1/gscratch/scrubbed/jsomeara/lynx/borzoi-repro/OUTPUTS/basic-model-trainseed42-trackseed42-tracks10pct,human,3815,0.4049248429121642,0.4068682408902562,-0.0019433979780920096,0.6957490504004861,0.6960988782990364,-0.0003498278985503145
/mmfs1/gscratch/scrubbed/jsomeara/lynx/borzoi-repro/OUTPUTS/basic-model-trainseed42-trackseed42-tracks10pct,human,3818,0.7417609673465384,0.741202468209117,0.0005584991374214532,0.4000834615225585,0.39955350948286833,0.0005299520396901958
/mmfs1/gscratch/scrubbed/jsomeara/lynx/borzoi-repro/OUTPUTS/basic-model-trainseed42-trackseed42-tracks10pct,human,3821,0.409483918759391,0.4114005674878035,-0.0019166487284125178,0.8717961061720424,0.8723578534281997,-0.0005617472561573189
/mmfs1/gscratch/scrubbed/jsomeara/lynx/borzoi-repro/OUTPUTS/basic-model-trainseed42-trackseed42-tracks10pct,human,3823,0.4670217966757791,0.4665414450205844,0.00048035165519466627,0.8539084133966802,0.8547347265960841,-0.0008263131994038497
/mmfs1/gscratch/scrubbed/jsomeara/lynx/borzoi-repro/OUTPUTS/basic-model-trainseed42-trackseed42-tracks10pct,human,3827,0.5877906538716171,0.5891918550984898,-0.0014012012268727059,0.6212393414603183,0.6222099804763562,-0.0009706390160378886
/mmfs1/gscratch/scrubbed/jsomeara/lynx/borzoi-repro/OUTPUTS/basic-model-trainseed42-trackseed42-tracks10pct,human,3838,0.7846266753972732,0.7851615017218583,-0.0005348263245851248,0.575059486134986,0.5748585294061178,0.00020095672886821792
/mmfs1/gscratch/scrubbed/jsomeara/lynx/borzoi-repro/OUTPUTS/basic-model-trainseed42-trackseed42-tracks10pct,human,3841,0.560136386285649,0.5656388362039514,-0.005502449918302399,0.32112592740550844,0.31135401357629156,0.009771913829216883
/mmfs1/gscratch/scrubbed/jsomeara/lynx/borzoi-repro/OUTPUTS/basic-model-trainseed42-trackseed42-tracks10pct,human,3878,0.858855625163553,0.8592270448163121,-0.0003714196527591085,-0.12971243174315308,-0.12952868612290935,-0.00018374562024373042
/mmfs1/gscratch/scrubbed/jsomeara/lynx/borzoi-repro/OUTPUTS/basic-model-trainseed42-trackseed42-tracks10pct,human,3887,0.5069167632072967,0.505071022295586,0.001845740911710747,0.8895333153394898,0.8915340960318713,-0.002000780692381521
/mmfs1/gscratch/scrubbed/jsomeara/lynx/borzoi-repro/OUTPUTS/basic-model-trainseed42-trackseed42-tracks10pct,human,3909,0.4614153911943556,0.459868649433152,0.0015467417612036183,0.8196934063729379,0.8223277968984346,-0.0026343905254967437
/mmfs1/gscratch/scrubbed/jsomeara/lynx/borzoi-repro/OUTPUTS/basic-model-trainseed42-trackseed42-tracks10pct,human,3914,0.8629705349000656,0.8629426514949738,2.788340509174425e-05,-0.19449045514445606,-0.19681978981635137,0.0023293346718953056
/mmfs1/gscratch/scrubbed/jsomeara/lynx/borzoi-repro/OUTPUTS/basic-model-trainseed42-trackseed42-tracks10pct,human,3919,0.6339937192613585,0.6352808709967751,-0.0012871517354166029,0.4491693859795558,0.44948814724315644,-0.00031876126360064205
/mmfs1/gscratch/scrubbed/jsomeara/lynx/borzoi-repro/OUTPUTS/basic-model-trainseed42-trackseed42-tracks10pct,human,3940,0.31795533467442205,0.31898331908474536,-0.0010279844103233127,0.8795688363169449,0.8798492843521996,-0.00028044803525462125
/mmfs1/gscratch/scrubbed/jsomeara/lynx/borzoi-repro/OUTPUTS/basic-model-trainseed42-trackseed42-tracks10pct,human,3947,0.7047423986550622,0.7030963538531778,0.0016460448018843499,0.1767008181277733,0.17735764480804306,-0.0006568266802697564
/mmfs1/gscratch/scrubbed/jsomeara/lynx/borzoi-repro/OUTPUTS/basic-model-trainseed42-trackseed42-tracks10pct,human,3952,0.5080355991175581,0.5046364283529515,0.003399170764606607,0.8905468347473676,0.8936047526057544,-0.003057917858386827
/mmfs1/gscratch/scrubbed/jsomeara/lynx/borzoi-repro/OUTPUTS/basic-model-trainseed42-trackseed42-tracks10pct,human,3967,0.5592204911910595,0.5564898711555795,0.0027306200354800803,0.5199205008684373,0.5228574469694954,-0.002936946101058102
/mmfs1/gscratch/scrubbed/jsomeara/lynx/borzoi-repro/OUTPUTS/basic-model-trainseed42-trackseed42-tracks10pct,human,3980,0.38121135066869527,0.3800580165643951,0.0011533341043001855,0.7082858700176666,0.7093922118777202,-0.001106341860053539
/mmfs1/gscratch/scrubbed/jsomeara/lynx/borzoi-repro/OUTPUTS/basic-model-trainseed42-trackseed42-tracks10pct,human,4009,0.3337368804599894,0.33233804451685633,0.0013988359431330588,0.8865192494275861,0.8885494922031978,-0.0020302427756117014
/mmfs1/gscratch/scrubbed/jsomeara/lynx/borzoi-repro/OUTPUTS/basic-model-trainseed42-trackseed42-tracks10pct,human,4016,0.541796421024467,0.5466175961509284,-0.004821175126461408,0.6076001495483976,0.6069872722758655,0.0006128772725321197
/mmfs1/gscratch/scrubbed/jsomeara/lynx/borzoi-repro/OUTPUTS/basic-model-trainseed42-trackseed42-tracks10pct,human,4024,0.7833661945480569,0.784003864978915,-0.0006376704308581616,0.6170525324102138,0.6168083881594206,0.0002441442507932212
/mmfs1/gscratch/scrubbed/jsomeara/lynx/borzoi-repro/OUTPUTS/basic-model-trainseed42-trackseed42-tracks10pct,human,4026,0.47115413295412106,0.4567451944520276,0.01440893850209346,0.5961284657562851,0.6177677977162509,-0.021639331959965813
/mmfs1/gscratch/scrubbed/jsomeara/lynx/borzoi-repro/OUTPUTS/basic-model-trainseed42-trackseed42-tracks10pct,human,4029,0.5546701954473658,0.5548636221127918,-0.00019342666542598863,0.793251540139231,0.7940732722157499,-0.0008217320765188108
/mmfs1/gscratch/scrubbed/jsomeara/lynx/borzoi-repro/OUTPUTS/basic-model-trainseed42-trackseed42-tracks10pct,human,4036,0.7344573072296161,0.7297197001695641,0.004737607060051996,-0.07018665262592913,-0.0682301552642722,-0.001956497361656928
/mmfs1/gscratch/scrubbed/jsomeara/lynx/borzoi-repro/OUTPUTS/basic-model-trainseed42-trackseed42-tracks10pct,human,4051,0.573310609747148,0.5776636103258563,-0.004353000578708355,0.5458294147323335,0.5428518218204548,0.0029775929118787126
/mmfs1/gscratch/scrubbed/jsomeara/lynx/borzoi-repro/OUTPUTS/basic-model-trainseed42-trackseed42-tracks10pct,human,4064,0.6459184692967932,0.6440436615374108,0.0018748077593824242,0.5606757634745476,0.5622669929773728,-0.0015912295028251977
/mmfs1/gscratch/scrubbed/jsomeara/lynx/borzoi-repro/OUTPUTS/basic-model-trainseed42-trackseed42-tracks10pct,human,4076,0.3056764198216288,0.30607757144803704,-0.0004011516264082471,0.8727023202150784,0.8730954510603715,-0.00039313084529302156
/mmfs1/gscratch/scrubbed/jsomeara/lynx/borzoi-repro/OUTPUTS/basic-model-trainseed42-trackseed42-tracks10pct,human,4080,0.8385776520117961,0.8417722403236921,-0.0031945883118960072,-0.7901509282641225,-0.7981746538480037,0.008023725583881203
/mmfs1/gscratch/scrubbed/jsomeara/lynx/borzoi-repro/OUTPUTS/basic-model-trainseed42-trackseed42-tracks10pct,human,4089,0.7726179148085075,0.7709383662453293,0.0016795485631782014,-0.279364686663179,-0.2812732274924184,0.0019085408292394135
/mmfs1/gscratch/scrubbed/jsomeara/lynx/borzoi-repro/OUTPUTS/basic-model-trainseed42-trackseed42-tracks10pct,human,4095,0.873000128259308,0.8712467956632266,0.0017533325960813473,0.4740444988048491,0.4740499900398219,-5.491234972787584e-06
/mmfs1/gscratch/scrubbed/jsomeara/lynx/borzoi-repro/OUTPUTS/basic-model-trainseed42-trackseed42-tracks10pct,human,4097,0.6672784471649362,0.6669513222472586,0.00032712491767761254,0.6269917986284566,0.6276668781159177,-0.0006750794874611499
/mmfs1/gscratch/scrubbed/jsomeara/lynx/borzoi-repro/OUTPUTS/basic-model-trainseed42-trackseed42-tracks10pct,human,4108,0.6384460250178124,0.6425645357363378,-0.0041185107185253145,0.4679217319413936,0.4613429657898299,0.006578766151563664
/mmfs1/gscratch/scrubbed/jsomeara/lynx/borzoi-repro/OUTPUTS/basic-model-trainseed42-trackseed42-tracks10pct,human,4115,0.4621252305204423,0.4496471941361813,0.012478036384260982,0.8671079847769906,0.8689052973581978,-0.0017973125812071888
/mmfs1/gscratch/scrubbed/jsomeara/lynx/borzoi-repro/OUTPUTS/basic-model-trainseed42-trackseed42-tracks10pct,human,4125,0.5191440241010044,0.522700617691689,-0.003556593590684609,0.7870745736732215,0.7847252483035679,0.0023493253696535987
/mmfs1/gscratch/scrubbed/jsomeara/lynx/borzoi-repro/OUTPUTS/basic-model-trainseed42-trackseed42-tracks10pct,human,4138,0.46791970047319226,0.46707952564738536,0.0008401748258068942,0.855866674928448,0.8565756347356441,-0.0007089598071960967
/mmfs1/gscratch/scrubbed/jsomeara/lynx/borzoi-repro/OUTPUTS/basic-model-trainseed42-trackseed42-tracks10pct,human,4140,0.7088340091853467,0.7013614313226377,0.00747257786270894,0.6895669926558811,0.6931605837268237,-0.0035935910709425922
/mmfs1/gscratch/scrubbed/jsomeara/lynx/borzoi-repro/OUTPUTS/basic-model-trainseed42-trackseed42-tracks10pct,human,4176,0.4300967635703905,0.4285465212089322,0.0015502423614582872,0.9111836658886052,0.9145315389143804,-0.0033478730257752165
/mmfs1/gscratch/scrubbed/jsomeara/lynx/borzoi-repro/OUTPUTS/basic-model-trainseed42-trackseed42-tracks10pct,human,4186,0.8877325382056719,0.8867930247155614,0.0009395134901104552,-0.6699101538738432,-0.6687087950763428,-0.0012013587975003848
/mmfs1/gscratch/scrubbed/jsomeara/lynx/borzoi-repro/OUTPUTS/basic-model-trainseed42-trackseed42-tracks10pct,human,4188,0.6363653016635504,0.6281537581740916,0.00821154348945885,0.6321538937776521,0.6384071709384473,-0.0062532771607952675
/mmfs1/gscratch/scrubbed/jsomeara/lynx/borzoi-repro/OUTPUTS/basic-model-trainseed42-trackseed42-tracks10pct,human,4233,0.5409879323345225,0.5421216436278076,-0.0011337112932851001,0.8215255591668117,0.8217928076044512,-0.0002672484376394779
/mmfs1/gscratch/scrubbed/jsomeara/lynx/borzoi-repro/OUTPUTS/basic-model-trainseed42-trackseed42-tracks10pct,human,4256,0.5069672259538547,0.5076040316005486,-0.0006368056466938832,0.8631540005512983,0.8633199682584699,-0.00016596770717158815
/mmfs1/gscratch/scrubbed/jsomeara/lynx/borzoi-repro/OUTPUTS/basic-model-trainseed42-trackseed42-tracks10pct,human,4279,0.4563578091704637,0.4570565816051949,-0.0006987724347312096,0.6709929083906623,0.6720831045448111,-0.001090196154148848
/mmfs1/gscratch/scrubbed/jsomeara/lynx/borzoi-repro/OUTPUTS/basic-model-trainseed42-trackseed42-tracks10pct,human,4280,0.5538126972848516,0.5496622507201706,0.0041504465646809985,0.650868283428721,0.6519006889908512,-0.0010324055621301342
/mmfs1/gscratch/scrubbed/jsomeara/lynx/borzoi-repro/OUTPUTS/basic-model-trainseed42-trackseed42-tracks10pct,human,4282,0.7125344729565758,0.7144134849472437,-0.001879011990667867,0.6036050783654198,0.6091846748370726,-0.005579596471652848
/mmfs1/gscratch/scrubbed/jsomeara/lynx/borzoi-repro/OUTPUTS/basic-model-trainseed42-trackseed42-tracks10pct,human,4290,0.6323602693958207,0.6301339747137318,0.002226294682088903,0.6022153226395726,0.6018898329423451,0.0003254896972274546
/mmfs1/gscratch/scrubbed/jsomeara/lynx/borzoi-repro/OUTPUTS/basic-model-trainseed42-trackseed42-tracks10pct,human,4320,0.7141567873156668,0.7180245202201374,-0.003867732904470622,0.33888227057273834,0.3351152381370843,0.0037670324356540164
/mmfs1/gscratch/scrubbed/jsomeara/lynx/borzoi-repro/OUTPUTS/basic-model-trainseed42-trackseed42-tracks10pct,human,4348,0.815403392337557,0.8164397360185913,-0.0010363436810343352,0.32871304441691634,0.3255557963551058,0.003157248061810558
/mmfs1/gscratch/scrubbed/jsomeara/lynx/borzoi-repro/OUTPUTS/basic-model-trainseed42-trackseed42-tracks10pct,human,4350,0.665920972791601,0.6713722601452865,-0.005451287353685497,0.681406445474775,0.6792660203168371,0.0021404251579378863
/mmfs1/gscratch/scrubbed/jsomeara/lynx/borzoi-repro/OUTPUTS/basic-model-trainseed42-trackseed42-tracks10pct,human,4358,0.5500890678055146,0.5447326554702872,0.005356412335227434,0.8069249896036784,0.8103665064870849,-0.003441516883406437
/mmfs1/gscratch/scrubbed/jsomeara/lynx/borzoi-repro/OUTPUTS/basic-model-trainseed42-trackseed42-tracks10pct,human,4376,0.7353561048147765,0.7364900600773439,-0.001133955262567321,-0.37491775179263315,-0.37634996446988944,0.0014322126772562949
/mmfs1/gscratch/scrubbed/jsomeara/lynx/borzoi-repro/OUTPUTS/basic-model-trainseed42-trackseed42-tracks10pct,human,4379,0.606195228514327,0.6085516946023829,-0.002356466088055953,0.5407855301707718,0.5404323963111453,0.0003531338596265421
/mmfs1/gscratch/scrubbed/jsomeara/lynx/borzoi-repro/OUTPUTS/basic-model-trainseed42-trackseed42-tracks10pct,human,4386,0.8880866395777555,0.8881673962555877,-8.075667783224993e-05,-1.2138486611383437,-1.2124848414937768,-0.0013638196445668882
/mmfs1/gscratch/scrubbed/jsomeara/lynx/borzoi-repro/OUTPUTS/basic-model-trainseed42-trackseed42-tracks10pct,human,4400,0.5940333932333933,0.5965023781215588,-0.002468984888165493,0.7259496703898861,0.7250428991493019,0.0009067712405842476
/mmfs1/gscratch/scrubbed/jsomeara/lynx/borzoi-repro/OUTPUTS/basic-model-trainseed42-trackseed42-tracks10pct,human,4425,0.46374886064501003,0.44910976235177463,0.014639098293235397,0.8357262739244102,0.8447730217876032,-0.009046747863192928
/mmfs1/gscratch/scrubbed/jsomeara/lynx/borzoi-repro/OUTPUTS/basic-model-trainseed42-trackseed42-tracks10pct,human,4436,0.2302463425537948,0.2302780953511482,-3.175279735340153e-05,0.8696241712151812,0.8697050562576403,-8.08850424590668e-05
/mmfs1/gscratch/scrubbed/jsomeara/lynx/borzoi-repro/OUTPUTS/basic-model-trainseed42-trackseed42-tracks10pct,human,4459,0.4367252122661861,0.43536339823059667,0.001361814035589437,0.729679995517648,0.7248874906799606,0.004792504837687339
/mmfs1/gscratch/scrubbed/jsomeara/lynx/borzoi-repro/OUTPUTS/basic-model-trainseed42-trackseed42-tracks10pct,human,4460,0.7197319593300615,0.71996963980882,-0.00023768047875849518,0.7117245748119282,0.711745174546125,-2.059973419676897e-05
/mmfs1/gscratch/scrubbed/jsomeara/lynx/borzoi-repro/OUTPUTS/basic-model-trainseed42-trackseed42-tracks10pct,human,4484,0.7708170045554347,0.7742652349883407,-0.0034482304329059854,-0.10037427608659208,-0.10684262563949809,0.006468349552906011
/mmfs1/gscratch/scrubbed/jsomeara/lynx/borzoi-repro/OUTPUTS/basic-model-trainseed42-trackseed42-tracks10pct,human,4487,0.42635884764790244,0.42253462608551934,0.003824221562383101,0.8569455674610613,0.8591279119501112,-0.002182344489049859
/mmfs1/gscratch/scrubbed/jsomeara/lynx/borzoi-repro/OUTPUTS/basic-model-trainseed42-trackseed42-tracks10pct,human,4494,0.38516126245550997,0.3856443562114605,-0.0004830937559505144,0.8952492635384652,0.8965723632666384,-0.0013230997281731272
/mmfs1/gscratch/scrubbed/jsomeara/lynx/borzoi-repro/OUTPUTS/basic-model-trainseed42-trackseed42-tracks10pct,human,4502,0.6625763714837652,0.6653016460101352,-0.0027252745263699474,0.5818987689651212,0.579611987098162,0.0022867818669591866
/mmfs1/gscratch/scrubbed/jsomeara/lynx/borzoi-repro/OUTPUTS/basic-model-trainseed42-trackseed42-tracks10pct,human,4530,0.3265606836731769,0.32524489929782974,0.0013157843753471843,0.7915085918294279,0.7925063402227841,-0.0009977483933562015
/mmfs1/gscratch/scrubbed/jsomeara/lynx/borzoi-repro/OUTPUTS/basic-model-trainseed42-trackseed42-tracks10pct,human,4544,0.33411886493262577,0.3336520249997839,0.000466839932841856,0.717149383598205,0.7178804718811388,-0.0007310882829337784
/mmfs1/gscratch/scrubbed/jsomeara/lynx/borzoi-repro/OUTPUTS/basic-model-trainseed42-trackseed42-tracks10pct,human,4556,0.317302437198287,0.3170117743154784,0.0002906628828086011,0.5835704042029569,0.5840566649247808,-0.00048626072182389457
/mmfs1/gscratch/scrubbed/jsomeara/lynx/borzoi-repro/OUTPUTS/basic-model-trainseed42-trackseed42-tracks10pct,human,4562,0.30025025111283077,0.2993661271806145,0.0008841239322162631,0.7327864662429752,0.7335164823895164,-0.0007300161465412236
/mmfs1/gscratch/scrubbed/jsomeara/lynx/borzoi-repro/OUTPUTS/basic-model-trainseed42-trackseed42-tracks10pct,human,4598,0.36743611444509505,0.36527098970124255,0.002165124743852498,0.8142122114420798,0.8159182610444099,-0.0017060496023301175
/mmfs1/gscratch/scrubbed/jsomeara/lynx/borzoi-repro/OUTPUTS/basic-model-trainseed42-trackseed42-tracks10pct,human,4610,0.4174049060716614,0.41534355002450496,0.0020613560471564596,0.8853917263808352,0.8872455803560695,-0.0018538539752342986
/mmfs1/gscratch/scrubbed/jsomeara/lynx/borzoi-repro/OUTPUTS/basic-model-trainseed42-trackseed42-tracks10pct,human,4629,0.44291371535478474,0.44343913178519445,-0.0005254164304097086,0.7545827123544021,0.7559105267964861,-0.0013278144420839633
/mmfs1/gscratch/scrubbed/jsomeara/lynx/borzoi-repro/OUTPUTS/basic-model-trainseed42-trackseed42-tracks10pct,human,4630,0.3392355390303449,0.33716899542220014,0.0020665436081447885,0.7361461965731543,0.7372399502617916,-0.001093753688637289
/mmfs1/gscratch/scrubbed/jsomeara/lynx/borzoi-repro/OUTPUTS/basic-model-trainseed42-trackseed42-tracks10pct,human,4653,0.4451858316806349,0.43032629192549315,0.01485953975514176,0.7641637658970433,0.7672296571351351,-0.003065891238091867
/mmfs1/gscratch/scrubbed/jsomeara/lynx/borzoi-repro/OUTPUTS/basic-model-trainseed42-trackseed42-tracks10pct,human,4662,0.23303191578272178,0.2268079399482247,0.006223975834497075,0.4634018519596126,0.4638195611422455,-0.00041770918263289714
/mmfs1/gscratch/scrubbed/jsomeara/lynx/borzoi-repro/OUTPUTS/basic-model-trainseed42-trackseed42-tracks10pct,human,4676,0.6392863330910173,0.651128663597328,-0.011842330506310672,-0.18753730658204762,-0.19270141417904743,0.005164107596999812
/mmfs1/gscratch/scrubbed/jsomeara/lynx/borzoi-repro/OUTPUTS/basic-model-trainseed42-trackseed42-tracks10pct,human,4686,0.5700189749110837,0.5827840450151804,-0.012765070104096776,-0.13599441176020566,-0.1413753983341896,0.005380986573983948
/mmfs1/gscratch/scrubbed/jsomeara/lynx/borzoi-repro/OUTPUTS/basic-model-trainseed42-trackseed42-tracks10pct,human,4710,0.6881350683894518,0.6987568275700713,-0.010621759180619472,-0.364112326811433,-0.369085961329947,0.0049736345185139585
/mmfs1/gscratch/scrubbed/jsomeara/lynx/borzoi-repro/OUTPUTS/basic-model-trainseed42-trackseed42-tracks10pct,human,4712,0.7156847367976314,0.7311152540047546,-0.015430517207123184,-0.3749085779923112,-0.38347836107037314,0.008569783078061943
/mmfs1/gscratch/scrubbed/jsomeara/lynx/borzoi-repro/OUTPUTS/basic-model-trainseed42-trackseed42-tracks10pct,human,4728,0.7178231097242511,0.727130137173521,-0.009307027449269922,-0.2505005091192359,-0.25251153472508236,0.0020110256058464837
/mmfs1/gscratch/scrubbed/jsomeara/lynx/borzoi-repro/OUTPUTS/basic-model-trainseed42-trackseed42-tracks10pct,human,4741,0.7143302520552239,0.7201887265886905,-0.005858474533466551,-0.24296207211805934,-0.24540548206863186,0.002443409950572517
/mmfs1/gscratch/scrubbed/jsomeara/lynx/borzoi-repro/OUTPUTS/basic-model-trainseed42-trackseed42-tracks10pct,human,4761,0.6584959985763336,0.6651482864690079,-0.006652287892674358,-0.13198320089818075,-0.13525052578776997,0.0032673248895892237
/mmfs1/gscratch/scrubbed/jsomeara/lynx/borzoi-repro/OUTPUTS/basic-model-trainseed42-trackseed42-tracks10pct,human,4771,0.7316591503252591,0.7400765931106587,-0.008417442785399576,-0.47341560682339795,-0.48000729880990906,0.006591691986511106
/mmfs1/gscratch/scrubbed/jsomeara/lynx/borzoi-repro/OUTPUTS/basic-model-trainseed42-trackseed42-tracks10pct,human,4772,0.7362578401248695,0.7447063558426357,-0.00844851571776617,-0.3868786608179859,-0.39219152036045196,0.005312859542466075
/mmfs1/gscratch/scrubbed/jsomeara/lynx/borzoi-repro/OUTPUTS/basic-model-trainseed42-trackseed42-tracks10pct,human,4792,0.6919077725993502,0.699393498579031,-0.00748572597968078,0.021631895335489874,0.01825013074074631,0.0033817645947435623
/mmfs1/gscratch/scrubbed/jsomeara/lynx/borzoi-repro/OUTPUTS/basic-model-trainseed42-trackseed42-tracks10pct,human,4793,0.6533925448848475,0.6599195418353735,-0.006526996950525943,-0.2055454017936686,-0.2115423979331281,0.005996996139459504
/mmfs1/gscratch/scrubbed/jsomeara/lynx/borzoi-repro/OUTPUTS/basic-model-trainseed42-trackseed42-tracks10pct,human,4835,0.5472725146857774,0.5660708461396298,-0.018798331453852346,0.08306685094700213,0.08249373923247608,0.0005731117145260506
/mmfs1/gscratch/scrubbed/jsomeara/lynx/borzoi-repro/OUTPUTS/basic-model-trainseed42-trackseed42-tracks10pct,human,4852,0.6581293020526459,0.6634164288785007,-0.00528712682585486,-0.09877698726601407,-0.09995533996960368,0.0011783527035896108
/mmfs1/gscratch/scrubbed/jsomeara/lynx/borzoi-repro/OUTPUTS/basic-model-trainseed42-trackseed42-tracks10pct,human,4853,0.7042820744329821,0.7150219495699758,-0.010739875136993704,-0.09985019759138967,-0.10241054685946274,0.002560349268073067
/mmfs1/gscratch/scrubbed/jsomeara/lynx/borzoi-repro/OUTPUTS/basic-model-trainseed42-trackseed42-tracks10pct,human,4854,0.6895047322425678,0.7059816111692067,-0.01647687892663885,-0.18451016788528085,-0.1901404993238988,0.005630331438617936
/mmfs1/gscratch/scrubbed/jsomeara/lynx/borzoi-repro/OUTPUTS/basic-model-trainseed42-trackseed42-tracks10pct,human,4868,0.6221303528841899,0.6312729703053857,-0.009142617421195709,-0.024637709869175906,-0.028744086335076382,0.004106376465900476
/mmfs1/gscratch/scrubbed/jsomeara/lynx/borzoi-repro/OUTPUTS/basic-model-trainseed42-trackseed42-tracks10pct,human,4875,0.5856213406706481,0.5831391205960867,0.0024822200745613365,-0.018568298503156642,-0.018926747085102072,0.00035844858194543014
/mmfs1/gscratch/scrubbed/jsomeara/lynx/borzoi-repro/OUTPUTS/basic-model-trainseed42-trackseed42-tracks10pct,human,4883,0.7131665908899281,0.722939987872763,-0.00977339698283497,-0.17389853913443154,-0.17995855257475354,0.006060013440322004
/mmfs1/gscratch/scrubbed/jsomeara/lynx/borzoi-repro/OUTPUTS/basic-model-trainseed42-trackseed42-tracks10pct,human,4884,0.6506780385607286,0.6515669156092995,-0.0008888770485708797,-0.1860181659328394,-0.1886611031399654,0.002642937207125995
/mmfs1/gscratch/scrubbed/jsomeara/lynx/borzoi-repro/OUTPUTS/basic-model-trainseed42-trackseed42-tracks10pct,human,4888,0.6682554135443899,0.6729324502886829,-0.004677036744292984,-0.11262915635839489,-0.11620827197611736,0.0035791156177224642
/mmfs1/gscratch/scrubbed/jsomeara/lynx/borzoi-repro/OUTPUTS/basic-model-trainseed42-trackseed42-tracks10pct,human,4896,0.6061379914229313,0.6102457585507234,-0.004107767127792039,-0.06255228337944053,-0.06418500379186215,0.001632720412421615
/mmfs1/gscratch/scrubbed/jsomeara/lynx/borzoi-repro/OUTPUTS/basic-model-trainseed42-trackseed42-tracks10pct,human,4901,0.7180047079001637,0.7246281231768664,-0.006623415276702738,-0.35910277990906964,-0.3656423134545316,0.00653953354546194
/mmfs1/gscratch/scrubbed/jsomeara/lynx/borzoi-repro/OUTPUTS/basic-model-trainseed42-trackseed42-tracks10pct,human,4920,0.5709371865339111,0.5832619784291144,-0.012324791895203302,-0.016967133770400992,-0.020224196730486636,0.0032570629600856445
/mmfs1/gscratch/scrubbed/jsomeara/lynx/borzoi-repro/OUTPUTS/basic-model-trainseed42-trackseed42-tracks10pct,human,4923,0.5586186984129757,0.553206231381764,0.005412467031211787,0.043939768595067125,0.04390297141376146,3.679718130566306e-05
/mmfs1/gscratch/scrubbed/jsomeara/lynx/borzoi-repro/OUTPUTS/basic-model-trainseed42-trackseed42-tracks10pct,human,4932,0.6157146532172315,0.6243621928342854,-0.00864753961705389,0.015028654783479395,0.013150719686707963,0.0018779350967714319
/mmfs1/gscratch/scrubbed/jsomeara/lynx/borzoi-repro/OUTPUTS/basic-model-trainseed42-trackseed42-tracks10pct,human,4944,0.6693098434113137,0.6800022440019295,-0.010692400590615825,0.19559840778271156,0.19546076030615123,0.0001376474765603375
/mmfs1/gscratch/scrubbed/jsomeara/lynx/borzoi-repro/OUTPUTS/basic-model-trainseed42-trackseed42-tracks10pct,human,4965,0.412368046333105,0.4307116267924643,-0.0183435804593593,0.08545416086388906,0.08211431840872453,0.0033398424551645267
/mmfs1/gscratch/scrubbed/jsomeara/lynx/borzoi-repro/OUTPUTS/basic-model-trainseed42-trackseed42-tracks10pct,human,4969,0.6250192793971707,0.6361415609106114,-0.011122281513440635,0.09498725332290034,0.09275176168524418,0.002235491637656156
/mmfs1/gscratch/scrubbed/jsomeara/lynx/borzoi-repro/OUTPUTS/basic-model-trainseed42-trackseed42-tracks10pct,human,4971,0.5485470009802529,0.5566314845212591,-0.008084483541006215,0.09373778197526988,0.09278292339674479,0.0009548585785250918
/mmfs1/gscratch/scrubbed/jsomeara/lynx/borzoi-repro/OUTPUTS/basic-model-trainseed42-trackseed42-tracks10pct,human,4977,0.431278086581724,0.440451596266424,-0.009173509684699988,0.016352602917853593,0.01624416712715239,0.0001084357907012029
/mmfs1/gscratch/scrubbed/jsomeara/lynx/borzoi-repro/OUTPUTS/basic-model-trainseed42-trackseed42-tracks10pct,human,4981,0.5092126349126977,0.5177792292739128,-0.008566594361215096,0.028785815797002186,0.028271682067616204,0.0005141337293859821
/mmfs1/gscratch/scrubbed/jsomeara/lynx/borzoi-repro/OUTPUTS/basic-model-trainseed42-trackseed42-tracks10pct,human,4997,0.5394614975927783,0.550357707190381,-0.010896209597602735,0.033732771323562706,0.03280138832804197,0.0009313829955207367
/mmfs1/gscratch/scrubbed/jsomeara/lynx/borzoi-repro/OUTPUTS/basic-model-trainseed42-trackseed42-tracks10pct,human,5001,0.6678031325993402,0.6704848875041399,-0.002681754904799716,0.18238613473407364,0.18164910805605158,0.0007370266780220569
/mmfs1/gscratch/scrubbed/jsomeara/lynx/borzoi-repro/OUTPUTS/basic-model-trainseed42-trackseed42-tracks10pct,human,5028,0.6943679625542439,0.7062610529326038,-0.011893090378359839,-0.043740029774535234,-0.04696796251935609,0.0032279327448208536
/mmfs1/gscratch/scrubbed/jsomeara/lynx/borzoi-repro/OUTPUTS/basic-model-trainseed42-trackseed42-tracks10pct,human,5035,0.6570194476666232,0.6598403584302743,-0.0028209107636510966,-0.098543414465186,-0.09977513886333896,0.0012317243981529585
/mmfs1/gscratch/scrubbed/jsomeara/lynx/borzoi-repro/OUTPUTS/basic-model-trainseed42-trackseed42-tracks10pct,human,5062,0.703284638779059,0.7084522595721936,-0.0051676207931345974,-0.11891918559824415,-0.12156241969246037,0.0026432340942162263
/mmfs1/gscratch/scrubbed/jsomeara/lynx/borzoi-repro/OUTPUTS/basic-model-trainseed42-trackseed42-tracks10pct,human,5068,0.6027136265561823,0.6144950036643363,-0.011781377108153968,0.012951097686154562,0.0100552459743749,0.0028958517117796626
/mmfs1/gscratch/scrubbed/jsomeara/lynx/borzoi-repro/OUTPUTS/basic-model-trainseed42-trackseed42-tracks10pct,human,5071,0.679123003743131,0.685690205673718,-0.006567201930587019,-0.2983950440190253,-0.30538279963392034,0.006987755614895064
/mmfs1/gscratch/scrubbed/jsomeara/lynx/borzoi-repro/OUTPUTS/basic-model-trainseed42-trackseed42-tracks10pct,human,5084,0.7041509814240425,0.7204269153697852,-0.01627593394574267,-0.1838789368106613,-0.19401313689228267,0.010134200081621358
/mmfs1/gscratch/scrubbed/jsomeara/lynx/borzoi-repro/OUTPUTS/basic-model-trainseed42-trackseed42-tracks10pct,human,5104,0.648298648308466,0.6615508825760339,-0.013252234267567942,-0.12121500208740514,-0.1255837161390738,0.004368714051668651
/mmfs1/gscratch/scrubbed/jsomeara/lynx/borzoi-repro/OUTPUTS/basic-model-trainseed42-trackseed42-tracks10pct,human,5118,0.7460017176469163,0.7568751212378053,-0.010873403590889064,-0.5521590330511313,-0.5586069845756528,0.006447951524521489
/mmfs1/gscratch/scrubbed/jsomeara/lynx/borzoi-repro/OUTPUTS/basic-model-trainseed42-trackseed42-tracks10pct,human,5120,0.669755683895138,0.6874339912524741,-0.01767830735733611,-0.12603003182452202,-0.13083255469639923,0.004802522871877213
/mmfs1/gscratch/scrubbed/jsomeara/lynx/borzoi-repro/OUTPUTS/basic-model-trainseed42-trackseed42-tracks10pct,human,5121,0.692317362158782,0.7000206253262931,-0.007703263167511021,-0.2492639108064698,-0.25443786177777034,0.005173950971300523
/mmfs1/gscratch/scrubbed/jsomeara/lynx/borzoi-repro/OUTPUTS/basic-model-trainseed42-trackseed42-tracks10pct,human,5137,0.5175128938428015,0.5231359840964929,-0.005623090253691343,0.02661416004570827,0.02668212280488139,-6.796275917312147e-05
/mmfs1/gscratch/scrubbed/jsomeara/lynx/borzoi-repro/OUTPUTS/basic-model-trainseed42-trackseed42-tracks10pct,human,5141,0.7146910159145266,0.7260800644553069,-0.011389048540780378,-0.20389199417121032,-0.20914226825408236,0.005250274082872042
/mmfs1/gscratch/scrubbed/jsomeara/lynx/borzoi-repro/OUTPUTS/basic-model-trainseed42-trackseed42-tracks10pct,human,5147,0.5906214947604402,0.6110946332874173,-0.020473138526977075,0.04970536446795467,0.048693725717809846,0.0010116387501448235
/mmfs1/gscratch/scrubbed/jsomeara/lynx/borzoi-repro/OUTPUTS/basic-model-trainseed42-trackseed42-tracks10pct,human,5163,0.5994810923632257,0.6122697761997055,-0.012788683836479797,0.02354197963490471,0.018817713207897917,0.004724266427006792
/mmfs1/gscratch/scrubbed/jsomeara/lynx/borzoi-repro/OUTPUTS/basic-model-trainseed42-trackseed42-tracks10pct,human,5167,0.5874315622461246,0.5970931547832787,-0.009661592537154151,0.1085761945780257,0.10650284822861524,0.0020733463494104626
/mmfs1/gscratch/scrubbed/jsomeara/lynx/borzoi-repro/OUTPUTS/basic-model-trainseed42-trackseed42-tracks10pct,human,5173,0.5138533415012516,0.5235021695444472,-0.009648828043195556,0.0935507309265936,0.09097128566827346,0.0025794452583201427
/mmfs1/gscratch/scrubbed/jsomeara/lynx/borzoi-repro/OUTPUTS/basic-model-trainseed42-trackseed42-tracks10pct,human,5174,0.571768314099736,0.5836843249131856,-0.011916010813449507,-0.016258426283224495,-0.022808823553868006,0.0065503972706435105
/mmfs1/gscratch/scrubbed/jsomeara/lynx/borzoi-repro/OUTPUTS/basic-model-trainseed42-trackseed42-tracks10pct,human,5193,0.5295937804591752,0.5329999253286984,-0.0034061448695232865,0.022518119256168218,0.02220718208262891,0.00031093717353930864
/mmfs1/gscratch/scrubbed/jsomeara/lynx/borzoi-repro/OUTPUTS/basic-model-trainseed42-trackseed42-tracks10pct,human,5206,0.6268867542464291,0.628783747587447,-0.001896993341017894,0.00017109159274879968,-0.00047762658305986383,0.0006487181758086635
/mmfs1/gscratch/scrubbed/jsomeara/lynx/borzoi-repro/OUTPUTS/basic-model-trainseed42-trackseed42-tracks10pct,human,5215,0.6750325289012128,0.6844990075629025,-0.009466478661689703,-0.0917672450186551,-0.10297142456858455,0.011204179549929444
/mmfs1/gscratch/scrubbed/jsomeara/lynx/borzoi-repro/OUTPUTS/basic-model-trainseed42-trackseed42-tracks10pct,human,5219,0.6700732524540157,0.6854307520028762,-0.015357499548860454,0.13430130066680068,0.12375472729704784,0.010546573369752843
/mmfs1/gscratch/scrubbed/jsomeara/lynx/borzoi-repro/OUTPUTS/basic-model-trainseed42-trackseed42-tracks10pct,human,5220,0.6761491199083202,0.6880824715656418,-0.011933351657321678,-0.029811391747410574,-0.032744692011432625,0.0029333002640220505
/mmfs1/gscratch/scrubbed/jsomeara/lynx/borzoi-repro/OUTPUTS/basic-model-trainseed42-trackseed42-tracks10pct,human,5227,0.36876650145224343,0.37663619012192545,-0.007869688669682018,0.2260617773419085,0.22467547602324303,0.0013863013186654616
/mmfs1/gscratch/scrubbed/jsomeara/lynx/borzoi-repro/OUTPUTS/basic-model-trainseed42-trackseed42-tracks10pct,human,5228,0.38346366914538205,0.38583006133152764,-0.002366392186145594,0.42318657582577224,0.4221633495649842,0.001023226260788046
/mmfs1/gscratch/scrubbed/jsomeara/lynx/borzoi-repro/OUTPUTS/basic-model-trainseed42-trackseed42-tracks10pct,human,5235,0.6085373679477365,0.6151806975555576,-0.006643329607821102,-0.250802873647783,-0.27106382389447353,0.020260950246690557
/mmfs1/gscratch/scrubbed/jsomeara/lynx/borzoi-repro/OUTPUTS/basic-model-trainseed42-trackseed42-tracks10pct,human,5283,0.6074745823941845,0.6179505747945574,-0.010475992400372891,0.0771407780295325,0.07548105153888254,0.0016597264906499515
/mmfs1/gscratch/scrubbed/jsomeara/lynx/borzoi-repro/OUTPUTS/basic-model-trainseed42-trackseed42-tracks10pct,human,5290,0.5979104885108056,0.6010354535991523,-0.0031249650883466984,0.08078856005457749,0.0800363665633222,0.0007521934912552847
/mmfs1/gscratch/scrubbed/jsomeara/lynx/borzoi-repro/OUTPUTS/basic-model-trainseed42-trackseed42-tracks10pct,human,5291,0.553763004266961,0.5617836749155899,-0.00802067064862888,0.07235555638208897,0.07089017759412691,0.00146537878796206
/mmfs1/gscratch/scrubbed/jsomeara/lynx/borzoi-repro/OUTPUTS/basic-model-trainseed42-trackseed42-tracks10pct,human,5292,0.5478911753893074,0.5594913915318117,-0.011600216142504283,0.0793850104363045,0.0780452967403935,0.0013397136959110018
/mmfs1/gscratch/scrubbed/jsomeara/lynx/borzoi-repro/OUTPUTS/basic-model-trainseed42-trackseed42-tracks10pct,human,5294,0.6867954314462804,0.6906608246905402,-0.0038653932442598293,-0.14998500678788934,-0.15274635708949916,0.002761350301609816
/mmfs1/gscratch/scrubbed/jsomeara/lynx/borzoi-repro/OUTPUTS/basic-model-trainseed42-trackseed42-tracks10pct,human,5295,0.7314528372187692,0.7389862911520558,-0.007533453933286638,-0.4574530200375686,-0.4651119811314434,0.0076589610938748165
/mmfs1/gscratch/scrubbed/jsomeara/lynx/borzoi-repro/OUTPUTS/basic-model-trainseed42-trackseed42-tracks10pct,human,5297,0.615034853366243,0.6240342768296121,-0.008999423463369127,-0.020063194793926892,-0.022038268234742312,0.0019750734408154197
/mmfs1/gscratch/scrubbed/jsomeara/lynx/borzoi-repro/OUTPUTS/basic-model-trainseed42-trackseed42-tracks10pct,mouse,0,0.7643347482893111,0.7658737367746844,-0.0015389884853732605,0.19132485064698918,0.19054028031912107,0.000784570327868106
/mmfs1/gscratch/scrubbed/jsomeara/lynx/borzoi-repro/OUTPUTS/basic-model-trainseed42-trackseed42-tracks10pct,mouse,10,0.8222818772241721,0.8230517594398332,-0.0007698822156610996,0.2436862894125834,0.24329901233208812,0.0003872770804952963
/mmfs1/gscratch/scrubbed/jsomeara/lynx/borzoi-repro/OUTPUTS/basic-model-trainseed42-trackseed42-tracks10pct,mouse,29,0.758589195037365,0.7535296596716333,0.005059535365731671,0.19226297166342265,0.19297432131291453,-0.000711349649491877
/mmfs1/gscratch/scrubbed/jsomeara/lynx/borzoi-repro/OUTPUTS/basic-model-trainseed42-trackseed42-tracks10pct,mouse,38,0.8572372772276351,0.8578360225244412,-0.0005987452968061469,0.2026732877790044,0.20236672488205817,0.00030656289694622196
/mmfs1/gscratch/scrubbed/jsomeara/lynx/borzoi-repro/OUTPUTS/basic-model-trainseed42-trackseed42-tracks10pct,mouse,42,0.8182670872842733,0.8191871128198176,-0.0009200255355442666,0.21475268494989608,0.21562249370452163,-0.0008698087546255562
/mmfs1/gscratch/scrubbed/jsomeara/lynx/borzoi-repro/OUTPUTS/basic-model-trainseed42-trackseed42-tracks10pct,mouse,46,0.8339874303232524,0.8337867113456144,0.0002007189776379592,0.2610141005513491,0.2609540709913786,6.002955997053139e-05
/mmfs1/gscratch/scrubbed/jsomeara/lynx/borzoi-repro/OUTPUTS/basic-model-trainseed42-trackseed42-tracks10pct,mouse,54,0.8982481828580052,0.8953835678479428,0.00286461501006241,0.21001843877214402,0.2101322721941361,-0.00011383342199208779
/mmfs1/gscratch/scrubbed/jsomeara/lynx/borzoi-repro/OUTPUTS/basic-model-trainseed42-trackseed42-tracks10pct,mouse,77,0.8588696826856914,0.8566781632469587,0.0021915194387327475,0.22228377041681677,0.22273456964149832,-0.00045079922468155287
/mmfs1/gscratch/scrubbed/jsomeara/lynx/borzoi-repro/OUTPUTS/basic-model-trainseed42-trackseed42-tracks10pct,mouse,83,0.89995372190323,0.8985921237335684,0.0013615981696615265,0.21429128088199684,0.21437089598850387,-7.961510650703052e-05
/mmfs1/gscratch/scrubbed/jsomeara/lynx/borzoi-repro/OUTPUTS/basic-model-trainseed42-trackseed42-tracks10pct,mouse,105,0.8083812701044966,0.8117892189316164,-0.003407948827119811,0.7072677780205626,0.7052382473765049,0.002029530644057753
/mmfs1/gscratch/scrubbed/jsomeara/lynx/borzoi-repro/OUTPUTS/basic-model-trainseed42-trackseed42-tracks10pct,mouse,129,0.7977204165323549,0.7992723185208578,-0.0015519019885028573,0.6659573823137053,0.6648523483986454,0.0011050339150598942
/mmfs1/gscratch/scrubbed/jsomeara/lynx/borzoi-repro/OUTPUTS/basic-model-trainseed42-trackseed42-tracks10pct,mouse,144,0.5808962500399261,0.5832213459379921,-0.002325095898066065,0.25170873665046156,0.2515941966075673,0.00011454004289424002
/mmfs1/gscratch/scrubbed/jsomeara/lynx/borzoi-repro/OUTPUTS/basic-model-trainseed42-trackseed42-tracks10pct,mouse,145,0.5813029554183909,0.5805514795532594,0.0007514758651315789,0.24575275014183662,0.2457192519643538,3.349817748282691e-05
/mmfs1/gscratch/scrubbed/jsomeara/lynx/borzoi-repro/OUTPUTS/basic-model-trainseed42-trackseed42-tracks10pct,mouse,158,0.5724365026249998,0.573488250086068,-0.0010517474610681754,0.23623569643654896,0.2360558181500814,0.00017987828646756632
/mmfs1/gscratch/scrubbed/jsomeara/lynx/borzoi-repro/OUTPUTS/basic-model-trainseed42-trackseed42-tracks10pct,mouse,162,0.8038980089760625,0.8042979732189793,-0.0003999642429168837,0.20088656081387987,0.20070238785510344,0.00018417295877642959
/mmfs1/gscratch/scrubbed/jsomeara/lynx/borzoi-repro/OUTPUTS/basic-model-trainseed42-trackseed42-tracks10pct,mouse,166,0.717495144232272,0.7214285539250053,-0.0039334096927332585,0.1983992066371583,0.19818395476817618,0.00021525186898210813
/mmfs1/gscratch/scrubbed/jsomeara/lynx/borzoi-repro/OUTPUTS/basic-model-trainseed42-trackseed42-tracks10pct,mouse,173,0.7427291588745045,0.7424627172417949,0.0002664416327096131,0.185884933198035,0.18620809718884312,-0.0003231639908081174
/mmfs1/gscratch/scrubbed/jsomeara/lynx/borzoi-repro/OUTPUTS/basic-model-trainseed42-trackseed42-tracks10pct,mouse,182,0.7563646247337166,0.7566431059753231,-0.0002784812416065652,0.21543044813151882,0.21536493035962426,6.55177718945632e-05
/mmfs1/gscratch/scrubbed/jsomeara/lynx/borzoi-repro/OUTPUTS/basic-model-trainseed42-trackseed42-tracks10pct,mouse,192,0.7589456714211614,0.7603245994302208,-0.0013789280090593659,0.22458681575328493,0.22455759033346562,2.9225419819312037e-05
/mmfs1/gscratch/scrubbed/jsomeara/lynx/borzoi-repro/OUTPUTS/basic-model-trainseed42-trackseed42-tracks10pct,mouse,194,0.5766357099072916,0.5778126201468653,-0.0011769102395736697,0.22692984444749068,0.22667399236958147,0.0002558520779092077
/mmfs1/gscratch/scrubbed/jsomeara/lynx/borzoi-repro/OUTPUTS/basic-model-trainseed42-trackseed42-tracks10pct,mouse,211,0.7807486797081888,0.7848188558970319,-0.004070176188843089,0.1806557512724579,0.18013204446283204,0.0005237068096258513
/mmfs1/gscratch/scrubbed/jsomeara/lynx/borzoi-repro/OUTPUTS/basic-model-trainseed42-trackseed42-tracks10pct,mouse,244,0.8019223168191877,0.8001895194660498,0.001732797353137916,0.16561515063614274,0.16772187602637312,-0.0021067253902303795
/mmfs1/gscratch/scrubbed/jsomeara/lynx/borzoi-repro/OUTPUTS/basic-model-trainseed42-trackseed42-tracks10pct,mouse,247,0.6072824843277399,0.5982578580199537,0.009024626307786221,0.4754016897443992,0.4806561472275841,-0.005254457483184871
/mmfs1/gscratch/scrubbed/jsomeara/lynx/borzoi-repro/OUTPUTS/basic-model-trainseed42-trackseed42-tracks10pct,mouse,254,0.5842255462808337,0.5009130298310506,0.0833125164497831,0.4556180440286897,0.4845222904851289,-0.028904246456439187
/mmfs1/gscratch/scrubbed/jsomeara/lynx/borzoi-repro/OUTPUTS/basic-model-trainseed42-trackseed42-tracks10pct,mouse,256,0.5541806314062854,0.3857991685159366,0.16838146289034878,0.7896877208621356,0.821256016222124,-0.031568295359988396
/mmfs1/gscratch/scrubbed/jsomeara/lynx/borzoi-repro/OUTPUTS/basic-model-trainseed42-trackseed42-tracks10pct,mouse,260,0.6636904965628315,0.6628685544247277,0.0008219421381038261,0.5608629875235694,0.5598381222924835,0.001024865231085914
/mmfs1/gscratch/scrubbed/jsomeara/lynx/borzoi-repro/OUTPUTS/basic-model-trainseed42-trackseed42-tracks10pct,mouse,266,0.6166314673239836,0.42085565300054495,0.1957758143234386,0.742150521550891,0.790133678593925,-0.04798315704303402
/mmfs1/gscratch/scrubbed/jsomeara/lynx/borzoi-repro/OUTPUTS/basic-model-trainseed42-trackseed42-tracks10pct,mouse,273,0.7533877177045817,0.7475202760974093,0.005867441607172341,0.20341230894879508,0.2052079025573037,-0.0017955936085086166
/mmfs1/gscratch/scrubbed/jsomeara/lynx/borzoi-repro/OUTPUTS/basic-model-trainseed42-trackseed42-tracks10pct,mouse,275,0.64539311138046,0.6408198150151838,0.004573296365276147,0.5881293901921001,0.5888493805142389,-0.0007199903221387638
/mmfs1/gscratch/scrubbed/jsomeara/lynx/borzoi-repro/OUTPUTS/basic-model-trainseed42-trackseed42-tracks10pct,mouse,280,0.6301875895878815,0.6242884639082711,0.005899125679610373,0.5102817012315098,0.518197735045292,-0.007916033813782142
/mmfs1/gscratch/scrubbed/jsomeara/lynx/borzoi-repro/OUTPUTS/basic-model-trainseed42-trackseed42-tracks10pct,mouse,285,0.653708960730448,0.6501126362646577,0.0035963244657903903,0.5125225988998297,0.5156784932398819,-0.0031558943400522566
/mmfs1/gscratch/scrubbed/jsomeara/lynx/borzoi-repro/OUTPUTS/basic-model-trainseed42-trackseed42-tracks10pct,mouse,290,0.857593828167205,0.851519403748032,0.006074424419172941,-0.021084533768017926,-0.016501329632101425,-0.004583204135916501
/mmfs1/gscratch/scrubbed/jsomeara/lynx/borzoi-repro/OUTPUTS/basic-model-trainseed42-trackseed42-tracks10pct,mouse,329,0.7462196045310497,0.7462122191600498,7.385370999979379e-06,0.3286681578939043,0.3293989719683756,-0.0007308140744712865
/mmfs1/gscratch/scrubbed/jsomeara/lynx/borzoi-repro/OUTPUTS/basic-model-trainseed42-trackseed42-tracks10pct,mouse,338,0.727950132871492,0.7256470874305132,0.0023030454409788126,0.52941491806841,0.5301452535059504,-0.0007303354375404192
/mmfs1/gscratch/scrubbed/jsomeara/lynx/borzoi-repro/OUTPUTS/basic-model-trainseed42-trackseed42-tracks10pct,mouse,354,0.5718233415125396,0.5583832091012482,0.013440132411291383,0.27258957684583274,0.2849637082547192,-0.012374131408886435
/mmfs1/gscratch/scrubbed/jsomeara/lynx/borzoi-repro/OUTPUTS/basic-model-trainseed42-trackseed42-tracks10pct,mouse,381,0.597554687907528,0.5991608244237383,-0.0016061365162103325,0.7716364928085551,0.7710645572627525,0.0005719355458025932
/mmfs1/gscratch/scrubbed/jsomeara/lynx/borzoi-repro/OUTPUTS/basic-model-trainseed42-trackseed42-tracks10pct,mouse,394,0.7813320404142684,0.7797831021058875,0.001548938308380876,0.3659342331479765,0.36518214715929487,0.00075208598868165
/mmfs1/gscratch/scrubbed/jsomeara/lynx/borzoi-repro/OUTPUTS/basic-model-trainseed42-trackseed42-tracks10pct,mouse,398,0.8736815910351888,0.871645767818517,0.0020358232166718393,-0.5923025786974012,-0.5879542914783519,-0.0043482872190493405
/mmfs1/gscratch/scrubbed/jsomeara/lynx/borzoi-repro/OUTPUTS/basic-model-trainseed42-trackseed42-tracks10pct,mouse,399,0.7303061986150337,0.7257676832186982,0.00453851539633543,0.584575500500895,0.5870762267740866,-0.0025007262731915336
/mmfs1/gscratch/scrubbed/jsomeara/lynx/borzoi-repro/OUTPUTS/basic-model-trainseed42-trackseed42-tracks10pct,mouse,407,0.8228592587724382,0.8128349794194173,0.01002427935302086,0.36795732117887175,0.36982317221992184,-0.0018658510410500817
/mmfs1/gscratch/scrubbed/jsomeara/lynx/borzoi-repro/OUTPUTS/basic-model-trainseed42-trackseed42-tracks10pct,mouse,427,0.4780569773455459,0.4722416462476186,0.005815331097927312,0.7376610868959078,0.7399167878972288,-0.0022557010013209977
/mmfs1/gscratch/scrubbed/jsomeara/lynx/borzoi-repro/OUTPUTS/basic-model-trainseed42-trackseed42-tracks10pct,mouse,430,0.8250718172561714,0.8217324702744322,0.0033393469817392107,0.4215133656473076,0.4203357409899866,0.0011776246573210192
/mmfs1/gscratch/scrubbed/jsomeara/lynx/borzoi-repro/OUTPUTS/basic-model-trainseed42-trackseed42-tracks10pct,mouse,445,0.5141575673770533,0.5157901420241306,-0.001632574647077334,0.8349175113773061,0.8348169002084835,0.00010061116882253973
/mmfs1/gscratch/scrubbed/jsomeara/lynx/borzoi-repro/OUTPUTS/basic-model-trainseed42-trackseed42-tracks10pct,mouse,447,0.5318834121280407,0.5308165197972964,0.0010668923307443068,0.8155099043450924,0.8158495825387646,-0.0003396781936721993
/mmfs1/gscratch/scrubbed/jsomeara/lynx/borzoi-repro/OUTPUTS/basic-model-trainseed42-trackseed42-tracks10pct,mouse,456,0.7177230613018046,0.7157790925208154,0.0019439687809892359,0.6464517230811025,0.646442023936084,9.699145018582378e-06
/mmfs1/gscratch/scrubbed/jsomeara/lynx/borzoi-repro/OUTPUTS/basic-model-trainseed42-trackseed42-tracks10pct,mouse,461,0.6046608539619155,0.5812433801736195,0.02341747378829595,0.7976337301084123,0.8038607010387496,-0.0062269709303373055
/mmfs1/gscratch/scrubbed/jsomeara/lynx/borzoi-repro/OUTPUTS/basic-model-trainseed42-trackseed42-tracks10pct,mouse,463,0.5312876604339449,0.5132951867090194,0.017992473724925517,0.7818609268288089,0.7868847393359164,-0.0050238125071074835
/mmfs1/gscratch/scrubbed/jsomeara/lynx/borzoi-repro/OUTPUTS/basic-model-trainseed42-trackseed42-tracks10pct,mouse,470,0.5497958406524842,0.550804858821262,-0.0010090181687777422,0.8321997687623055,0.8322233667565757,-2.3597994270208034e-05
/mmfs1/gscratch/scrubbed/jsomeara/lynx/borzoi-repro/OUTPUTS/basic-model-trainseed42-trackseed42-tracks10pct,mouse,486,0.48929272177955113,0.48035429406813906,0.008938427711412067,0.7863093952418443,0.7873054689112214,-0.000996073669377151
/mmfs1/gscratch/scrubbed/jsomeara/lynx/borzoi-repro/OUTPUTS/basic-model-trainseed42-trackseed42-tracks10pct,mouse,502,0.5334822549170989,0.5317157045720868,0.0017665503450120523,0.8107167554607998,0.8101496444419022,0.0005671110188976147
/mmfs1/gscratch/scrubbed/jsomeara/lynx/borzoi-repro/OUTPUTS/basic-model-trainseed42-trackseed42-tracks10pct,mouse,504,0.5801458084443337,0.5611374535133599,0.01900835493097386,0.8241125621368732,0.8283844660716659,-0.004271903934792709
/mmfs1/gscratch/scrubbed/jsomeara/lynx/borzoi-repro/OUTPUTS/basic-model-trainseed42-trackseed42-tracks10pct,mouse,518,0.6566935013975485,0.6589619684188955,-0.002268467021347087,0.6630813046813284,0.6631172224336578,-3.5917752329361896e-05
/mmfs1/gscratch/scrubbed/jsomeara/lynx/borzoi-repro/OUTPUTS/basic-model-trainseed42-trackseed42-tracks10pct,mouse,519,0.9209890731818012,0.9179684691396189,0.0030206040421822955,-0.48447246996162135,-0.48004076462095346,-0.004431705340667891
/mmfs1/gscratch/scrubbed/jsomeara/lynx/borzoi-repro/OUTPUTS/basic-model-trainseed42-trackseed42-tracks10pct,mouse,528,0.8222837653287641,0.825439408804887,-0.003155643476122849,0.527277635286233,0.525518577720388,0.0017590575658449348
/mmfs1/gscratch/scrubbed/jsomeara/lynx/borzoi-repro/OUTPUTS/basic-model-trainseed42-trackseed42-tracks10pct,mouse,534,0.767686754846804,0.7671231763516866,0.0005635784951174561,0.5173549078432922,0.5204289445995149,-0.0030740367562227533
/mmfs1/gscratch/scrubbed/jsomeara/lynx/borzoi-repro/OUTPUTS/basic-model-trainseed42-trackseed42-tracks10pct,mouse,536,0.8585470746554937,0.8563551440992782,0.002191930556215582,0.5109376768406548,0.5119942626264311,-0.0010565857857762762
/mmfs1/gscratch/scrubbed/jsomeara/lynx/borzoi-repro/OUTPUTS/basic-model-trainseed42-trackseed42-tracks10pct,mouse,549,0.7304441278440647,0.7319759539037309,-0.0015318260596662858,0.6822378855436378,0.681571889296166,0.0006659962474718784
/mmfs1/gscratch/scrubbed/jsomeara/lynx/borzoi-repro/OUTPUTS/basic-model-trainseed42-trackseed42-tracks10pct,mouse,550,0.8227912021079492,0.8252124053440686,-0.0024212032361193847,0.5087167273748736,0.5071994173806655,0.0015173099942080714
/mmfs1/gscratch/scrubbed/jsomeara/lynx/borzoi-repro/OUTPUTS/basic-model-trainseed42-trackseed42-tracks10pct,mouse,551,0.7979760380779054,0.7953169102485287,0.0026591278293767173,0.5514177424766352,0.5522701570564867,-0.0008524145798515237
/mmfs1/gscratch/scrubbed/jsomeara/lynx/borzoi-repro/OUTPUTS/basic-model-trainseed42-trackseed42-tracks10pct,mouse,554,0.8675954685963283,0.8673975256272438,0.00019794296908448583,-0.2823991985837783,-0.2810005345531705,-0.0013986640306078435
/mmfs1/gscratch/scrubbed/jsomeara/lynx/borzoi-repro/OUTPUTS/basic-model-trainseed42-trackseed42-tracks10pct,mouse,582,0.8229245593244285,0.8256689721111693,-0.0027444127867407575,0.4943281186277006,0.4925115877493262,0.0018165308783744116
/mmfs1/gscratch/scrubbed/jsomeara/lynx/borzoi-repro/OUTPUTS/basic-model-trainseed42-trackseed42-tracks10pct,mouse,587,0.9146589501900398,0.9130520702438838,0.001606879946156048,-0.6574576120530672,-0.6531191646326785,-0.004338447420388691
/mmfs1/gscratch/scrubbed/jsomeara/lynx/borzoi-repro/OUTPUTS/basic-model-trainseed42-trackseed42-tracks10pct,mouse,601,0.6315629356705689,0.6327462770520399,-0.0011833413814710259,0.773069472914177,0.773077373715877,-7.900801699989302e-06
/mmfs1/gscratch/scrubbed/jsomeara/lynx/borzoi-repro/OUTPUTS/basic-model-trainseed42-trackseed42-tracks10pct,mouse,602,0.7357685244126457,0.7306654907770262,0.0051030336356194805,0.426255589494092,0.4310336565457841,-0.0047780670516921475
/mmfs1/gscratch/scrubbed/jsomeara/lynx/borzoi-repro/OUTPUTS/basic-model-trainseed42-trackseed42-tracks10pct,mouse,613,0.758963473184256,0.7563945247654382,0.002568948418817829,0.6260205235654712,0.6271541142323991,-0.001133590666927864
/mmfs1/gscratch/scrubbed/jsomeara/lynx/borzoi-repro/OUTPUTS/basic-model-trainseed42-trackseed42-tracks10pct,mouse,618,0.918639274958735,0.9162961666248145,0.002343108333920485,-0.5374141684545736,-0.5340074925280296,-0.0034066759265439783
/mmfs1/gscratch/scrubbed/jsomeara/lynx/borzoi-repro/OUTPUTS/basic-model-trainseed42-trackseed42-tracks10pct,mouse,619,0.9181476920113549,0.9155846207563971,0.002563071254957805,-0.49257495841693427,-0.4892532848735632,-0.0033216735433710953
/mmfs1/gscratch/scrubbed/jsomeara/lynx/borzoi-repro/OUTPUTS/basic-model-trainseed42-trackseed42-tracks10pct,mouse,636,0.7336738573910199,0.7319201707632395,0.0017536866277804153,0.4894603018158869,0.4915153156769444,-0.0020550138610574975
/mmfs1/gscratch/scrubbed/jsomeara/lynx/borzoi-repro/OUTPUTS/basic-model-trainseed42-trackseed42-tracks10pct,mouse,637,0.6083432081525005,0.6104496872692541,-0.0021064791167535457,0.7553204607228207,0.7548588835653728,0.00046157715744787886
/mmfs1/gscratch/scrubbed/jsomeara/lynx/borzoi-repro/OUTPUTS/basic-model-trainseed42-trackseed42-tracks10pct,mouse,658,0.7602504232950819,0.7582979654836026,0.0019524578114792357,0.5294653328630993,0.5298394160748104,-0.00037408321171117365
/mmfs1/gscratch/scrubbed/jsomeara/lynx/borzoi-repro/OUTPUTS/basic-model-trainseed42-trackseed42-tracks10pct,mouse,666,0.9134958574171494,0.9108379122896383,0.002657945127511163,-0.44296665398625257,-0.43923710922964543,-0.0037295447566071394
/mmfs1/gscratch/scrubbed/jsomeara/lynx/borzoi-repro/OUTPUTS/basic-model-trainseed42-trackseed42-tracks10pct,mouse,667,0.7642029148769924,0.7654188699297161,-0.0012159550527236496,0.7599325834591223,0.7596866684643064,0.00024591499481585455
/mmfs1/gscratch/scrubbed/jsomeara/lynx/borzoi-repro/OUTPUTS/basic-model-trainseed42-trackseed42-tracks10pct,mouse,698,0.9248158012714153,0.9228351090529541,0.0019806922184611997,-0.31198959076418675,-0.30827420444353626,-0.0037153863206504933
/mmfs1/gscratch/scrubbed/jsomeara/lynx/borzoi-repro/OUTPUTS/basic-model-trainseed42-trackseed42-tracks10pct,mouse,709,0.7407284278443002,0.7365742400382539,0.004154187806046261,0.5928670781883606,0.5947551099065473,-0.0018880317181867445
/mmfs1/gscratch/scrubbed/jsomeara/lynx/borzoi-repro/OUTPUTS/basic-model-trainseed42-trackseed42-tracks10pct,mouse,717,0.8338792816556244,0.8366920387164442,-0.002812757060819737,0.47255268551161766,0.4703141655018453,0.002238520009772371
/mmfs1/gscratch/scrubbed/jsomeara/lynx/borzoi-repro/OUTPUTS/basic-model-trainseed42-trackseed42-tracks10pct,mouse,719,0.8138920879284213,0.811768059506839,0.0021240284215823246,0.6633756584079094,0.6642641904791462,-0.0008885320712368472
/mmfs1/gscratch/scrubbed/jsomeara/lynx/borzoi-repro/OUTPUTS/basic-model-trainseed42-trackseed42-tracks10pct,mouse,747,0.6287650575068922,0.6311443063154774,-0.0023792488085851993,0.7649625798996111,0.764308779714528,0.0006538001850830977
/mmfs1/gscratch/scrubbed/jsomeara/lynx/borzoi-repro/OUTPUTS/basic-model-trainseed42-trackseed42-tracks10pct,mouse,750,0.8900376698447899,0.8890084935404194,0.0010291763043704938,-0.10477280692459814,-0.10343129436328019,-0.0013415125613179535
/mmfs1/gscratch/scrubbed/jsomeara/lynx/borzoi-repro/OUTPUTS/basic-model-trainseed42-trackseed42-tracks10pct,mouse,751,0.8657939451614197,0.8630846831333723,0.0027092620280474433,0.316649810824796,0.3193057357495228,-0.002655924924726827
/mmfs1/gscratch/scrubbed/jsomeara/lynx/borzoi-repro/OUTPUTS/basic-model-trainseed42-trackseed42-tracks10pct,mouse,753,0.8635863069792894,0.8603859319289714,0.003200375050318005,0.4505036998236088,0.45183751988974014,-0.0013338200661313082
/mmfs1/gscratch/scrubbed/jsomeara/lynx/borzoi-repro/OUTPUTS/basic-model-trainseed42-trackseed42-tracks10pct,mouse,758,0.7852088967838301,0.7813882839000563,0.0038206128837737774,0.5390326275604147,0.5408775949760661,-0.0018449674156514329
/mmfs1/gscratch/scrubbed/jsomeara/lynx/borzoi-repro/OUTPUTS/basic-model-trainseed42-trackseed42-tracks10pct,mouse,765,0.7055441843892185,0.7064293863985118,-0.0008852020092933177,0.7140463587379942,0.7135991232394456,0.00044723549854852607
/mmfs1/gscratch/scrubbed/jsomeara/lynx/borzoi-repro/OUTPUTS/basic-model-trainseed42-trackseed42-tracks10pct,mouse,768,0.8676223323114097,0.8643321104125345,0.0032902218988751786,0.007505483588267046,0.010264873664995825,-0.002759390076728779
/mmfs1/gscratch/scrubbed/jsomeara/lynx/borzoi-repro/OUTPUTS/basic-model-trainseed42-trackseed42-tracks10pct,mouse,787,0.7255371756944567,0.721820096487042,0.0037170792074147085,0.5095075914327264,0.5114727695014002,-0.0019651780686738007
/mmfs1/gscratch/scrubbed/jsomeara/lynx/borzoi-repro/OUTPUTS/basic-model-trainseed42-trackseed42-tracks10pct,mouse,790,0.8234377239220114,0.8218791144572444,0.0015586094647670468,0.5687035343184923,0.5687740847078834,-7.05503893910775e-05
/mmfs1/gscratch/scrubbed/jsomeara/lynx/borzoi-repro/OUTPUTS/basic-model-trainseed42-trackseed42-tracks10pct,mouse,805,0.8462649333398153,0.8437554024359029,0.0025095309039124825,-0.33547340242215495,-0.330841214057466,-0.004632188364688927
/mmfs1/gscratch/scrubbed/jsomeara/lynx/borzoi-repro/OUTPUTS/basic-model-trainseed42-trackseed42-tracks10pct,mouse,807,0.8707516093217244,0.866452629050964,0.004298980270760366,0.40035352657894213,0.4027455142276522,-0.00239198764871007
/mmfs1/gscratch/scrubbed/jsomeara/lynx/borzoi-repro/OUTPUTS/basic-model-trainseed42-trackseed42-tracks10pct,mouse,808,0.8573599299433119,0.8544305559315895,0.002929374011722441,-0.29492570992888495,-0.29141036598710646,-0.0035153439417784926
/mmfs1/gscratch/scrubbed/jsomeara/lynx/borzoi-repro/OUTPUTS/basic-model-trainseed42-trackseed42-tracks10pct,mouse,809,0.693334923452732,0.6940102945414063,-0.0006753710886743258,0.6706008528094005,0.6711314974726471,-0.0005306446632465933
/mmfs1/gscratch/scrubbed/jsomeara/lynx/borzoi-repro/OUTPUTS/basic-model-trainseed42-trackseed42-tracks10pct,mouse,824,0.786776265672422,0.7884713864315882,-0.0016951207591662243,0.7027588622671923,0.7025110805641218,0.0002477817030704932
/mmfs1/gscratch/scrubbed/jsomeara/lynx/borzoi-repro/OUTPUTS/basic-model-trainseed42-trackseed42-tracks10pct,mouse,839,0.7906106516783953,0.7914176471882295,-0.0008069955098342074,0.6289522677660295,0.6283648223737271,0.000587445392302377
/mmfs1/gscratch/scrubbed/jsomeara/lynx/borzoi-repro/OUTPUTS/basic-model-trainseed42-trackseed42-tracks10pct,mouse,848,0.9238876773948803,0.9212134400341415,0.002674237360738796,-0.30951122081144594,-0.3062613070884566,-0.0032499137229893282
/mmfs1/gscratch/scrubbed/jsomeara/lynx/borzoi-repro/OUTPUTS/basic-model-trainseed42-trackseed42-tracks10pct,mouse,871,0.8131961024796192,0.8142961733661005,-0.0011000708864813413,0.6775920912029387,0.6771818507276856,0.0004102404752531763
/mmfs1/gscratch/scrubbed/jsomeara/lynx/borzoi-repro/OUTPUTS/basic-model-trainseed42-trackseed42-tracks10pct,mouse,876,0.8442881408944976,0.8424393976117716,0.0018487432827259953,0.5572656638408507,0.5563735204107821,0.0008921434300686037
/mmfs1/gscratch/scrubbed/jsomeara/lynx/borzoi-repro/OUTPUTS/basic-model-trainseed42-trackseed42-tracks10pct,mouse,883,0.8680287264696704,0.8664190797135092,0.0016096467561612648,-0.33872300121970855,-0.33581452787078087,-0.002908473348927687
/mmfs1/gscratch/scrubbed/jsomeara/lynx/borzoi-repro/OUTPUTS/basic-model-trainseed42-trackseed42-tracks10pct,mouse,885,0.6605133329542336,0.6597002308576573,0.000813102096576368,0.7113819050082929,0.7122786189875361,-0.00089671397924318
/mmfs1/gscratch/scrubbed/jsomeara/lynx/borzoi-repro/OUTPUTS/basic-model-trainseed42-trackseed42-tracks10pct,mouse,920,0.9062870212307479,0.9042478746925077,0.002039146538240222,-0.0996251267201319,-0.09670489251667656,-0.0029202342034553436
/mmfs1/gscratch/scrubbed/jsomeara/lynx/borzoi-repro/OUTPUTS/basic-model-trainseed42-trackseed42-tracks10pct,mouse,926,0.918338212939518,0.9168224067196808,0.001515806219837157,-0.2246894186460594,-0.22249850869062526,-0.0021909099554341394
/mmfs1/gscratch/scrubbed/jsomeara/lynx/borzoi-repro/OUTPUTS/basic-model-trainseed42-trackseed42-tracks10pct,mouse,947,0.921881015186468,0.9195718292027785,0.0023091859836895656,-0.5601097364896623,-0.5564435586068116,-0.0036661778828507297
/mmfs1/gscratch/scrubbed/jsomeara/lynx/borzoi-repro/OUTPUTS/basic-model-trainseed42-trackseed42-tracks10pct,mouse,954,0.8505154278717367,0.8468423055040463,0.0036731223676904623,0.5527372579332049,0.5543228345572055,-0.0015855766240006064
/mmfs1/gscratch/scrubbed/jsomeara/lynx/borzoi-repro/OUTPUTS/basic-model-trainseed42-trackseed42-tracks10pct,mouse,965,0.7911811558216062,0.7911225876224135,5.8568199192698955e-05,0.6639476783803822,0.6635800199685736,0.00036765841180852465
/mmfs1/gscratch/scrubbed/jsomeara/lynx/borzoi-repro/OUTPUTS/basic-model-trainseed42-trackseed42-tracks10pct,mouse,1002,0.7864113248529232,0.7837803503514877,0.002630974501435457,0.4626042349659919,0.46393277083624584,-0.001328535870253944
/mmfs1/gscratch/scrubbed/jsomeara/lynx/borzoi-repro/OUTPUTS/basic-model-trainseed42-trackseed42-tracks10pct,mouse,1008,0.7632831907350379,0.7596176910115392,0.003665499723498722,0.5972170370789127,0.5986124195696584,-0.001395382490745667
/mmfs1/gscratch/scrubbed/jsomeara/lynx/borzoi-repro/OUTPUTS/basic-model-trainseed42-trackseed42-tracks10pct,mouse,1010,0.7502134817467377,0.7479680422414506,0.0022454395052871057,0.665789525134531,0.666595049818265,-0.0008055246837339602
/mmfs1/gscratch/scrubbed/jsomeara/lynx/borzoi-repro/OUTPUTS/basic-model-trainseed42-trackseed42-tracks10pct,mouse,1013,0.7994109066515085,0.7972603957797412,0.0021505108717673194,0.5956282777543079,0.5969723015479237,-0.0013440237936157562
/mmfs1/gscratch/scrubbed/jsomeara/lynx/borzoi-repro/OUTPUTS/basic-model-trainseed42-trackseed42-tracks10pct,mouse,1025,0.6148706851870595,0.5690925783554507,0.04577810683160877,0.5668723651457084,0.5947837679490362,-0.027911402803327823
/mmfs1/gscratch/scrubbed/jsomeara/lynx/borzoi-repro/OUTPUTS/basic-model-trainseed42-trackseed42-tracks10pct,mouse,1026,0.8082497143677384,0.8047468986950103,0.0035028156727281434,0.6608080179904638,0.6624584719196854,-0.0016504539292215847
/mmfs1/gscratch/scrubbed/jsomeara/lynx/borzoi-repro/OUTPUTS/basic-model-trainseed42-trackseed42-tracks10pct,mouse,1034,0.7453586795036794,0.7468230224379144,-0.00146434293423503,0.6383214265238111,0.6374437970702682,0.0008776294535428608
/mmfs1/gscratch/scrubbed/jsomeara/lynx/borzoi-repro/OUTPUTS/basic-model-trainseed42-trackseed42-tracks10pct,mouse,1074,0.5763129066098232,0.5812008846984518,-0.0048879780886286195,0.7536068992022604,0.752239462659793,0.001367436542467404
/mmfs1/gscratch/scrubbed/jsomeara/lynx/borzoi-repro/OUTPUTS/basic-model-trainseed42-trackseed42-tracks10pct,mouse,1079,0.8594238924808348,0.8567980314520324,0.0026258610288024675,0.5842570345333353,0.5857808653830234,-0.0015238308496881015
/mmfs1/gscratch/scrubbed/jsomeara/lynx/borzoi-repro/OUTPUTS/basic-model-trainseed42-trackseed42-tracks10pct,mouse,1086,0.7602933228435043,0.759130707601807,0.0011626152416972513,0.501271591116828,0.5017076945177908,-0.000436103400962895
/mmfs1/gscratch/scrubbed/jsomeara/lynx/borzoi-repro/OUTPUTS/basic-model-trainseed42-trackseed42-tracks10pct,mouse,1090,0.6664271382536726,0.6670252684229516,-0.0005981301692790097,0.7775141372971226,0.7773361681260842,0.0001779691710384057
/mmfs1/gscratch/scrubbed/jsomeara/lynx/borzoi-repro/OUTPUTS/basic-model-trainseed42-trackseed42-tracks10pct,mouse,1109,0.827207192892826,0.8240589466950375,0.003148246197788418,0.34821942410263185,0.3490199420525218,-0.0008005179498899451
/mmfs1/gscratch/scrubbed/jsomeara/lynx/borzoi-repro/OUTPUTS/basic-model-trainseed42-trackseed42-tracks10pct,mouse,1121,0.526914116541988,0.5130955233487136,0.013818593193274498,0.5860474081827454,0.592864581936026,-0.006817173753280614
/mmfs1/gscratch/scrubbed/jsomeara/lynx/borzoi-repro/OUTPUTS/basic-model-trainseed42-trackseed42-tracks10pct,mouse,1128,0.7041562849468114,0.6969764323513427,0.0071798525954687165,-0.3679328493061617,-0.3465664750574569,-0.0213663742487048
/mmfs1/gscratch/scrubbed/jsomeara/lynx/borzoi-repro/OUTPUTS/basic-model-trainseed42-trackseed42-tracks10pct,mouse,1139,0.4646736311561775,0.454724243479812,0.009949387676365495,0.6968354324661655,0.6988085352014136,-0.001973102735248089
/mmfs1/gscratch/scrubbed/jsomeara/lynx/borzoi-repro/OUTPUTS/basic-model-trainseed42-trackseed42-tracks10pct,mouse,1143,0.5337002930749574,0.5180351992088891,0.01566509386606829,0.4375045416963261,0.4439188358828468,-0.00641429418652073
/mmfs1/gscratch/scrubbed/jsomeara/lynx/borzoi-repro/OUTPUTS/basic-model-trainseed42-trackseed42-tracks10pct,mouse,1145,0.5328841184652121,0.5191251624587127,0.013758956006499456,0.18787891680828328,0.19480866920420284,-0.006929752395919558
/mmfs1/gscratch/scrubbed/jsomeara/lynx/borzoi-repro/OUTPUTS/basic-model-trainseed42-trackseed42-tracks10pct,mouse,1153,0.613853390755624,0.5942957228369022,0.01955766791872171,-0.0009211448224476456,0.017988779033067052,-0.0189099238555147
/mmfs1/gscratch/scrubbed/jsomeara/lynx/borzoi-repro/OUTPUTS/basic-model-trainseed42-trackseed42-tracks10pct,mouse,1159,0.5665085705972149,0.5538383505820136,0.01267022001520135,0.2861892067022225,0.2964314986973844,-0.010242291995161912
/mmfs1/gscratch/scrubbed/jsomeara/lynx/borzoi-repro/OUTPUTS/basic-model-trainseed42-trackseed42-tracks10pct,mouse,1170,0.6458899685161871,0.635810799110436,0.010079169405751043,0.09698351943474824,0.11682225419265377,-0.019838734757905527
/mmfs1/gscratch/scrubbed/jsomeara/lynx/borzoi-repro/OUTPUTS/basic-model-trainseed42-trackseed42-tracks10pct,mouse,1183,0.6406540627178829,0.6191792377945251,0.021474824923357838,0.1962151419025479,0.21409007677822744,-0.017874934875679538
/mmfs1/gscratch/scrubbed/jsomeara/lynx/borzoi-repro/OUTPUTS/basic-model-trainseed42-trackseed42-tracks10pct,mouse,1185,0.5334047195686585,0.5260221447259624,0.00738257484269611,0.6433075739258037,0.6450219944143379,-0.0017144204885342074
/mmfs1/gscratch/scrubbed/jsomeara/lynx/borzoi-repro/OUTPUTS/basic-model-trainseed42-trackseed42-tracks10pct,mouse,1191,0.5315508481731501,0.5118355930202592,0.019715255152890965,-0.0982000017512995,-0.08439085654746334,-0.013809145203836165
/mmfs1/gscratch/scrubbed/jsomeara/lynx/borzoi-repro/OUTPUTS/basic-model-trainseed42-trackseed42-tracks10pct,mouse,1192,0.4809825159138488,0.4710299992245961,0.009952516689252677,0.7320501555133292,0.7344952125321097,-0.0024450570187805054
/mmfs1/gscratch/scrubbed/jsomeara/lynx/borzoi-repro/OUTPUTS/basic-model-trainseed42-trackseed42-tracks10pct,mouse,1196,0.529422718112919,0.5183379054556642,0.011084812657254806,0.6380866144751546,0.6451487160364502,-0.007062101561295608
/mmfs1/gscratch/scrubbed/jsomeara/lynx/borzoi-repro/OUTPUTS/basic-model-trainseed42-trackseed42-tracks10pct,mouse,1204,0.7233481242723886,0.7253214234631089,-0.0019732991907203123,-2.4027463124529285,-2.402543528612676,-0.0002027838402525184
/mmfs1/gscratch/scrubbed/jsomeara/lynx/borzoi-repro/OUTPUTS/basic-model-trainseed42-trackseed42-tracks10pct,mouse,1210,0.4384741593827871,0.43829915312009116,0.00017500626269595365,-0.4773839281219461,-0.47478872116760096,-0.0025952069543451195
/mmfs1/gscratch/scrubbed/jsomeara/lynx/borzoi-repro/OUTPUTS/basic-model-trainseed42-trackseed42-tracks10pct,mouse,1256,0.5618881250676353,0.5569556603364652,0.00493246473117015,0.4774466475735638,0.4808333812577655,-0.0033867336842016704
/mmfs1/gscratch/scrubbed/jsomeara/lynx/borzoi-repro/OUTPUTS/basic-model-trainseed42-trackseed42-tracks10pct,mouse,1269,0.534181913434349,0.5222214388227329,0.01196047461161609,0.5951291351405111,0.6010789075447069,-0.005949772404195808
/mmfs1/gscratch/scrubbed/jsomeara/lynx/borzoi-repro/OUTPUTS/basic-model-trainseed42-trackseed42-tracks10pct,mouse,1273,0.8387111113251531,0.8346143666408221,0.004096744684330966,-0.1294225412697722,-0.12493245491070862,-0.004490086359063589
/mmfs1/gscratch/scrubbed/jsomeara/lynx/borzoi-repro/OUTPUTS/basic-model-trainseed42-trackseed42-tracks10pct,mouse,1279,0.8185491027705757,0.8182391686275087,0.0003099341430670144,-0.12985889830627872,-0.1311015145143757,0.001242616208096986
/mmfs1/gscratch/scrubbed/jsomeara/lynx/borzoi-repro/OUTPUTS/basic-model-trainseed42-trackseed42-tracks10pct,mouse,1294,0.6338624046031566,0.634448808406424,-0.0005864038032674657,0.02901240445253184,0.028386638561602714,0.000625765890929126
/mmfs1/gscratch/scrubbed/jsomeara/lynx/borzoi-repro/OUTPUTS/basic-model-trainseed42-trackseed42-tracks10pct,mouse,1299,0.661584680185512,0.665428949966359,-0.003844269780847065,-0.15820650698252933,-0.16042585613822552,0.0022193491556961875
/mmfs1/gscratch/scrubbed/jsomeara/lynx/borzoi-repro/OUTPUTS/basic-model-trainseed42-trackseed42-tracks10pct,mouse,1300,0.635348294762845,0.6454081917110476,-0.010059896948202529,-0.09646299797412777,-0.09939188272861203,0.0029288847544842594
/mmfs1/gscratch/scrubbed/jsomeara/lynx/borzoi-repro/OUTPUTS/basic-model-trainseed42-trackseed42-tracks10pct,mouse,1305,0.5933618671206152,0.5974086614412965,-0.004046794320681224,0.022524438278467413,0.022010440995546,0.0005139972829214141
/mmfs1/gscratch/scrubbed/jsomeara/lynx/borzoi-repro/OUTPUTS/basic-model-trainseed42-trackseed42-tracks10pct,mouse,1312,0.6290707574593336,0.6338132426366824,-0.004742485177348765,-0.03770904197906759,-0.03976999586806559,0.0020609538889979975
/mmfs1/gscratch/scrubbed/jsomeara/lynx/borzoi-repro/OUTPUTS/basic-model-trainseed42-trackseed42-tracks10pct,mouse,1337,0.6762568529977905,0.673945583974367,0.00231126902342349,-0.05545640416748285,-0.05503735736151161,-0.00041904680597124044
/mmfs1/gscratch/scrubbed/jsomeara/lynx/borzoi-repro/OUTPUTS/basic-model-trainseed42-trackseed42-tracks10pct,mouse,1343,0.6299157380051391,0.6337363944662519,-0.003820656461112737,-0.01169418339913604,-0.013708944955039399,0.0020147615559033584
/mmfs1/gscratch/scrubbed/jsomeara/lynx/borzoi-repro/OUTPUTS/basic-model-trainseed42-trackseed42-tracks10pct,mouse,1358,0.7087878160183921,0.7084292096382561,0.0003586063801360728,-0.06175255006922498,-0.06255952339838595,0.0008069733291609718
/mmfs1/gscratch/scrubbed/jsomeara/lynx/borzoi-repro/OUTPUTS/basic-model-trainseed42-trackseed42-tracks10pct,mouse,1366,0.5872601607065233,0.5828598179098893,0.004400342796634038,-0.002983248022473866,-0.0018465760654519017,-0.0011366719570219644
/mmfs1/gscratch/scrubbed/jsomeara/lynx/borzoi-repro/OUTPUTS/basic-model-trainseed42-trackseed42-tracks10pct,mouse,1369,0.7150161103123692,0.7169723872139337,-0.0019562769015645243,-0.11560552013764053,-0.11623031248124455,0.0006247923436040193
/mmfs1/gscratch/scrubbed/jsomeara/lynx/borzoi-repro/OUTPUTS/basic-model-trainseed42-trackseed42-tracks10pct,mouse,1381,0.7186746212674844,0.720001567208746,-0.0013269459412615925,-0.0756268303893816,-0.07791553291469076,0.002288702525309161
/mmfs1/gscratch/scrubbed/jsomeara/lynx/borzoi-repro/OUTPUTS/basic-model-trainseed42-trackseed42-tracks10pct,mouse,1403,0.5723489311157491,0.579275534702269,-0.006926603586519864,0.15377992590710304,0.15183077482368415,0.001949151083418893
/mmfs1/gscratch/scrubbed/jsomeara/lynx/borzoi-repro/OUTPUTS/basic-model-trainseed42-trackseed42-tracks10pct,mouse,1421,0.6845197558665135,0.6810163653087437,0.0035033905577698254,-0.010590666674103619,-0.011399087864112893,0.0008084211900092741
/mmfs1/gscratch/scrubbed/jsomeara/lynx/borzoi-repro/OUTPUTS/basic-model-trainseed42-trackseed42-tracks10pct,mouse,1435,0.615856520347977,0.624585591776779,-0.008729071428801971,-0.044000938446551084,-0.046976332163649666,0.0029753937170985817
/mmfs1/gscratch/scrubbed/jsomeara/lynx/borzoi-repro/OUTPUTS/basic-model-trainseed42-trackseed42-tracks10pct,mouse,1457,0.5970836513807063,0.6043631130275484,-0.0072794616468421225,-0.025443203179660277,-0.028235079230766225,0.002791876051105948
/mmfs1/gscratch/scrubbed/jsomeara/lynx/borzoi-repro/OUTPUTS/basic-model-trainseed42-trackseed42-tracks10pct,mouse,1479,0.5529818581747451,0.5564444246302654,-0.003462566455520344,-0.004181271075581535,-0.003388708593247246,-0.0007925624823342894
/mmfs1/gscratch/scrubbed/jsomeara/lynx/borzoi-repro/OUTPUTS/basic-model-trainseed42-trackseed42-tracks10pct,mouse,1495,0.6324033115706355,0.6382619431631169,-0.005858631592481456,0.029068596122787053,0.028072532290610807,0.0009960638321762465
/mmfs1/gscratch/scrubbed/jsomeara/lynx/borzoi-repro/OUTPUTS/basic-model-trainseed42-trackseed42-tracks10pct,mouse,1512,0.7337513151497852,0.7286743532413874,0.005076961908397792,-0.1791985952585467,-0.17836800336349976,-0.0008305918950469449
/mmfs1/gscratch/scrubbed/jsomeara/lynx/borzoi-repro/OUTPUTS/basic-model-trainseed42-trackseed42-tracks10pct,mouse,1513,0.6805932976974868,0.6812918601197154,-0.0006985624222286546,-0.13274376109055103,-0.13281800810616085,7.42470156098185e-05
/mmfs1/gscratch/scrubbed/jsomeara/lynx/borzoi-repro/OUTPUTS/basic-model-trainseed42-trackseed42-tracks10pct,mouse,1516,0.6458175274121034,0.6400706709041626,0.005746856507940823,-0.249415127619762,-0.24932837004865196,-8.675757111004101e-05
/mmfs1/gscratch/scrubbed/jsomeara/lynx/borzoi-repro/OUTPUTS/basic-model-trainseed42-trackseed42-tracks10pct,mouse,1519,0.716142003149228,0.7151648292910727,0.0009771738581553224,-0.28270897295648384,-0.28471538078882025,0.00200640783233641
/mmfs1/gscratch/scrubbed/jsomeara/lynx/borzoi-repro/OUTPUTS/basic-model-trainseed42-trackseed42-tracks10pct,mouse,1527,0.542683280290705,0.5361627585551314,0.006520521735573603,0.005833952106869871,0.00561457121010271,0.00021938089676716132
/mmfs1/gscratch/scrubbed/jsomeara/lynx/borzoi-repro/OUTPUTS/basic-model-trainseed42-trackseed42-tracks10pct,mouse,1536,0.5214941080072675,0.5145789447257456,0.006915163281521863,0.02665013622682727,0.026674000416513736,-2.3864189686466364e-05
/mmfs1/gscratch/scrubbed/jsomeara/lynx/borzoi-repro/OUTPUTS/basic-model-trainseed42-trackseed42-tracks10pct,mouse,1577,0.6734478444296067,0.6740545630010025,-0.0006067185713958256,0.12874200689891477,0.12686067504084372,0.0018813318580710447
/mmfs1/gscratch/scrubbed/jsomeara/lynx/borzoi-repro/OUTPUTS/basic-model-trainseed42-trackseed42-tracks10pct,mouse,1578,0.6515365678249231,0.6520881411583777,-0.0005515733334545692,0.008352434193795156,0.007059430469380474,0.001293003724414682
/mmfs1/gscratch/scrubbed/jsomeara/lynx/borzoi-repro/OUTPUTS/basic-model-trainseed42-trackseed42-tracks10pct,mouse,1580,0.685036808967076,0.68137993948171,0.003656869485365921,-0.03123653110850049,-0.03199354925428219,0.0007570181457816974
/mmfs1/gscratch/scrubbed/jsomeara/lynx/borzoi-repro/OUTPUTS/basic-model-trainseed42-trackseed42-tracks10pct,mouse,1583,0.6620743745698814,0.6606809593946834,0.0013934151751979762,0.28420493136723946,0.2825324419015392,0.0016724894657002554
/mmfs1/gscratch/scrubbed/jsomeara/lynx/borzoi-repro/OUTPUTS/basic-model-trainseed42-trackseed42-tracks10pct,mouse,1584,0.680306110620088,0.6809142860961953,-0.0006081754761073643,0.11825827750092004,0.11650821898141245,0.0017500585195075885
/mmfs1/gscratch/scrubbed/jsomeara/lynx/borzoi-repro/OUTPUTS/basic-model-trainseed42-trackseed42-tracks10pct,mouse,1590,0.613254905194778,0.6121422634281148,0.0011126417666631472,0.08446129370707811,0.08347736167637419,0.0009839320307039184
/mmfs1/gscratch/scrubbed/jsomeara/lynx/borzoi-repro/OUTPUTS/basic-model-trainseed42-trackseed42-tracks10pct,mouse,1602,0.4822554258969493,0.4881486197937638,-0.005893193896814475,-0.00848407058907271,-0.008746871296848792,0.00026280070777608133
/mmfs1/gscratch/scrubbed/jsomeara/lynx/borzoi-repro/OUTPUTS/basic-model-trainseed42-trackseed42-tracks10pct,mouse,1626,0.5327659739023358,0.5336486493162976,-0.0008826754139618087,-0.05753120326054161,-0.05741538941008899,-0.00011581385045262432
/mmfs1/gscratch/scrubbed/jsomeara/lynx/borzoi-repro/OUTPUTS/basic-model-trainseed42-trackseed42-tracks10pct,mouse,1632,0.6354607680232766,0.6307629980312317,0.0046977699920448535,0.10426552315898438,0.10440154539175833,-0.00013602223277395242
/mmfs1/gscratch/scrubbed/jsomeara/lynx/borzoi-repro/OUTPUTS/basic-model-trainseed42-trackseed42-tracks1pct,human,79,0.6583734054198989,0.6736847881994303,-0.01531138277953148,0.141719277907598,0.13666307067889358,0.0050562072287044235
/mmfs1/gscratch/scrubbed/jsomeara/lynx/borzoi-repro/OUTPUTS/basic-model-trainseed42-trackseed42-tracks1pct,human,168,0.6777089598822027,0.685220727570674,-0.0075117676884712825,0.22750834179577129,0.22759428138094598,-8.593958517469358e-05
/mmfs1/gscratch/scrubbed/jsomeara/lynx/borzoi-repro/OUTPUTS/basic-model-trainseed42-trackseed42-tracks1pct,human,244,0.8473592104942995,0.8552745109435512,-0.007915300449251705,0.2358537540049861,0.23492761697037418,0.000926137034611918
/mmfs1/gscratch/scrubbed/jsomeara/lynx/borzoi-repro/OUTPUTS/basic-model-trainseed42-trackseed42-tracks1pct,human,338,0.8252908630658708,0.8386906432621416,-0.01339978019627075,0.23267122867852574,0.2287598478017552,0.003911380876770537
/mmfs1/gscratch/scrubbed/jsomeara/lynx/borzoi-repro/OUTPUTS/basic-model-trainseed42-trackseed42-tracks1pct,human,416,0.8002643338192563,0.8157243190818673,-0.015459985262610942,0.28389715196749193,0.2814952568324925,0.0024018951349994433
/mmfs1/gscratch/scrubbed/jsomeara/lynx/borzoi-repro/OUTPUTS/basic-model-trainseed42-trackseed42-tracks1pct,human,438,0.8413702135041431,0.8481722840783747,-0.006802070574231656,0.2594709614709675,0.2584090234794393,0.0010619379915282057
/mmfs1/gscratch/scrubbed/jsomeara/lynx/borzoi-repro/OUTPUTS/basic-model-trainseed42-trackseed42-tracks1pct,human,708,0.42111664498967727,0.43284539509163883,-0.01172875010196156,0.7226059397050887,0.7161304651178767,0.006475474587211982
/mmfs1/gscratch/scrubbed/jsomeara/lynx/borzoi-repro/OUTPUTS/basic-model-trainseed42-trackseed42-tracks1pct,human,833,0.5866370082164186,0.5895675819670297,-0.0029305737506111207,0.6335608715743853,0.6349431983482176,-0.0013823267738322098
/mmfs1/gscratch/scrubbed/jsomeara/lynx/borzoi-repro/OUTPUTS/basic-model-trainseed42-trackseed42-tracks1pct,human,900,0.6668976784960441,0.6725397169222268,-0.005642038426182716,0.2709676495426533,0.2595420472051699,0.01142560233748341
/mmfs1/gscratch/scrubbed/jsomeara/lynx/borzoi-repro/OUTPUTS/basic-model-trainseed42-trackseed42-tracks1pct,human,990,0.5784981701550028,0.44885367890565125,0.12964449124935157,0.6940978641828148,0.7501519478367734,-0.056054083653958586
/mmfs1/gscratch/scrubbed/jsomeara/lynx/borzoi-repro/OUTPUTS/basic-model-trainseed42-trackseed42-tracks1pct,human,1138,0.8502068657147822,0.8470781999360981,0.003128665778684092,0.2191758465260694,0.2176726524839741,0.001503194042095285
/mmfs1/gscratch/scrubbed/jsomeara/lynx/borzoi-repro/OUTPUTS/basic-model-trainseed42-trackseed42-tracks1pct,human,1141,0.6778099093470348,0.6883470561210547,-0.010537146774019956,0.4311551235378419,0.41818862194584194,0.012966501591999968
/mmfs1/gscratch/scrubbed/jsomeara/lynx/borzoi-repro/OUTPUTS/basic-model-trainseed42-trackseed42-tracks1pct,human,1144,0.7901364293032798,0.7988230815961809,-0.00868665229290111,0.21829825216333534,0.21043048276254483,0.007867769400790509
/mmfs1/gscratch/scrubbed/jsomeara/lynx/borzoi-repro/OUTPUTS/basic-model-trainseed42-trackseed42-tracks1pct,human,1167,0.8756350124769953,0.883187394060433,-0.0075523815834377395,-1.5715181190506582,-1.5960254561311986,0.024507337080540426
/mmfs1/gscratch/scrubbed/jsomeara/lynx/borzoi-repro/OUTPUTS/basic-model-trainseed42-trackseed42-tracks1pct,human,1263,0.5865877226669206,0.5890151363016526,-0.0024274136347319786,0.5386565483472112,0.5358901909831552,0.00276635736405606
/mmfs1/gscratch/scrubbed/jsomeara/lynx/borzoi-repro/OUTPUTS/basic-model-trainseed42-trackseed42-tracks1pct,human,1365,0.42615981822556076,0.43348074704670964,-0.0073209288211488754,0.8326480439582785,0.8354014852802513,-0.0027534413219727494
/mmfs1/gscratch/scrubbed/jsomeara/lynx/borzoi-repro/OUTPUTS/basic-model-trainseed42-trackseed42-tracks1pct,human,1596,0.8368907126089945,0.3852204313754567,0.4516702812335378,0.6305456144515637,0.808136397845786,-0.1775907833942223
/mmfs1/gscratch/scrubbed/jsomeara/lynx/borzoi-repro/OUTPUTS/basic-model-trainseed42-trackseed42-tracks1pct,human,1635,0.6199662520833091,0.6270011052916453,-0.007034853208336189,0.6531604655773701,0.6451023780254153,0.008058087551954807
/mmfs1/gscratch/scrubbed/jsomeara/lynx/borzoi-repro/OUTPUTS/basic-model-trainseed42-trackseed42-tracks1pct,human,2009,0.8527971410269035,0.8566105819783364,-0.003813440951432878,-1.385349386476935,-1.397913606820727,0.012564220343791899
/mmfs1/gscratch/scrubbed/jsomeara/lynx/borzoi-repro/OUTPUTS/basic-model-trainseed42-trackseed42-tracks1pct,human,2188,0.7739092794732447,0.7828065635965621,-0.008897284123317362,-0.5070246559044085,-0.5420912505640536,0.03506659465964512
/mmfs1/gscratch/scrubbed/jsomeara/lynx/borzoi-repro/OUTPUTS/basic-model-trainseed42-trackseed42-tracks1pct,human,2247,0.5904769462156146,0.5945679915764508,-0.004091045360836154,0.8024079109707049,0.8016548697270561,0.0007530412436487222
/mmfs1/gscratch/scrubbed/jsomeara/lynx/borzoi-repro/OUTPUTS/basic-model-trainseed42-trackseed42-tracks1pct,human,2271,0.8539608787098311,0.8495812886280325,0.004379590081798557,0.20262356770083506,0.2055364784520085,-0.0029129107511734476
/mmfs1/gscratch/scrubbed/jsomeara/lynx/borzoi-repro/OUTPUTS/basic-model-trainseed42-trackseed42-tracks1pct,human,2340,0.5167908907223336,0.5251444142487274,-0.008353523526393736,0.8023124989512551,0.7993762596979483,0.0029362392533067716
/mmfs1/gscratch/scrubbed/jsomeara/lynx/borzoi-repro/OUTPUTS/basic-model-trainseed42-trackseed42-tracks1pct,human,2357,0.5311713324193232,0.5315378615466321,-0.00036652912730883447,0.31095210884404473,0.3087958619656383,0.0021562468784064315
/mmfs1/gscratch/scrubbed/jsomeara/lynx/borzoi-repro/OUTPUTS/basic-model-trainseed42-trackseed42-tracks1pct,human,2504,0.7636753087732031,0.7808221404898394,-0.017146831716636335,0.018572809339314347,-0.009183728918203052,0.0277565382575174
/mmfs1/gscratch/scrubbed/jsomeara/lynx/borzoi-repro/OUTPUTS/basic-model-trainseed42-trackseed42-tracks1pct,human,2641,0.3808523388854846,0.38553998714990395,-0.004687648264419364,0.8213295075763769,0.8202609194482506,0.0010685881281262688
/mmfs1/gscratch/scrubbed/jsomeara/lynx/borzoi-repro/OUTPUTS/basic-model-trainseed42-trackseed42-tracks1pct,human,2695,0.37782830647801796,0.38519502615199797,-0.0073667196739800045,0.9182517673000585,0.9203464669326631,-0.0020946996326045575
/mmfs1/gscratch/scrubbed/jsomeara/lynx/borzoi-repro/OUTPUTS/basic-model-trainseed42-trackseed42-tracks1pct,human,2762,0.4564830444040086,0.4572136019606413,-0.0007305575566327049,0.8803738152938093,0.8827305448489243,-0.0023567295551150114
/mmfs1/gscratch/scrubbed/jsomeara/lynx/borzoi-repro/OUTPUTS/basic-model-trainseed42-trackseed42-tracks1pct,human,2791,0.8331735451307711,0.8375042455835433,-0.004330700452772174,-1.186036442301313,-1.2092919158296986,0.02325547352838564
/mmfs1/gscratch/scrubbed/jsomeara/lynx/borzoi-repro/OUTPUTS/basic-model-trainseed42-trackseed42-tracks1pct,human,3139,0.6060430573581624,0.6282213312206737,-0.022178273862511255,0.5212850289521239,0.5099175657449623,0.011367463207161643
/mmfs1/gscratch/scrubbed/jsomeara/lynx/borzoi-repro/OUTPUTS/basic-model-trainseed42-trackseed42-tracks1pct,human,3358,0.8481932402126,0.8419780151682428,0.006215225044357231,0.3964607188254666,0.3957312081493445,0.0007295106761220915
/mmfs1/gscratch/scrubbed/jsomeara/lynx/borzoi-repro/OUTPUTS/basic-model-trainseed42-trackseed42-tracks1pct,human,3368,0.4637085345207441,0.4729019961841989,-0.009193461663454805,0.8925566270858528,0.8998390718519291,-0.0072824447660763125
/mmfs1/gscratch/scrubbed/jsomeara/lynx/borzoi-repro/OUTPUTS/basic-model-trainseed42-trackseed42-tracks1pct,human,3405,0.4576504230955007,0.4617704414972628,-0.004120018401762127,0.9177529607362884,0.9242471397626646,-0.006494179026376168
/mmfs1/gscratch/scrubbed/jsomeara/lynx/borzoi-repro/OUTPUTS/basic-model-trainseed42-trackseed42-tracks1pct,human,3596,0.47873021883994954,0.4848287905968358,-0.006098571756886273,0.7686509537380869,0.764210392622735,0.004440561115351849
/mmfs1/gscratch/scrubbed/jsomeara/lynx/borzoi-repro/OUTPUTS/basic-model-trainseed42-trackseed42-tracks1pct,human,3605,0.7637228193941714,0.7642591840540054,-0.0005363646598339766,0.6199586785094245,0.6194204413443277,0.0005382371650968221
/mmfs1/gscratch/scrubbed/jsomeara/lynx/borzoi-repro/OUTPUTS/basic-model-trainseed42-trackseed42-tracks1pct,human,3621,0.5887934098389315,0.5941124654777294,-0.005319055638797976,0.88122014973438,0.8861984243559272,-0.004978274621547207
/mmfs1/gscratch/scrubbed/jsomeara/lynx/borzoi-repro/OUTPUTS/basic-model-trainseed42-trackseed42-tracks1pct,human,3674,0.559477094801511,0.5557182415276354,0.0037588532738755953,-0.0386246171380846,-0.08206520588725578,0.043440588749171186
/mmfs1/gscratch/scrubbed/jsomeara/lynx/borzoi-repro/OUTPUTS/basic-model-trainseed42-trackseed42-tracks1pct,human,3682,0.43942339769486444,0.44451037265101406,-0.005086974956149626,0.8814566638911189,0.8847445315788192,-0.0032878676877002855
/mmfs1/gscratch/scrubbed/jsomeara/lynx/borzoi-repro/OUTPUTS/basic-model-trainseed42-trackseed42-tracks1pct,human,3699,0.6680739023539392,0.6845711034652302,-0.01649720111129105,0.5191048861668901,0.5070471528914637,0.012057733275426363
/mmfs1/gscratch/scrubbed/jsomeara/lynx/borzoi-repro/OUTPUTS/basic-model-trainseed42-trackseed42-tracks1pct,human,3790,0.5334437331582451,0.5230240483897628,0.010419684768482318,0.748422082847777,0.7545043605293853,-0.006082277681608295
/mmfs1/gscratch/scrubbed/jsomeara/lynx/borzoi-repro/OUTPUTS/basic-model-trainseed42-trackseed42-tracks1pct,human,3919,0.6246522988190127,0.6352808709967751,-0.010628572177762363,0.45793336803512913,0.44948814724315644,0.008445220791972685
/mmfs1/gscratch/scrubbed/jsomeara/lynx/borzoi-repro/OUTPUTS/basic-model-trainseed42-trackseed42-tracks1pct,human,4016,0.5343112719740686,0.5466175961509284,-0.01230632417685984,0.6165217505422013,0.6069872722758655,0.0095344782663358
/mmfs1/gscratch/scrubbed/jsomeara/lynx/borzoi-repro/OUTPUTS/basic-model-trainseed42-trackseed42-tracks1pct,human,4029,0.5392960086241645,0.5548636221127918,-0.015567613488627341,0.8005642501085792,0.7940732722157499,0.006490977892829375
/mmfs1/gscratch/scrubbed/jsomeara/lynx/borzoi-repro/OUTPUTS/basic-model-trainseed42-trackseed42-tracks1pct,human,4076,0.30388549638134654,0.30607757144803704,-0.002192075066690502,0.8714331396314654,0.8730954510603715,-0.0016623114289060492
/mmfs1/gscratch/scrubbed/jsomeara/lynx/borzoi-repro/OUTPUTS/basic-model-trainseed42-trackseed42-tracks1pct,human,4233,0.538644032063047,0.5421216436278076,-0.003477611564760563,0.8222665063725118,0.8217928076044512,0.000473698768060582
/mmfs1/gscratch/scrubbed/jsomeara/lynx/borzoi-repro/OUTPUTS/basic-model-trainseed42-trackseed42-tracks1pct,human,4279,0.44726300947410075,0.4570565816051949,-0.009793572131094164,0.6746766551436865,0.6720831045448111,0.0025935505988753382
/mmfs1/gscratch/scrubbed/jsomeara/lynx/borzoi-repro/OUTPUTS/basic-model-trainseed42-trackseed42-tracks1pct,human,4556,0.3110470055425533,0.3170117743154784,-0.0059647687729250665,0.5837880660840947,0.5840566649247808,-0.0002685988406860851
/mmfs1/gscratch/scrubbed/jsomeara/lynx/borzoi-repro/OUTPUTS/basic-model-trainseed42-trackseed42-tracks1pct,human,4884,0.623085596500215,0.6515669156092995,-0.02848131910908447,-0.17141584310086594,-0.1886611031399654,0.017245260039099458
/mmfs1/gscratch/scrubbed/jsomeara/lynx/borzoi-repro/OUTPUTS/basic-model-trainseed42-trackseed42-tracks1pct,human,4923,0.5292644422916608,0.553206231381764,-0.02394178909010314,0.04674387665502252,0.04390297141376146,0.0028409052412610575
/mmfs1/gscratch/scrubbed/jsomeara/lynx/borzoi-repro/OUTPUTS/basic-model-trainseed42-trackseed42-tracks1pct,human,5062,0.6726483723148035,0.7084522595721936,-0.03580388725739014,-0.10335752394182444,-0.12156241969246037,0.018204895750635927
/mmfs1/gscratch/scrubbed/jsomeara/lynx/borzoi-repro/OUTPUTS/basic-model-trainseed42-trackseed42-tracks1pct,human,5084,0.6841734127800162,0.7204269153697852,-0.036253502589769004,-0.16444912100817058,-0.19401313689228267,0.029564015884112088
/mmfs1/gscratch/scrubbed/jsomeara/lynx/borzoi-repro/OUTPUTS/basic-model-trainseed42-trackseed42-tracks1pct,human,5174,0.5478217931998175,0.5836843249131856,-0.03586253171336806,0.0016716493128059325,-0.022808823553868006,0.024480472866673937
/mmfs1/gscratch/scrubbed/jsomeara/lynx/borzoi-repro/OUTPUTS/basic-model-trainseed42-trackseed42-tracks1pct,human,5297,0.5811037232839564,0.6240342768296121,-0.04293055354565567,-0.010303588301457224,-0.022038268234742312,0.011734679933285088
/mmfs1/gscratch/scrubbed/jsomeara/lynx/borzoi-repro/OUTPUTS/basic-model-trainseed42-trackseed42-tracks1pct,mouse,144,0.5783724870889331,0.5832213459379921,-0.004848858849059057,0.2514072612137058,0.2515941966075673,-0.00018693539386149816
/mmfs1/gscratch/scrubbed/jsomeara/lynx/borzoi-repro/OUTPUTS/basic-model-trainseed42-trackseed42-tracks1pct,mouse,166,0.7051410134536706,0.7214285539250053,-0.016287540471334627,0.20016212911182535,0.19818395476817618,0.001978174343649164
/mmfs1/gscratch/scrubbed/jsomeara/lynx/borzoi-repro/OUTPUTS/basic-model-trainseed42-trackseed42-tracks1pct,mouse,194,0.5652911975491479,0.5778126201468653,-0.01252142259771738,0.22811004222604175,0.22667399236958147,0.0014360498564602864
/mmfs1/gscratch/scrubbed/jsomeara/lynx/borzoi-repro/OUTPUTS/basic-model-trainseed42-trackseed42-tracks1pct,mouse,266,0.6185942744776346,0.42085565300054495,0.19773862147708965,0.7495515640963741,0.790133678593925,-0.04058211449755089
/mmfs1/gscratch/scrubbed/jsomeara/lynx/borzoi-repro/OUTPUTS/basic-model-trainseed42-trackseed42-tracks1pct,mouse,445,0.5072436863424797,0.5157901420241306,-0.00854645568165091,0.8388584622914944,0.8348169002084835,0.0040415620830108745
/mmfs1/gscratch/scrubbed/jsomeara/lynx/borzoi-repro/OUTPUTS/basic-model-trainseed42-trackseed42-tracks1pct,mouse,528,0.8153129620411984,0.825439408804887,-0.010126446763688568,0.5314612688753683,0.525518577720388,0.005942691154980251
/mmfs1/gscratch/scrubbed/jsomeara/lynx/borzoi-repro/OUTPUTS/basic-model-trainseed42-trackseed42-tracks1pct,mouse,619,0.9109988596192633,0.9155846207563971,-0.004585761137133826,-0.47890214056126285,-0.4892532848735632,0.010351144312300331
/mmfs1/gscratch/scrubbed/jsomeara/lynx/borzoi-repro/OUTPUTS/basic-model-trainseed42-trackseed42-tracks1pct,mouse,667,0.7530377236577396,0.7654188699297161,-0.012381146271976506,0.7648033609738996,0.7596866684643064,0.005116692509593124
/mmfs1/gscratch/scrubbed/jsomeara/lynx/borzoi-repro/OUTPUTS/basic-model-trainseed42-trackseed42-tracks1pct,mouse,751,0.8566625959774171,0.8630846831333723,-0.0064220871559551584,0.32603341325074764,0.3193057357495228,0.006727677501224827
/mmfs1/gscratch/scrubbed/jsomeara/lynx/borzoi-repro/OUTPUTS/basic-model-trainseed42-trackseed42-tracks1pct,mouse,871,0.806803710935209,0.8142961733661005,-0.007492462430891522,0.6821689112475967,0.6771818507276856,0.004987060519911157
/mmfs1/gscratch/scrubbed/jsomeara/lynx/borzoi-repro/OUTPUTS/basic-model-trainseed42-trackseed42-tracks1pct,mouse,1128,0.6677113593366113,0.6969764323513427,-0.029265073014731358,-0.25837981691298406,-0.3465664750574569,0.08818665814447285
/mmfs1/gscratch/scrubbed/jsomeara/lynx/borzoi-repro/OUTPUTS/basic-model-trainseed42-trackseed42-tracks1pct,mouse,1139,0.4336490178973754,0.454724243479812,-0.021075225582436574,0.7029133577035722,0.6988085352014136,0.0041048225021586005
/mmfs1/gscratch/scrubbed/jsomeara/lynx/borzoi-repro/OUTPUTS/basic-model-trainseed42-trackseed42-tracks1pct,mouse,1269,0.4721065678410656,0.5222214388227329,-0.05011487098166728,0.6265164196067748,0.6010789075447069,0.025437512062067902
/mmfs1/gscratch/scrubbed/jsomeara/lynx/borzoi-repro/OUTPUTS/basic-model-trainseed42-trackseed42-tracks1pct,mouse,1294,0.6052317348138334,0.634448808406424,-0.029217073592590626,0.04227356492884036,0.028386638561602714,0.013886926367237644
/mmfs1/gscratch/scrubbed/jsomeara/lynx/borzoi-repro/OUTPUTS/basic-model-trainseed42-trackseed42-tracks1pct,mouse,1358,0.6809935627395526,0.7084292096382561,-0.02743564689870348,-0.05220105220858812,-0.06255952339838595,0.010358471189797838
/mmfs1/gscratch/scrubbed/jsomeara/lynx/borzoi-repro/OUTPUTS/basic-model-trainseed42-trackseed42-tracks1pct,mouse,1590,0.5789658247111458,0.6121422634281148,-0.03317643871696907,0.0938568166583776,0.08347736167637419,0.010379454982003405
/mmfs1/gscratch/scrubbed/jsomeara/lynx/borzoi-repro/OUTPUTS/basic-model-trainseed42-trackseed42-tracks30pct,human,3,0.7815535028676119,0.7825937455450803,-0.0010402426774683837,0.2755777974247961,0.2753517394358361,0.0002260579889600267
/mmfs1/gscratch/scrubbed/jsomeara/lynx/borzoi-repro/OUTPUTS/basic-model-trainseed42-trackseed42-tracks30pct,human,6,0.8170212982940941,0.815571567329326,0.0014497309647680812,0.27347216734811075,0.27340640777738384,6.575957072690874e-05
/mmfs1/gscratch/scrubbed/jsomeara/lynx/borzoi-repro/OUTPUTS/basic-model-trainseed42-trackseed42-tracks30pct,human,8,0.8402671345022866,0.8393895665284238,0.0008775679738628472,0.2439937634060497,0.2438895968602758,0.00010416654577388718
/mmfs1/gscratch/scrubbed/jsomeara/lynx/borzoi-repro/OUTPUTS/basic-model-trainseed42-trackseed42-tracks30pct,human,9,0.837962868671863,0.8367356671627425,0.001227201509120479,0.23605731780462372,0.23594093244383746,0.00011638536078625861
/mmfs1/gscratch/scrubbed/jsomeara/lynx/borzoi-repro/OUTPUTS/basic-model-trainseed42-trackseed42-tracks30pct,human,15,0.8200108554868637,0.8191709186731697,0.0008399368136939867,0.2711075456101694,0.2709806280256777,0.00012691758449173696
/mmfs1/gscratch/scrubbed/jsomeara/lynx/borzoi-repro/OUTPUTS/basic-model-trainseed42-trackseed42-tracks30pct,human,16,0.8385594951441733,0.8377270343716856,0.0008324607724876643,0.24971704035441533,0.2496767317979529,4.03085564624206e-05
/mmfs1/gscratch/scrubbed/jsomeara/lynx/borzoi-repro/OUTPUTS/basic-model-trainseed42-trackseed42-tracks30pct,human,19,0.843134332772836,0.8410046701003638,0.0021296626724721657,0.1806556125423226,0.18097867738434154,-0.0003230648420189386
/mmfs1/gscratch/scrubbed/jsomeara/lynx/borzoi-repro/OUTPUTS/basic-model-trainseed42-trackseed42-tracks30pct,human,20,0.8712023989935508,0.8689952144041736,0.002207184589377187,0.19450214675383193,0.19439173189943781,0.00011041485439411414
/mmfs1/gscratch/scrubbed/jsomeara/lynx/borzoi-repro/OUTPUTS/basic-model-trainseed42-trackseed42-tracks30pct,human,26,0.7789581186524575,0.7779222384831529,0.0010358801693045594,0.29713996826795824,0.2970904472967299,4.952097122834509e-05
/mmfs1/gscratch/scrubbed/jsomeara/lynx/borzoi-repro/OUTPUTS/basic-model-trainseed42-trackseed42-tracks30pct,human,34,0.7256690502086518,0.7259987536529631,-0.00032970344431126897,0.24975117824047047,0.24984398998776502,-9.281174729455777e-05
/mmfs1/gscratch/scrubbed/jsomeara/lynx/borzoi-repro/OUTPUTS/basic-model-trainseed42-trackseed42-tracks30pct,human,40,0.7610729978643894,0.760462517897192,0.0006104799671974304,0.2741057156365886,0.27402950957711725,7.620605947133985e-05
/mmfs1/gscratch/scrubbed/jsomeara/lynx/borzoi-repro/OUTPUTS/basic-model-trainseed42-trackseed42-tracks30pct,human,41,0.8327909147305277,0.8319144700171053,0.0008764447134224085,0.24984013473170125,0.24979718020588812,4.2954525813126976e-05
/mmfs1/gscratch/scrubbed/jsomeara/lynx/borzoi-repro/OUTPUTS/basic-model-trainseed42-trackseed42-tracks30pct,human,44,0.8385072731376052,0.836498915202875,0.0020083579347301983,0.2305469584039356,0.23037215937778477,0.00017479902615083476
/mmfs1/gscratch/scrubbed/jsomeara/lynx/borzoi-repro/OUTPUTS/basic-model-trainseed42-trackseed42-tracks30pct,human,48,0.6933266630071604,0.6872851301686134,0.006041532838547026,0.2034385989286414,0.2034700874488855,-3.148852024409399e-05
/mmfs1/gscratch/scrubbed/jsomeara/lynx/borzoi-repro/OUTPUTS/basic-model-trainseed42-trackseed42-tracks30pct,human,63,0.7799907302751902,0.7782423826162196,0.0017483476589705838,0.14973147321238223,0.1502367159711023,-0.0005052427587200758
/mmfs1/gscratch/scrubbed/jsomeara/lynx/borzoi-repro/OUTPUTS/basic-model-trainseed42-trackseed42-tracks30pct,human,68,0.8270037777120138,0.8254687689119988,0.001535008800015003,0.15934602740888326,0.15916535635216392,0.0001806710567193448
/mmfs1/gscratch/scrubbed/jsomeara/lynx/borzoi-repro/OUTPUTS/basic-model-trainseed42-trackseed42-tracks30pct,human,70,0.8210062171686698,0.8202924156973124,0.000713801471357467,0.22672833013794313,0.22662164625663306,0.00010668388131007678
/mmfs1/gscratch/scrubbed/jsomeara/lynx/borzoi-repro/OUTPUTS/basic-model-trainseed42-trackseed42-tracks30pct,human,75,0.7666285465361434,0.7659055927275575,0.0007229538085858911,0.1943333385517583,0.19378196705076223,0.0005513715009960729
/mmfs1/gscratch/scrubbed/jsomeara/lynx/borzoi-repro/OUTPUTS/basic-model-trainseed42-trackseed42-tracks30pct,human,76,0.8159206381639137,0.8162952958181265,-0.000374657654212851,0.22720161835529587,0.22678756081304333,0.0004140575422525439
/mmfs1/gscratch/scrubbed/jsomeara/lynx/borzoi-repro/OUTPUTS/basic-model-trainseed42-trackseed42-tracks30pct,human,79,0.6775677143135249,0.6736847881994303,0.003882926114094576,0.1363494826152719,0.13666307067889358,-0.000313588063621667
/mmfs1/gscratch/scrubbed/jsomeara/lynx/borzoi-repro/OUTPUTS/basic-model-trainseed42-trackseed42-tracks30pct,human,84,0.7206155866432782,0.7204292169969585,0.000186369646319684,0.19249388208939394,0.19164633223816116,0.0008475498512327817
/mmfs1/gscratch/scrubbed/jsomeara/lynx/borzoi-repro/OUTPUTS/basic-model-trainseed42-trackseed42-tracks30pct,human,86,0.8097741611499337,0.8014795624939278,0.008294598656005903,0.18926649544272295,0.1897827295073581,-0.0005162340646351626
/mmfs1/gscratch/scrubbed/jsomeara/lynx/borzoi-repro/OUTPUTS/basic-model-trainseed42-trackseed42-tracks30pct,human,88,0.800783294027459,0.7989044122284529,0.0018788817990060824,0.17105331076314922,0.17080701313253965,0.000246297630609571
/mmfs1/gscratch/scrubbed/jsomeara/lynx/borzoi-repro/OUTPUTS/basic-model-trainseed42-trackseed42-tracks30pct,human,92,0.7995135512594174,0.7955275059381705,0.003986045321246912,0.16730841220239373,0.1673924992135944,-8.408701120066198e-05
/mmfs1/gscratch/scrubbed/jsomeara/lynx/borzoi-repro/OUTPUTS/basic-model-trainseed42-trackseed42-tracks30pct,human,110,0.7376609629078309,0.731189060636497,0.006471902271333874,0.15543351515411585,0.15602911325086874,-0.0005955980967528862
/mmfs1/gscratch/scrubbed/jsomeara/lynx/borzoi-repro/OUTPUTS/basic-model-trainseed42-trackseed42-tracks30pct,human,111,0.7653309753206575,0.7585331765471174,0.006797798773540142,0.14730660110532304,0.14801228488743368,-0.0007056837821106388
/mmfs1/gscratch/scrubbed/jsomeara/lynx/borzoi-repro/OUTPUTS/basic-model-trainseed42-trackseed42-tracks30pct,human,119,0.7877801956203078,0.7820430032769485,0.005737192343359232,0.16225057077543936,0.1630988443876131,-0.0008482736121737389
/mmfs1/gscratch/scrubbed/jsomeara/lynx/borzoi-repro/OUTPUTS/basic-model-trainseed42-trackseed42-tracks30pct,human,123,0.6720537770248884,0.6653281513186596,0.0067256257062288105,0.15361284074112797,0.15462875833882347,-0.0010159175976955093
/mmfs1/gscratch/scrubbed/jsomeara/lynx/borzoi-repro/OUTPUTS/basic-model-trainseed42-trackseed42-tracks30pct,human,125,0.6811738892079202,0.673718919555051,0.007454969652869181,0.14345732496222763,0.1441222148579164,-0.000664889895688775
/mmfs1/gscratch/scrubbed/jsomeara/lynx/borzoi-repro/OUTPUTS/basic-model-trainseed42-trackseed42-tracks30pct,human,129,0.7221809609860124,0.7220147730922011,0.00016618789381128707,0.19227818272782415,0.19163376126579298,0.0006444214620311695
/mmfs1/gscratch/scrubbed/jsomeara/lynx/borzoi-repro/OUTPUTS/basic-model-trainseed42-trackseed42-tracks30pct,human,131,0.811162249133304,0.8091475042085379,0.0020147449247661653,0.1740971502424691,0.17368952302992782,0.00040762721254128387
/mmfs1/gscratch/scrubbed/jsomeara/lynx/borzoi-repro/OUTPUTS/basic-model-trainseed42-trackseed42-tracks30pct,human,136,0.7046330684667549,0.6971589332159367,0.007474135250818192,0.14432884390429707,0.14521356286702805,-0.0008847189627309848
/mmfs1/gscratch/scrubbed/jsomeara/lynx/borzoi-repro/OUTPUTS/basic-model-trainseed42-trackseed42-tracks30pct,human,143,0.6384536261430979,0.63817193882851,0.0002816873145878862,0.187027081369819,0.18660826291284946,0.000418818456969533
/mmfs1/gscratch/scrubbed/jsomeara/lynx/borzoi-repro/OUTPUTS/basic-model-trainseed42-trackseed42-tracks30pct,human,144,0.6336326882049408,0.6431321007725129,-0.00949941256757214,0.2242667386052933,0.22212436143599038,0.0021423771693029336
/mmfs1/gscratch/scrubbed/jsomeara/lynx/borzoi-repro/OUTPUTS/basic-model-trainseed42-trackseed42-tracks30pct,human,145,0.6551334373174381,0.6505742040781077,0.004559233239330385,0.2736850120156152,0.27408620912961984,-0.00040119711400465885
/mmfs1/gscratch/scrubbed/jsomeara/lynx/borzoi-repro/OUTPUTS/basic-model-trainseed42-trackseed42-tracks30pct,human,147,0.6942172960400737,0.6876992742695117,0.0065180217705619325,0.12541367950792365,0.12587485592039724,-0.00046117641247359065
/mmfs1/gscratch/scrubbed/jsomeara/lynx/borzoi-repro/OUTPUTS/basic-model-trainseed42-trackseed42-tracks30pct,human,150,0.8412690537726155,0.8394037400363167,0.0018653137362988348,0.19782287761882114,0.19797725987052242,-0.0001543822517012794
/mmfs1/gscratch/scrubbed/jsomeara/lynx/borzoi-repro/OUTPUTS/basic-model-trainseed42-trackseed42-tracks30pct,human,151,0.7562066515430259,0.7534229007112497,0.002783750831776177,0.25888083373199133,0.25904448076247755,-0.00016364703048621365
/mmfs1/gscratch/scrubbed/jsomeara/lynx/borzoi-repro/OUTPUTS/basic-model-trainseed42-trackseed42-tracks30pct,human,153,0.8485321683864983,0.84884659640686,-0.00031442802036174555,0.16554130992629681,0.1655465636999209,-5.253773624092073e-06
/mmfs1/gscratch/scrubbed/jsomeara/lynx/borzoi-repro/OUTPUTS/basic-model-trainseed42-trackseed42-tracks30pct,human,155,0.797267019416697,0.7955837565027901,0.0016832629139068578,0.04801847972404845,0.048181151078865975,-0.0001626713548175257
/mmfs1/gscratch/scrubbed/jsomeara/lynx/borzoi-repro/OUTPUTS/basic-model-trainseed42-trackseed42-tracks30pct,human,158,0.6207162608502572,0.6211968575851535,-0.0004805967348963103,0.22957789791244004,0.22932956571300608,0.00024833219943395934
/mmfs1/gscratch/scrubbed/jsomeara/lynx/borzoi-repro/OUTPUTS/basic-model-trainseed42-trackseed42-tracks30pct,human,161,0.7181545719294777,0.7173430660809729,0.0008115058485048676,0.18303098328261388,0.18236530151150998,0.0006656817711039043
/mmfs1/gscratch/scrubbed/jsomeara/lynx/borzoi-repro/OUTPUTS/basic-model-trainseed42-trackseed42-tracks30pct,human,162,0.6775513794700426,0.6749899215512404,0.0025614579188022457,0.21054370480071924,0.2104597102161219,8.399458459734666e-05
/mmfs1/gscratch/scrubbed/jsomeara/lynx/borzoi-repro/OUTPUTS/basic-model-trainseed42-trackseed42-tracks30pct,human,164,0.7981598738413159,0.7943816239960633,0.003778249845252657,0.15821899904544104,0.15795991990785083,0.0002590791375902124
/mmfs1/gscratch/scrubbed/jsomeara/lynx/borzoi-repro/OUTPUTS/basic-model-trainseed42-trackseed42-tracks30pct,human,165,0.7740841740851468,0.7721676155854192,0.0019165584997276053,0.21716828849072017,0.21714331413643367,2.4974354286499967e-05
/mmfs1/gscratch/scrubbed/jsomeara/lynx/borzoi-repro/OUTPUTS/basic-model-trainseed42-trackseed42-tracks30pct,human,167,0.7785994366580246,0.7766850771630129,0.0019143594950116194,0.24311675852470616,0.2434678106680101,-0.00035105214330394263
/mmfs1/gscratch/scrubbed/jsomeara/lynx/borzoi-repro/OUTPUTS/basic-model-trainseed42-trackseed42-tracks30pct,human,168,0.6865888648668645,0.685220727570674,0.0013681372961905636,0.22769591543689213,0.22759428138094598,0.00010163405594615371
/mmfs1/gscratch/scrubbed/jsomeara/lynx/borzoi-repro/OUTPUTS/basic-model-trainseed42-trackseed42-tracks30pct,human,170,0.75727536598102,0.7560581646879446,0.0012172012930753429,0.24383954237456176,0.24370098138128202,0.00013856099327974603
/mmfs1/gscratch/scrubbed/jsomeara/lynx/borzoi-repro/OUTPUTS/basic-model-trainseed42-trackseed42-tracks30pct,human,176,0.8021228745428552,0.8022986569588101,-0.00017578241595483934,0.2664102589755054,0.26623905199188136,0.0001712069836240504
/mmfs1/gscratch/scrubbed/jsomeara/lynx/borzoi-repro/OUTPUTS/basic-model-trainseed42-trackseed42-tracks30pct,human,178,0.8731959845264685,0.8729138778731924,0.00028210665327610407,0.1953193616738077,0.19518588690495117,0.00013347476885652854
/mmfs1/gscratch/scrubbed/jsomeara/lynx/borzoi-repro/OUTPUTS/basic-model-trainseed42-trackseed42-tracks30pct,human,183,0.6409973228507431,0.6486966325562354,-0.007699309705492374,0.21517864762855926,0.21311224456487393,0.0020664030636853292
/mmfs1/gscratch/scrubbed/jsomeara/lynx/borzoi-repro/OUTPUTS/basic-model-trainseed42-trackseed42-tracks30pct,human,186,0.7808044566170662,0.7788920053700262,0.0019124512470399813,0.1888484626784675,0.18847440644181873,0.00037405623664876764
/mmfs1/gscratch/scrubbed/jsomeara/lynx/borzoi-repro/OUTPUTS/basic-model-trainseed42-trackseed42-tracks30pct,human,190,0.6569678783852811,0.6637607114226479,-0.0067928330373667745,0.23460440656190487,0.23293825241554175,0.001666154146363119
/mmfs1/gscratch/scrubbed/jsomeara/lynx/borzoi-repro/OUTPUTS/basic-model-trainseed42-trackseed42-tracks30pct,human,196,0.8307687294236922,0.8322575054736039,-0.0014887760499117109,0.18149489911908184,0.18064967344225455,0.0008452256768272937
/mmfs1/gscratch/scrubbed/jsomeara/lynx/borzoi-repro/OUTPUTS/basic-model-trainseed42-trackseed42-tracks30pct,human,197,0.8523004723044526,0.8520495026545406,0.0002509696499120029,0.23626155370860633,0.23621262425730677,4.892945129955639e-05
/mmfs1/gscratch/scrubbed/jsomeara/lynx/borzoi-repro/OUTPUTS/basic-model-trainseed42-trackseed42-tracks30pct,human,201,0.830373241422914,0.8303714508058396,1.7906170743930971e-06,0.28994586602584155,0.28985138320841447,9.448281742707731e-05
/mmfs1/gscratch/scrubbed/jsomeara/lynx/borzoi-repro/OUTPUTS/basic-model-trainseed42-trackseed42-tracks30pct,human,202,0.8407688683126119,0.8415158930338331,-0.0007470247212212344,0.2682838798858357,0.26818134490143586,0.00010253498439982689
/mmfs1/gscratch/scrubbed/jsomeara/lynx/borzoi-repro/OUTPUTS/basic-model-trainseed42-trackseed42-tracks30pct,human,207,0.7749165047945894,0.7725153676689617,0.002401137125627728,0.2935464572663469,0.2934773880613269,6.906920502003366e-05
/mmfs1/gscratch/scrubbed/jsomeara/lynx/borzoi-repro/OUTPUTS/basic-model-trainseed42-trackseed42-tracks30pct,human,211,0.8250629612587734,0.8233139374208365,0.0017490238379369583,0.21081565005193303,0.21078236789225377,3.32821596792654e-05
/mmfs1/gscratch/scrubbed/jsomeara/lynx/borzoi-repro/OUTPUTS/basic-model-trainseed42-trackseed42-tracks30pct,human,212,0.8602127752460141,0.8580972980982774,0.002115477147736744,0.20570754746777584,0.20569005635463306,1.749111314278129e-05
/mmfs1/gscratch/scrubbed/jsomeara/lynx/borzoi-repro/OUTPUTS/basic-model-trainseed42-trackseed42-tracks30pct,human,215,0.828258468263677,0.828434194019627,-0.00017572575595004025,0.26060690731428326,0.26041059273752304,0.0001963145767602259
/mmfs1/gscratch/scrubbed/jsomeara/lynx/borzoi-repro/OUTPUTS/basic-model-trainseed42-trackseed42-tracks30pct,human,219,0.7393637866871452,0.7405245782219624,-0.0011607915348171849,0.25352454452553114,0.25293857831373673,0.0005859662117944087
/mmfs1/gscratch/scrubbed/jsomeara/lynx/borzoi-repro/OUTPUTS/basic-model-trainseed42-trackseed42-tracks30pct,human,226,0.7646170223396239,0.7638318035848951,0.0007852187547288114,0.2690189116068406,0.2689176091494989,0.00010130245734168986
/mmfs1/gscratch/scrubbed/jsomeara/lynx/borzoi-repro/OUTPUTS/basic-model-trainseed42-trackseed42-tracks30pct,human,228,0.867370457844712,0.8666729559237649,0.0006975019209470856,0.2107432521926714,0.21059733971286204,0.00014591247980935695
/mmfs1/gscratch/scrubbed/jsomeara/lynx/borzoi-repro/OUTPUTS/basic-model-trainseed42-trackseed42-tracks30pct,human,231,0.8113650663167585,0.8085946240680334,0.0027704422487251357,0.15905389180051918,0.15970011280647195,-0.0006462210059527684
/mmfs1/gscratch/scrubbed/jsomeara/lynx/borzoi-repro/OUTPUTS/basic-model-trainseed42-trackseed42-tracks30pct,human,235,0.8197028419323097,0.8177216509938251,0.0019811909384845894,0.12965700648485862,0.12950706963310907,0.00014993685174954918
/mmfs1/gscratch/scrubbed/jsomeara/lynx/borzoi-repro/OUTPUTS/basic-model-trainseed42-trackseed42-tracks30pct,human,240,0.785169233765808,0.7812283935908464,0.003940840174961657,0.21107415608404936,0.21171018478858725,-0.0006360287045378832
/mmfs1/gscratch/scrubbed/jsomeara/lynx/borzoi-repro/OUTPUTS/basic-model-trainseed42-trackseed42-tracks30pct,human,241,0.822656458087532,0.8232247115251796,-0.0005682534376476589,0.23200650886652818,0.23196274023144214,4.37686350860389e-05
/mmfs1/gscratch/scrubbed/jsomeara/lynx/borzoi-repro/OUTPUTS/basic-model-trainseed42-trackseed42-tracks30pct,human,243,0.8769810789065899,0.8769497455335599,3.133337303007355e-05,0.27918539723645097,0.27918056448272394,4.832753727035399e-06
/mmfs1/gscratch/scrubbed/jsomeara/lynx/borzoi-repro/OUTPUTS/basic-model-trainseed42-trackseed42-tracks30pct,human,244,0.855462850178571,0.8552745109435512,0.00018833923501981875,0.2348744503651126,0.23492761697037418,-5.316660526158423e-05
/mmfs1/gscratch/scrubbed/jsomeara/lynx/borzoi-repro/OUTPUTS/basic-model-trainseed42-trackseed42-tracks30pct,human,245,0.8794207229408958,0.8806354189684166,-0.0012146960275207785,0.2653165325610662,0.2652400098167341,7.652274433206374e-05
/mmfs1/gscratch/scrubbed/jsomeara/lynx/borzoi-repro/OUTPUTS/basic-model-trainseed42-trackseed42-tracks30pct,human,247,0.7874810545077336,0.7841029948824021,0.003378059625331553,0.23308078136547225,0.23315840954431685,-7.762817884460205e-05
/mmfs1/gscratch/scrubbed/jsomeara/lynx/borzoi-repro/OUTPUTS/basic-model-trainseed42-trackseed42-tracks30pct,human,251,0.8417827398056982,0.8421561879508431,-0.00037344814514495006,0.2614740148906435,0.26148568937441624,-1.1674483772761146e-05
/mmfs1/gscratch/scrubbed/jsomeara/lynx/borzoi-repro/OUTPUTS/basic-model-trainseed42-trackseed42-tracks30pct,human,256,0.7251012539925363,0.7193494368323191,0.005751817160217221,0.2165379916142291,0.21652223149740787,1.5760116821222914e-05
/mmfs1/gscratch/scrubbed/jsomeara/lynx/borzoi-repro/OUTPUTS/basic-model-trainseed42-trackseed42-tracks30pct,human,259,0.8419759155482814,0.8421078567909551,-0.00013194124267368323,0.25955823581967924,0.25953225915179773,2.5976667881510984e-05
/mmfs1/gscratch/scrubbed/jsomeara/lynx/borzoi-repro/OUTPUTS/basic-model-trainseed42-trackseed42-tracks30pct,human,260,0.7361864310495033,0.7339827221382546,0.0022037089112487696,0.13635394418361377,0.135563280570684,0.0007906636129297595
/mmfs1/gscratch/scrubbed/jsomeara/lynx/borzoi-repro/OUTPUTS/basic-model-trainseed42-trackseed42-tracks30pct,human,267,0.8186323475410535,0.8171841225480722,0.0014482249929813618,0.2718245361892913,0.27190620834653595,-8.167215724463883e-05
/mmfs1/gscratch/scrubbed/jsomeara/lynx/borzoi-repro/OUTPUTS/basic-model-trainseed42-trackseed42-tracks30pct,human,268,0.8764049258022032,0.8761371761527369,0.00026774964946629787,0.2316929030356904,0.23149250467005034,0.0002003983656400643
/mmfs1/gscratch/scrubbed/jsomeara/lynx/borzoi-repro/OUTPUTS/basic-model-trainseed42-trackseed42-tracks30pct,human,269,0.7780819564419061,0.7779642394762605,0.00011771696564566447,0.2931327925080411,0.2929859029396471,0.00014688956839398193
/mmfs1/gscratch/scrubbed/jsomeara/lynx/borzoi-repro/OUTPUTS/basic-model-trainseed42-trackseed42-tracks30pct,human,272,0.8201677258184985,0.8155220709853983,0.004645654833100199,0.20160659141529874,0.2018651237571553,-0.00025853234185654883
/mmfs1/gscratch/scrubbed/jsomeara/lynx/borzoi-repro/OUTPUTS/basic-model-trainseed42-trackseed42-tracks30pct,human,279,0.7989813804348834,0.7958980562539107,0.0030833241809726797,0.2362583965163424,0.23633461572452236,-7.621920817996175e-05
/mmfs1/gscratch/scrubbed/jsomeara/lynx/borzoi-repro/OUTPUTS/basic-model-trainseed42-trackseed42-tracks30pct,human,285,0.8928103969649216,0.8934589519964823,-0.0006485550315606936,0.272418733095197,0.2722887784526162,0.00012995464258080958
/mmfs1/gscratch/scrubbed/jsomeara/lynx/borzoi-repro/OUTPUTS/basic-model-trainseed42-trackseed42-tracks30pct,human,286,0.8202726928535854,0.8189204394907079,0.0013522533628774758,0.2714645181851655,0.27127123946079357,0.00019327872437191473
/mmfs1/gscratch/scrubbed/jsomeara/lynx/borzoi-repro/OUTPUTS/basic-model-trainseed42-trackseed42-tracks30pct,human,289,0.8429599834206103,0.8414376536941032,0.0015223297265071212,0.24498814638882171,0.24496359756702352,2.4548821798198173e-05
/mmfs1/gscratch/scrubbed/jsomeara/lynx/borzoi-repro/OUTPUTS/basic-model-trainseed42-trackseed42-tracks30pct,human,292,0.846106079776066,0.8450502311964095,0.0010558485796564598,0.22820766256838207,0.22816885543658333,3.88071317987404e-05
/mmfs1/gscratch/scrubbed/jsomeara/lynx/borzoi-repro/OUTPUTS/basic-model-trainseed42-trackseed42-tracks30pct,human,294,0.7951695217573197,0.7961421682122428,-0.0009726464549231206,0.27235123448825704,0.27227778848173967,7.344600651737476e-05
/mmfs1/gscratch/scrubbed/jsomeara/lynx/borzoi-repro/OUTPUTS/basic-model-trainseed42-trackseed42-tracks30pct,human,297,0.847996938726462,0.8473818173083989,0.0006151214180630804,0.22135261277577226,0.2213941269629229,-4.1514187150648585e-05
/mmfs1/gscratch/scrubbed/jsomeara/lynx/borzoi-repro/OUTPUTS/basic-model-trainseed42-trackseed42-tracks30pct,human,298,0.837074442857229,0.8362928281922444,0.000781614664984609,0.21009307718810544,0.21018028404429845,-8.720685619301172e-05
/mmfs1/gscratch/scrubbed/jsomeara/lynx/borzoi-repro/OUTPUTS/basic-model-trainseed42-trackseed42-tracks30pct,human,299,0.8101324993477282,0.8088518261844686,0.001280673163259638,0.26763449521872035,0.2677611812856793,-0.00012668606695892537
/mmfs1/gscratch/scrubbed/jsomeara/lynx/borzoi-repro/OUTPUTS/basic-model-trainseed42-trackseed42-tracks30pct,human,301,0.8331871068432251,0.829799713452987,0.0033873933902380804,0.186956384341931,0.18731446693175946,-0.0003580825898284734
/mmfs1/gscratch/scrubbed/jsomeara/lynx/borzoi-repro/OUTPUTS/basic-model-trainseed42-trackseed42-tracks30pct,human,306,0.8931203698300653,0.8945649398382378,-0.001444570008172552,0.2964288393049099,0.2963123548385383,0.00011648446637158028
/mmfs1/gscratch/scrubbed/jsomeara/lynx/borzoi-repro/OUTPUTS/basic-model-trainseed42-trackseed42-tracks30pct,human,308,0.860714052450819,0.8604926999738193,0.0002213524769997255,0.24485475416379043,0.24461973915459467,0.00023501500919576035
/mmfs1/gscratch/scrubbed/jsomeara/lynx/borzoi-repro/OUTPUTS/basic-model-trainseed42-trackseed42-tracks30pct,human,319,0.8150709490941488,0.8126304768573377,0.0024404722368110976,0.17524250854723908,0.17574103511043615,-0.0004985265631970714
/mmfs1/gscratch/scrubbed/jsomeara/lynx/borzoi-repro/OUTPUTS/basic-model-trainseed42-trackseed42-tracks30pct,human,320,0.8269145866339397,0.8248847648520597,0.002029821781879937,0.23049415742526608,0.23065107706950275,-0.00015691964423666938
/mmfs1/gscratch/scrubbed/jsomeara/lynx/borzoi-repro/OUTPUTS/basic-model-trainseed42-trackseed42-tracks30pct,human,321,0.7742520165095729,0.7760651644561689,-0.0018131479465960387,0.209230730978495,0.20849913475836832,0.0007315962201266957
/mmfs1/gscratch/scrubbed/jsomeara/lynx/borzoi-repro/OUTPUTS/basic-model-trainseed42-trackseed42-tracks30pct,human,326,0.8161096035609305,0.8160360326335022,7.357092742832361e-05,0.2757895628343466,0.2757156744607612,7.388837358540679e-05
/mmfs1/gscratch/scrubbed/jsomeara/lynx/borzoi-repro/OUTPUTS/basic-model-trainseed42-trackseed42-tracks30pct,human,327,0.7528352633339559,0.7496598445842161,0.003175418749739811,0.2443042082493125,0.2446808215128592,-0.00037661326354668234
/mmfs1/gscratch/scrubbed/jsomeara/lynx/borzoi-repro/OUTPUTS/basic-model-trainseed42-trackseed42-tracks30pct,human,328,0.8127400773033877,0.8146651145477184,-0.0019250372443306851,0.22643050653053004,0.22580808593508045,0.0006224205954495909
/mmfs1/gscratch/scrubbed/jsomeara/lynx/borzoi-repro/OUTPUTS/basic-model-trainseed42-trackseed42-tracks30pct,human,329,0.858628703913409,0.8574663105394622,0.0011623933739467462,0.24901677112091714,0.24896946781667853,4.730330423860507e-05
/mmfs1/gscratch/scrubbed/jsomeara/lynx/borzoi-repro/OUTPUTS/basic-model-trainseed42-trackseed42-tracks30pct,human,330,0.8295305365292954,0.8271195362030176,0.0024110003262778346,0.14656273369170894,0.1464089933411123,0.00015374035059664837
/mmfs1/gscratch/scrubbed/jsomeara/lynx/borzoi-repro/OUTPUTS/basic-model-trainseed42-trackseed42-tracks30pct,human,331,0.8582970302658904,0.8588088670890521,-0.0005118368231616932,0.26750177981442425,0.2673785043602337,0.0001232754541905523
/mmfs1/gscratch/scrubbed/jsomeara/lynx/borzoi-repro/OUTPUTS/basic-model-trainseed42-trackseed42-tracks30pct,human,336,0.7442989256022846,0.745730522714358,-0.0014315971120734128,0.19836055592389712,0.19747648985327093,0.0008840660706261882
/mmfs1/gscratch/scrubbed/jsomeara/lynx/borzoi-repro/OUTPUTS/basic-model-trainseed42-trackseed42-tracks30pct,human,338,0.8398780278918038,0.8386906432621416,0.0011873846296621693,0.22859776706939938,0.2287598478017552,-0.00016208073235582376
/mmfs1/gscratch/scrubbed/jsomeara/lynx/borzoi-repro/OUTPUTS/basic-model-trainseed42-trackseed42-tracks30pct,human,340,0.7672207846717666,0.765077091543199,0.0021436931285675476,0.2612076653606487,0.26122130346255734,-1.3638101908630684e-05
/mmfs1/gscratch/scrubbed/jsomeara/lynx/borzoi-repro/OUTPUTS/basic-model-trainseed42-trackseed42-tracks30pct,human,344,0.7594329523752579,0.7549008807083815,0.004532071666876414,0.14526963117992847,0.14516320602074942,0.00010642515917905215
/mmfs1/gscratch/scrubbed/jsomeara/lynx/borzoi-repro/OUTPUTS/basic-model-trainseed42-trackseed42-tracks30pct,human,347,0.8713044189582223,0.8715175548439195,-0.0002131358856971577,0.27578483607529936,0.27571780650430694,6.702957099241624e-05
/mmfs1/gscratch/scrubbed/jsomeara/lynx/borzoi-repro/OUTPUTS/basic-model-trainseed42-trackseed42-tracks30pct,human,349,0.7271208249321188,0.7290605706658869,-0.0019397457337680946,0.18368765247689467,0.1829596936288762,0.0007279588480184618
/mmfs1/gscratch/scrubbed/jsomeara/lynx/borzoi-repro/OUTPUTS/basic-model-trainseed42-trackseed42-tracks30pct,human,350,0.8491415102815381,0.8487494982558437,0.0003920120256943882,0.23448583490605565,0.23436738286664793,0.0001184520394077182
/mmfs1/gscratch/scrubbed/jsomeara/lynx/borzoi-repro/OUTPUTS/basic-model-trainseed42-trackseed42-tracks30pct,human,357,0.8170063485494322,0.8157058254038104,0.0013005231456217903,0.23192876013595573,0.23171867171265217,0.00021008842330355604
/mmfs1/gscratch/scrubbed/jsomeara/lynx/borzoi-repro/OUTPUTS/basic-model-trainseed42-trackseed42-tracks30pct,human,358,0.8560595933992,0.8551265348483635,0.0009330585508364742,0.18523775490975278,0.1852982501246462,-6.049521489343013e-05
/mmfs1/gscratch/scrubbed/jsomeara/lynx/borzoi-repro/OUTPUTS/basic-model-trainseed42-trackseed42-tracks30pct,human,361,0.7992775856275,0.801300451481171,-0.002022865853671063,0.17640224568710305,0.17538768147447187,0.001014564212631186
/mmfs1/gscratch/scrubbed/jsomeara/lynx/borzoi-repro/OUTPUTS/basic-model-trainseed42-trackseed42-tracks30pct,human,363,0.835189588828192,0.8334336006410239,0.001755988187168156,0.20863050030531294,0.20870239642903252,-7.18961237195781e-05
/mmfs1/gscratch/scrubbed/jsomeara/lynx/borzoi-repro/OUTPUTS/basic-model-trainseed42-trackseed42-tracks30pct,human,367,0.8408133230275605,0.8408199861011019,-6.663073541357534e-06,0.2379955015265251,0.23790657971485832,8.892181166678115e-05
/mmfs1/gscratch/scrubbed/jsomeara/lynx/borzoi-repro/OUTPUTS/basic-model-trainseed42-trackseed42-tracks30pct,human,370,0.840570194356146,0.8409388943721955,-0.00036870001604949465,0.25659173856780276,0.2565358793165504,5.58592512523437e-05
/mmfs1/gscratch/scrubbed/jsomeara/lynx/borzoi-repro/OUTPUTS/basic-model-trainseed42-trackseed42-tracks30pct,human,376,0.8783775702330612,0.8801765939832467,-0.00179902375018548,0.2686704041856521,0.26841623211446425,0.00025417207118783036
/mmfs1/gscratch/scrubbed/jsomeara/lynx/borzoi-repro/OUTPUTS/basic-model-trainseed42-trackseed42-tracks30pct,human,377,0.8163796650109555,0.814709464064211,0.0016702009467445267,0.2339096606398001,0.2337856580562075,0.00012400258359260286
/mmfs1/gscratch/scrubbed/jsomeara/lynx/borzoi-repro/OUTPUTS/basic-model-trainseed42-trackseed42-tracks30pct,human,380,0.711002682508355,0.7094882394200133,0.0015144430883416993,0.20686371648082638,0.20657212781546863,0.0002915886653577504
/mmfs1/gscratch/scrubbed/jsomeara/lynx/borzoi-repro/OUTPUTS/basic-model-trainseed42-trackseed42-tracks30pct,human,382,0.8842397555980241,0.8831801566812798,0.001059598916744342,0.2935848453436689,0.2935693748661516,1.547047751732089e-05
/mmfs1/gscratch/scrubbed/jsomeara/lynx/borzoi-repro/OUTPUTS/basic-model-trainseed42-trackseed42-tracks30pct,human,387,0.7944346877546421,0.7937055130631939,0.0007291746914481756,0.23884570980037645,0.2391912496795734,-0.0003455398791969433
/mmfs1/gscratch/scrubbed/jsomeara/lynx/borzoi-repro/OUTPUTS/basic-model-trainseed42-trackseed42-tracks30pct,human,397,0.8332441943964257,0.8341068239040336,-0.0008626295076078483,0.22816946268682006,0.2279659766972505,0.00020348598956956843
/mmfs1/gscratch/scrubbed/jsomeara/lynx/borzoi-repro/OUTPUTS/basic-model-trainseed42-trackseed42-tracks30pct,human,399,0.8981747444814334,0.8989915513198384,-0.0008168068384050153,0.3002945585575155,0.300227528336124,6.703022139153969e-05
/mmfs1/gscratch/scrubbed/jsomeara/lynx/borzoi-repro/OUTPUTS/basic-model-trainseed42-trackseed42-tracks30pct,human,400,0.8273787766800745,0.8257758115900652,0.001602965090009345,0.22633614597203225,0.22663250150321587,-0.000296355531183623
/mmfs1/gscratch/scrubbed/jsomeara/lynx/borzoi-repro/OUTPUTS/basic-model-trainseed42-trackseed42-tracks30pct,human,404,0.828700461931863,0.8265772325696754,0.002123229362187562,0.2334210512656542,0.23356801607104313,-0.00014696480538892165
/mmfs1/gscratch/scrubbed/jsomeara/lynx/borzoi-repro/OUTPUTS/basic-model-trainseed42-trackseed42-tracks30pct,human,407,0.8378791001431364,0.8367697959337876,0.0011093042093487382,0.21459271103111768,0.21480290747274208,-0.00021019644162439954
/mmfs1/gscratch/scrubbed/jsomeara/lynx/borzoi-repro/OUTPUTS/basic-model-trainseed42-trackseed42-tracks30pct,human,412,0.8154858793247757,0.8123700431366084,0.0031158361881672425,0.20416461817802475,0.20399386979406223,0.00017074838396252678
/mmfs1/gscratch/scrubbed/jsomeara/lynx/borzoi-repro/OUTPUTS/basic-model-trainseed42-trackseed42-tracks30pct,human,414,0.8205647984724302,0.8200346538436225,0.0005301446288077383,0.26024658512423726,0.26019299126423096,5.359386000630684e-05
/mmfs1/gscratch/scrubbed/jsomeara/lynx/borzoi-repro/OUTPUTS/basic-model-trainseed42-trackseed42-tracks30pct,human,416,0.8164778650952401,0.8157243190818673,0.0007535460133728522,0.28157651905296804,0.2814952568324925,8.126222047555309e-05
/mmfs1/gscratch/scrubbed/jsomeara/lynx/borzoi-repro/OUTPUTS/basic-model-trainseed42-trackseed42-tracks30pct,human,419,0.8275856297860712,0.8259498314893472,0.0016357982967240003,0.23231280576435123,0.2324081097059937,-9.530394164247724e-05
/mmfs1/gscratch/scrubbed/jsomeara/lynx/borzoi-repro/OUTPUTS/basic-model-trainseed42-trackseed42-tracks30pct,human,430,0.8572935469776768,0.8551499400632488,0.0021436069144279424,0.22587413848312565,0.2258799764260662,-5.837942940539742e-06
/mmfs1/gscratch/scrubbed/jsomeara/lynx/borzoi-repro/OUTPUTS/basic-model-trainseed42-trackseed42-tracks30pct,human,431,0.843546087772684,0.842994516980575,0.0005515707921089907,0.21827288766854655,0.2181644140290224,0.00010847363952415368
/mmfs1/gscratch/scrubbed/jsomeara/lynx/borzoi-repro/OUTPUTS/basic-model-trainseed42-trackseed42-tracks30pct,human,437,0.8063377002289827,0.8051472397573916,0.0011904604715911038,0.2517321225911881,0.25191169795859886,-0.00017957536741075586
/mmfs1/gscratch/scrubbed/jsomeara/lynx/borzoi-repro/OUTPUTS/basic-model-trainseed42-trackseed42-tracks30pct,human,438,0.8480509080034383,0.8481722840783747,-0.0001213760749364523,0.2584731996473343,0.2584090234794393,6.417616789500258e-05
/mmfs1/gscratch/scrubbed/jsomeara/lynx/borzoi-repro/OUTPUTS/basic-model-trainseed42-trackseed42-tracks30pct,human,441,0.8171244826554689,0.8179880876379799,-0.0008636049825110348,0.27425157624579427,0.2742298538400399,2.172240575437634e-05
/mmfs1/gscratch/scrubbed/jsomeara/lynx/borzoi-repro/OUTPUTS/basic-model-trainseed42-trackseed42-tracks30pct,human,446,0.8447548398838817,0.8443527440080134,0.000402095875868258,0.25055412278348016,0.25041775723718485,0.00013636554629531394
/mmfs1/gscratch/scrubbed/jsomeara/lynx/borzoi-repro/OUTPUTS/basic-model-trainseed42-trackseed42-tracks30pct,human,449,0.743235361957166,0.7384197355435976,0.0048156264135683635,0.1486131574368021,0.14891386810062449,-0.00030071066382239553
/mmfs1/gscratch/scrubbed/jsomeara/lynx/borzoi-repro/OUTPUTS/basic-model-trainseed42-trackseed42-tracks30pct,human,453,0.727353508033018,0.7271689099508681,0.00018459808214987827,0.2704723022213999,0.2702943481405372,0.0001779540808626856
/mmfs1/gscratch/scrubbed/jsomeara/lynx/borzoi-repro/OUTPUTS/basic-model-trainseed42-trackseed42-tracks30pct,human,454,0.8453828310137171,0.8421833932345362,0.003199437779180969,0.17557700588524758,0.17675429699167422,-0.0011772911064266423
/mmfs1/gscratch/scrubbed/jsomeara/lynx/borzoi-repro/OUTPUTS/basic-model-trainseed42-trackseed42-tracks30pct,human,458,0.8577817451707055,0.8571209427499418,0.0006608024207637175,0.22552818810390737,0.22541503169013086,0.0001131564137765162
/mmfs1/gscratch/scrubbed/jsomeara/lynx/borzoi-repro/OUTPUTS/basic-model-trainseed42-trackseed42-tracks30pct,human,465,0.8020405683635818,0.8033248541472501,-0.0012842857836682375,0.2665047496287303,0.26648877697086804,1.5972657862239892e-05
/mmfs1/gscratch/scrubbed/jsomeara/lynx/borzoi-repro/OUTPUTS/basic-model-trainseed42-trackseed42-tracks30pct,human,467,0.7879595544640179,0.7897837664333354,-0.0018242119693174796,0.16437017739071505,0.16397765171869352,0.00039252567202152644
/mmfs1/gscratch/scrubbed/jsomeara/lynx/borzoi-repro/OUTPUTS/basic-model-trainseed42-trackseed42-tracks30pct,human,468,0.7585185460950086,0.7581305842194553,0.00038796187555323325,0.2440356227880259,0.24399541244925527,4.02103387706354e-05
/mmfs1/gscratch/scrubbed/jsomeara/lynx/borzoi-repro/OUTPUTS/basic-model-trainseed42-trackseed42-tracks30pct,human,470,0.8085531907557861,0.8057239883630467,0.002829202392739427,0.27048112246800704,0.2702718276573792,0.00020929481062781363
/mmfs1/gscratch/scrubbed/jsomeara/lynx/borzoi-repro/OUTPUTS/basic-model-trainseed42-trackseed42-tracks30pct,human,472,0.8684287285904259,0.8669950578569151,0.0014336707335107501,0.2700926646653905,0.26995259861423093,0.00014006605115957083
/mmfs1/gscratch/scrubbed/jsomeara/lynx/borzoi-repro/OUTPUTS/basic-model-trainseed42-trackseed42-tracks30pct,human,474,0.8630720767996034,0.8626769363326487,0.00039514046695465765,0.22313144219522466,0.22305841146364497,7.303073157968742e-05
/mmfs1/gscratch/scrubbed/jsomeara/lynx/borzoi-repro/OUTPUTS/basic-model-trainseed42-trackseed42-tracks30pct,human,483,0.8492051619449215,0.8466362774433919,0.002568884501529589,0.17519793842262152,0.17540370277605757,-0.00020576435343605537
/mmfs1/gscratch/scrubbed/jsomeara/lynx/borzoi-repro/OUTPUTS/basic-model-trainseed42-trackseed42-tracks30pct,human,487,0.8563690902655359,0.8563957044559037,-2.6614190367868495e-05,0.27163427661191236,0.27174432120123126,-0.00011004458931890282
/mmfs1/gscratch/scrubbed/jsomeara/lynx/borzoi-repro/OUTPUTS/basic-model-trainseed42-trackseed42-tracks30pct,human,489,0.8476022387923229,0.8473367671603484,0.00026547163197443435,0.09036233190724675,0.09023216926493297,0.0001301626423137886
/mmfs1/gscratch/scrubbed/jsomeara/lynx/borzoi-repro/OUTPUTS/basic-model-trainseed42-trackseed42-tracks30pct,human,498,0.6991982336868047,0.698318061859203,0.0008801718276016945,0.2434873345378578,0.24291403070666484,0.0005733038311929728
/mmfs1/gscratch/scrubbed/jsomeara/lynx/borzoi-repro/OUTPUTS/basic-model-trainseed42-trackseed42-tracks30pct,human,500,0.8060858768544994,0.8031713442082123,0.002914532646287049,0.22720116046082142,0.2273670769399503,-0.0001659164791288914
/mmfs1/gscratch/scrubbed/jsomeara/lynx/borzoi-repro/OUTPUTS/basic-model-trainseed42-trackseed42-tracks30pct,human,501,0.8581371762990291,0.8563635963168934,0.0017735799821356757,0.25781354134266926,0.25775682553089824,5.671581177102425e-05
/mmfs1/gscratch/scrubbed/jsomeara/lynx/borzoi-repro/OUTPUTS/basic-model-trainseed42-trackseed42-tracks30pct,human,502,0.7353391685782903,0.7361849981666647,-0.0008458295883744249,0.27783386943714655,0.27755820792205993,0.0002756615150866226
/mmfs1/gscratch/scrubbed/jsomeara/lynx/borzoi-repro/OUTPUTS/basic-model-trainseed42-trackseed42-tracks30pct,human,503,0.808481770458638,0.808577540553873,-9.577009523498159e-05,0.22411845793129387,0.22398564617118577,0.00013281176010809803
/mmfs1/gscratch/scrubbed/jsomeara/lynx/borzoi-repro/OUTPUTS/basic-model-trainseed42-trackseed42-tracks30pct,human,513,0.8351936090414587,0.8353885676675167,-0.00019495862605800607,0.22856356258121258,0.22859033794518227,-2.6775363969694377e-05
/mmfs1/gscratch/scrubbed/jsomeara/lynx/borzoi-repro/OUTPUTS/basic-model-trainseed42-trackseed42-tracks30pct,human,514,0.8558386473668402,0.8554409322492526,0.0003977151175876825,0.0631291999034205,0.06290843354660747,0.0002207663568130347
/mmfs1/gscratch/scrubbed/jsomeara/lynx/borzoi-repro/OUTPUTS/basic-model-trainseed42-trackseed42-tracks30pct,human,515,0.8626333722187289,0.8628192060592853,-0.00018583384055637087,0.2684310523564496,0.26823214910582305,0.00019890325062654757
/mmfs1/gscratch/scrubbed/jsomeara/lynx/borzoi-repro/OUTPUTS/basic-model-trainseed42-trackseed42-tracks30pct,human,519,0.8115447331378939,0.8112774516984019,0.00026728143949195093,0.26184477371884607,0.2616276382611743,0.00021713545767176878
/mmfs1/gscratch/scrubbed/jsomeara/lynx/borzoi-repro/OUTPUTS/basic-model-trainseed42-trackseed42-tracks30pct,human,522,0.8418671491897306,0.841522300406944,0.000344848782786622,0.10903983716921833,0.10882825476462686,0.00021158240459147326
/mmfs1/gscratch/scrubbed/jsomeara/lynx/borzoi-repro/OUTPUTS/basic-model-trainseed42-trackseed42-tracks30pct,human,532,0.8617048309587855,0.8620655811014223,-0.00036075014263681204,0.23512386589686754,0.23495317439648217,0.00017069150038537262
/mmfs1/gscratch/scrubbed/jsomeara/lynx/borzoi-repro/OUTPUTS/basic-model-trainseed42-trackseed42-tracks30pct,human,533,0.7825816414434831,0.778393975993546,0.004187665449937095,0.16542154857850946,0.16564041992865364,-0.00021887135014417303
/mmfs1/gscratch/scrubbed/jsomeara/lynx/borzoi-repro/OUTPUTS/basic-model-trainseed42-trackseed42-tracks30pct,human,537,0.8145278123466014,0.8142251105805544,0.00030270176604707544,0.2761209433195649,0.27595801769074385,0.00016292562882103123
/mmfs1/gscratch/scrubbed/jsomeara/lynx/borzoi-repro/OUTPUTS/basic-model-trainseed42-trackseed42-tracks30pct,human,538,0.8125362799497654,0.8143538609601185,-0.0018175810103531198,0.2588766459715918,0.258483321934197,0.0003933240373948377
/mmfs1/gscratch/scrubbed/jsomeara/lynx/borzoi-repro/OUTPUTS/basic-model-trainseed42-trackseed42-tracks30pct,human,540,0.8623096993784504,0.8627930257896639,-0.00048332641121351383,0.2456599356319761,0.24562966058672533,3.0275045250771626e-05
/mmfs1/gscratch/scrubbed/jsomeara/lynx/borzoi-repro/OUTPUTS/basic-model-trainseed42-trackseed42-tracks30pct,human,543,0.8085005059301373,0.8080788220930386,0.0004216838370987297,0.28287257498399004,0.282894561771777,-2.198678778697616e-05
/mmfs1/gscratch/scrubbed/jsomeara/lynx/borzoi-repro/OUTPUTS/basic-model-trainseed42-trackseed42-tracks30pct,human,547,0.8459766213837975,0.8453307361720721,0.0006458852117253722,0.23362768481198504,0.2336126136397846,1.5071172200425975e-05
/mmfs1/gscratch/scrubbed/jsomeara/lynx/borzoi-repro/OUTPUTS/basic-model-trainseed42-trackseed42-tracks30pct,human,549,0.8294245932752908,0.8306287869178179,-0.0012041936425271071,0.2701037424337828,0.269991999602469,0.00011174283131382134
/mmfs1/gscratch/scrubbed/jsomeara/lynx/borzoi-repro/OUTPUTS/basic-model-trainseed42-trackseed42-tracks30pct,human,553,0.8634354417325787,0.861727362648883,0.001708079083695635,0.19675311118391106,0.19680190060744068,-4.878942352962157e-05
/mmfs1/gscratch/scrubbed/jsomeara/lynx/borzoi-repro/OUTPUTS/basic-model-trainseed42-trackseed42-tracks30pct,human,555,0.8052262831539083,0.8049533682343946,0.0002729149195137559,0.27759489439619806,0.27748489820816935,0.00010999618802870481
/mmfs1/gscratch/scrubbed/jsomeara/lynx/borzoi-repro/OUTPUTS/basic-model-trainseed42-trackseed42-tracks30pct,human,558,0.8537208356816118,0.8539658339783072,-0.00024499829669533124,0.28678364661485994,0.28680827942066506,-2.4632805805113733e-05
/mmfs1/gscratch/scrubbed/jsomeara/lynx/borzoi-repro/OUTPUTS/basic-model-trainseed42-trackseed42-tracks30pct,human,564,0.8799110966138769,0.8792473059541775,0.0006637906596993481,0.1714205540010798,0.17142569673820074,-5.142737120933383e-06
/mmfs1/gscratch/scrubbed/jsomeara/lynx/borzoi-repro/OUTPUTS/basic-model-trainseed42-trackseed42-tracks30pct,human,567,0.8462159911900361,0.8458096255390036,0.0004063656510324698,0.2713833993019427,0.2712789674800085,0.0001044318219342033
/mmfs1/gscratch/scrubbed/jsomeara/lynx/borzoi-repro/OUTPUTS/basic-model-trainseed42-trackseed42-tracks30pct,human,570,0.8642260347022072,0.8654764239095564,-0.0012503892073492118,0.23109762211663173,0.23055853147126387,0.0005390906453678623
/mmfs1/gscratch/scrubbed/jsomeara/lynx/borzoi-repro/OUTPUTS/basic-model-trainseed42-trackseed42-tracks30pct,human,575,0.7477130691771637,0.7492588054099021,-0.0015457362327383484,0.20835643865170814,0.20796597491783614,0.0003904637338719985
/mmfs1/gscratch/scrubbed/jsomeara/lynx/borzoi-repro/OUTPUTS/basic-model-trainseed42-trackseed42-tracks30pct,human,576,0.8784552686753996,0.8784923671748783,-3.7098499478749325e-05,0.25540684320699353,0.25543826398439184,-3.142077739831661e-05
/mmfs1/gscratch/scrubbed/jsomeara/lynx/borzoi-repro/OUTPUTS/basic-model-trainseed42-trackseed42-tracks30pct,human,580,0.832528908787868,0.8303875741092642,0.002141334678603779,0.201432063775251,0.20165160346793168,-0.0002195396926806814
/mmfs1/gscratch/scrubbed/jsomeara/lynx/borzoi-repro/OUTPUTS/basic-model-trainseed42-trackseed42-tracks30pct,human,583,0.7755547499362668,0.7742425866126976,0.0013121633235692043,0.2546126043867582,0.2544405478848865,0.00017205650187168686
/mmfs1/gscratch/scrubbed/jsomeara/lynx/borzoi-repro/OUTPUTS/basic-model-trainseed42-trackseed42-tracks30pct,human,586,0.8641815559535748,0.8649799385531866,-0.0007983825996117355,0.23097350955671633,0.23075458818303465,0.00021892137368167974
/mmfs1/gscratch/scrubbed/jsomeara/lynx/borzoi-repro/OUTPUTS/basic-model-trainseed42-trackseed42-tracks30pct,human,587,0.8518363537732897,0.8518756870022414,-3.933322895166569e-05,0.23393570485647933,0.23380379186617722,0.00013191299030210213
/mmfs1/gscratch/scrubbed/jsomeara/lynx/borzoi-repro/OUTPUTS/basic-model-trainseed42-trackseed42-tracks30pct,human,592,0.8118725158523804,0.8098367174228879,0.00203579842949253,0.2792044620353475,0.2791462418908978,5.822014444967216e-05
/mmfs1/gscratch/scrubbed/jsomeara/lynx/borzoi-repro/OUTPUTS/basic-model-trainseed42-trackseed42-tracks30pct,human,594,0.9128650729225136,0.9146815544106947,-0.001816481488181032,0.25300858979789925,0.2528768181742867,0.00013177162361255323
/mmfs1/gscratch/scrubbed/jsomeara/lynx/borzoi-repro/OUTPUTS/basic-model-trainseed42-trackseed42-tracks30pct,human,603,0.8450492290233426,0.8440632105867959,0.000986018436546665,0.1895543122080372,0.18994151125627554,-0.00038719904823833473
/mmfs1/gscratch/scrubbed/jsomeara/lynx/borzoi-repro/OUTPUTS/basic-model-trainseed42-trackseed42-tracks30pct,human,609,0.775465018445762,0.7726125430695912,0.0028524753761708377,0.2556629756355862,0.2557665758549039,-0.00010360021931771213
/mmfs1/gscratch/scrubbed/jsomeara/lynx/borzoi-repro/OUTPUTS/basic-model-trainseed42-trackseed42-tracks30pct,human,614,0.8447212320524206,0.844068320828811,0.0006529112236095536,0.2500080735963153,0.2499714945703215,3.65790259937715e-05
/mmfs1/gscratch/scrubbed/jsomeara/lynx/borzoi-repro/OUTPUTS/basic-model-trainseed42-trackseed42-tracks30pct,human,616,0.8122179627053615,0.8111528011117292,0.0010651615936323466,0.2687280320620855,0.26880575621015995,-7.772414807444283e-05
/mmfs1/gscratch/scrubbed/jsomeara/lynx/borzoi-repro/OUTPUTS/basic-model-trainseed42-trackseed42-tracks30pct,human,617,0.8341495982638405,0.8351188252695996,-0.0009692270057590768,0.22180840595470366,0.22141169999798568,0.0003967059567179798
/mmfs1/gscratch/scrubbed/jsomeara/lynx/borzoi-repro/OUTPUTS/basic-model-trainseed42-trackseed42-tracks30pct,human,618,0.7917607338399216,0.7924197533441929,-0.0006590195042712743,0.21687086506332287,0.21660790608472122,0.00026295897860165174
/mmfs1/gscratch/scrubbed/jsomeara/lynx/borzoi-repro/OUTPUTS/basic-model-trainseed42-trackseed42-tracks30pct,human,619,0.8710859253157356,0.8719973128525743,-0.0009113875368387259,0.24060978546303993,0.24047456776626122,0.0001352176967787111
/mmfs1/gscratch/scrubbed/jsomeara/lynx/borzoi-repro/OUTPUTS/basic-model-trainseed42-trackseed42-tracks30pct,human,633,0.739688625361929,0.7363174046804618,0.003371220681467224,0.2637408236555308,0.26387377598308626,-0.00013295232755544673
/mmfs1/gscratch/scrubbed/jsomeara/lynx/borzoi-repro/OUTPUTS/basic-model-trainseed42-trackseed42-tracks30pct,human,634,0.8316526607235541,0.8283411890798968,0.0033114716436573044,0.23549918362001548,0.2362973473495494,-0.0007981637295339239
/mmfs1/gscratch/scrubbed/jsomeara/lynx/borzoi-repro/OUTPUTS/basic-model-trainseed42-trackseed42-tracks30pct,human,636,0.5825577155424937,0.5873170231045877,-0.004759307562093973,0.2094656051604067,0.20807985760805706,0.001385747552349631
/mmfs1/gscratch/scrubbed/jsomeara/lynx/borzoi-repro/OUTPUTS/basic-model-trainseed42-trackseed42-tracks30pct,human,638,0.8433330671966692,0.8444168347719144,-0.001083767575245198,0.2714402145319134,0.27130990684223766,0.00013030768967575712
/mmfs1/gscratch/scrubbed/jsomeara/lynx/borzoi-repro/OUTPUTS/basic-model-trainseed42-trackseed42-tracks30pct,human,639,0.8620027701337385,0.8615906299259128,0.00041214020782565086,0.26273871548529754,0.26267474039796207,6.397508733546609e-05
/mmfs1/gscratch/scrubbed/jsomeara/lynx/borzoi-repro/OUTPUTS/basic-model-trainseed42-trackseed42-tracks30pct,human,640,0.8430079474674933,0.8430842457811709,-7.629831367761408e-05,0.2921283587876338,0.29213509235809876,-6.733570464934058e-06
/mmfs1/gscratch/scrubbed/jsomeara/lynx/borzoi-repro/OUTPUTS/basic-model-trainseed42-trackseed42-tracks30pct,human,641,0.8427691987192247,0.8435906337889654,-0.0008214350697406392,0.24729296220091068,0.24720202808213132,9.09341187793622e-05
/mmfs1/gscratch/scrubbed/jsomeara/lynx/borzoi-repro/OUTPUTS/basic-model-trainseed42-trackseed42-tracks30pct,human,642,0.7885148443325819,0.7895514717498584,-0.0010366274172765033,0.26115964557993665,0.2608718971210313,0.00028774845890533474
/mmfs1/gscratch/scrubbed/jsomeara/lynx/borzoi-repro/OUTPUTS/basic-model-trainseed42-trackseed42-tracks30pct,human,644,0.8234482538799203,0.8219622440536895,0.0014860098262308163,0.17391905668404073,0.17460127400310213,-0.0006822173190614012
/mmfs1/gscratch/scrubbed/jsomeara/lynx/borzoi-repro/OUTPUTS/basic-model-trainseed42-trackseed42-tracks30pct,human,647,0.8265773676053471,0.8258421461881351,0.0007352214172119398,0.24864732302044865,0.24865833031982007,-1.1007299371423862e-05
/mmfs1/gscratch/scrubbed/jsomeara/lynx/borzoi-repro/OUTPUTS/basic-model-trainseed42-trackseed42-tracks30pct,human,648,0.857987449491521,0.8579964717642891,-9.022272768111073e-06,0.25570057715643063,0.2556081792630739,9.239789335674375e-05
/mmfs1/gscratch/scrubbed/jsomeara/lynx/borzoi-repro/OUTPUTS/basic-model-trainseed42-trackseed42-tracks30pct,human,650,0.8587013166430548,0.8592880601531522,-0.0005867435100973539,0.23064548348461317,0.23053574140411645,0.00010974208049671641
/mmfs1/gscratch/scrubbed/jsomeara/lynx/borzoi-repro/OUTPUTS/basic-model-trainseed42-trackseed42-tracks30pct,human,653,0.8670872732470664,0.8678719147977326,-0.0007846415506662652,0.28324790939708977,0.28320409474488517,4.3814652204599014e-05
/mmfs1/gscratch/scrubbed/jsomeara/lynx/borzoi-repro/OUTPUTS/basic-model-trainseed42-trackseed42-tracks30pct,human,655,0.805198621738254,0.8032468826405372,0.0019517390977167315,0.23436150099629854,0.23469824827864688,-0.0003367472823483375
/mmfs1/gscratch/scrubbed/jsomeara/lynx/borzoi-repro/OUTPUTS/basic-model-trainseed42-trackseed42-tracks30pct,human,658,0.7818605965799319,0.781134159557861,0.0007264370220708694,0.24974551410286414,0.24933741962172867,0.00040809448113546254
/mmfs1/gscratch/scrubbed/jsomeara/lynx/borzoi-repro/OUTPUTS/basic-model-trainseed42-trackseed42-tracks30pct,human,662,0.8527693224694367,0.8541095777289501,-0.0013402552595134232,0.24106905140490292,0.2408363466664439,0.0002327047384590164
/mmfs1/gscratch/scrubbed/jsomeara/lynx/borzoi-repro/OUTPUTS/basic-model-trainseed42-trackseed42-tracks30pct,human,673,0.8856713377405672,0.8861287197239859,-0.0004573819834187143,0.3022801340324208,0.3022238644514231,5.626958099774759e-05
/mmfs1/gscratch/scrubbed/jsomeara/lynx/borzoi-repro/OUTPUTS/basic-model-trainseed42-trackseed42-tracks30pct,human,674,0.3908196549057295,0.3911006955414934,-0.00028104063576389615,0.5562870719170612,0.5554371675745756,0.0008499043424855524
/mmfs1/gscratch/scrubbed/jsomeara/lynx/borzoi-repro/OUTPUTS/basic-model-trainseed42-trackseed42-tracks30pct,human,676,0.69255636551844,0.689624808518867,0.0029315569995730373,0.24746513703329187,0.2508518760442676,-0.003386739010975748
/mmfs1/gscratch/scrubbed/jsomeara/lynx/borzoi-repro/OUTPUTS/basic-model-trainseed42-trackseed42-tracks30pct,human,678,0.5822912468168219,0.5828127188613168,-0.0005214720444949306,0.654097308637021,0.6532906570491633,0.000806651587857643
/mmfs1/gscratch/scrubbed/jsomeara/lynx/borzoi-repro/OUTPUTS/basic-model-trainseed42-trackseed42-tracks30pct,human,680,0.6928578286096618,0.6949269062150478,-0.002069077605385994,0.05332082961143496,0.04670926071246879,0.0066115688989661706
/mmfs1/gscratch/scrubbed/jsomeara/lynx/borzoi-repro/OUTPUTS/basic-model-trainseed42-trackseed42-tracks30pct,human,690,0.5539309933512657,0.5574655656020775,-0.003534572250811774,0.5631447897342758,0.5608085250176662,0.0023362647166096373
/mmfs1/gscratch/scrubbed/jsomeara/lynx/borzoi-repro/OUTPUTS/basic-model-trainseed42-trackseed42-tracks30pct,human,691,0.6787768647616959,0.678028749288442,0.0007481154732538187,-0.040169795510498534,-0.03954219599773071,-0.0006275995127678208
/mmfs1/gscratch/scrubbed/jsomeara/lynx/borzoi-repro/OUTPUTS/basic-model-trainseed42-trackseed42-tracks30pct,human,692,0.7476584930410756,0.7470623611041086,0.0005961319369669482,0.1598730696661414,0.15915192612365653,0.00072114354248487
/mmfs1/gscratch/scrubbed/jsomeara/lynx/borzoi-repro/OUTPUTS/basic-model-trainseed42-trackseed42-tracks30pct,human,693,0.45498334916753996,0.4562848054026941,-0.0013014562351541525,0.770850558772522,0.7705108853204926,0.0003396734520293432
/mmfs1/gscratch/scrubbed/jsomeara/lynx/borzoi-repro/OUTPUTS/basic-model-trainseed42-trackseed42-tracks30pct,human,696,0.780685400050434,0.7847278511020365,-0.0040424510516025025,0.19078061363930157,0.18664443552678925,0.004136178112512323
/mmfs1/gscratch/scrubbed/jsomeara/lynx/borzoi-repro/OUTPUTS/basic-model-trainseed42-trackseed42-tracks30pct,human,704,0.8110491114155073,0.808296739169834,0.0027523722456732624,0.31108254605131674,0.31370115032540974,-0.002618604274092995
/mmfs1/gscratch/scrubbed/jsomeara/lynx/borzoi-repro/OUTPUTS/basic-model-trainseed42-trackseed42-tracks30pct,human,706,0.6354288352506277,0.6392221219143495,-0.0037932866637218066,-0.16567018092377261,-0.18061632155807603,0.014946140634303412
/mmfs1/gscratch/scrubbed/jsomeara/lynx/borzoi-repro/OUTPUTS/basic-model-trainseed42-trackseed42-tracks30pct,human,708,0.43338662069414474,0.43284539509163883,0.0005412256025059126,0.7160244740374133,0.7161304651178767,-0.00010599108046338568
/mmfs1/gscratch/scrubbed/jsomeara/lynx/borzoi-repro/OUTPUTS/basic-model-trainseed42-trackseed42-tracks30pct,human,709,0.6207863672809953,0.623633863729833,-0.0028474964488376386,0.4785460433961406,0.4742174608327553,0.004328582563385308
/mmfs1/gscratch/scrubbed/jsomeara/lynx/borzoi-repro/OUTPUTS/basic-model-trainseed42-trackseed42-tracks30pct,human,711,0.788713109324379,0.7877801883286065,0.0009329209957724682,-0.09756350729458278,-0.10016587666468582,0.0026023693701030387
/mmfs1/gscratch/scrubbed/jsomeara/lynx/borzoi-repro/OUTPUTS/basic-model-trainseed42-trackseed42-tracks30pct,human,714,0.7487317487805336,0.7499957309873827,-0.0012639822068490902,0.045210609949058046,0.04044466254888264,0.004765947400175406
/mmfs1/gscratch/scrubbed/jsomeara/lynx/borzoi-repro/OUTPUTS/basic-model-trainseed42-trackseed42-tracks30pct,human,723,0.7769867799994258,0.7760345584559527,0.0009522215434730752,0.3092609053637336,0.30963225830957686,-0.00037135294584328404
/mmfs1/gscratch/scrubbed/jsomeara/lynx/borzoi-repro/OUTPUTS/basic-model-trainseed42-trackseed42-tracks30pct,human,726,0.6758269980238341,0.6783246986054617,-0.002497700581627682,0.5613274654088417,0.5586457861391635,0.0026816792696782166
/mmfs1/gscratch/scrubbed/jsomeara/lynx/borzoi-repro/OUTPUTS/basic-model-trainseed42-trackseed42-tracks30pct,human,729,0.8674055693064162,0.8666864817016009,0.0007190876048153161,-0.5148730615133854,-0.5139681888035043,-0.0009048727098811549
/mmfs1/gscratch/scrubbed/jsomeara/lynx/borzoi-repro/OUTPUTS/basic-model-trainseed42-trackseed42-tracks30pct,human,730,0.6648851175373972,0.6632184682644622,0.001666649272935028,0.5280062172065269,0.5304267728237267,-0.002420555617199893
/mmfs1/gscratch/scrubbed/jsomeara/lynx/borzoi-repro/OUTPUTS/basic-model-trainseed42-trackseed42-tracks30pct,human,733,0.7141206115776814,0.7199684633662377,-0.005847851788556291,0.148582027909599,0.14367942091155944,0.0049026069980395715
/mmfs1/gscratch/scrubbed/jsomeara/lynx/borzoi-repro/OUTPUTS/basic-model-trainseed42-trackseed42-tracks30pct,human,735,0.8280818376144207,0.8284132114536562,-0.0003313738392355381,0.3731350489246364,0.37449372424300903,-0.0013586753183726374
/mmfs1/gscratch/scrubbed/jsomeara/lynx/borzoi-repro/OUTPUTS/basic-model-trainseed42-trackseed42-tracks30pct,human,739,0.583688009490674,0.581230103662999,0.002457905827675022,0.6124827024102453,0.6156877432676634,-0.003205040857418129
/mmfs1/gscratch/scrubbed/jsomeara/lynx/borzoi-repro/OUTPUTS/basic-model-trainseed42-trackseed42-tracks30pct,human,741,0.8396869790615016,0.8396480810768434,3.8897984658170515e-05,0.03143492120985642,0.03128519772115455,0.00014972348870186808
/mmfs1/gscratch/scrubbed/jsomeara/lynx/borzoi-repro/OUTPUTS/basic-model-trainseed42-trackseed42-tracks30pct,human,742,0.8514383181780332,0.8498375947321914,0.001600723445841723,0.11531557897920093,0.11595049586308491,-0.0006349168838839792
/mmfs1/gscratch/scrubbed/jsomeara/lynx/borzoi-repro/OUTPUTS/basic-model-trainseed42-trackseed42-tracks30pct,human,746,0.7361638294478333,0.7399762198192837,-0.003812390371450425,-0.006649018656128622,-0.01420354454653158,0.007554525890402958
/mmfs1/gscratch/scrubbed/jsomeara/lynx/borzoi-repro/OUTPUTS/basic-model-trainseed42-trackseed42-tracks30pct,human,749,0.600727647149174,0.602167320149709,-0.0014396730005349356,0.5838398715309874,0.5815322240646481,0.0023076474663392688
/mmfs1/gscratch/scrubbed/jsomeara/lynx/borzoi-repro/OUTPUTS/basic-model-trainseed42-trackseed42-tracks30pct,human,756,0.7009501898021285,0.6991260555031538,0.0018241342989747666,0.3789399817770581,0.38150123144845316,-0.0025612496713950383
/mmfs1/gscratch/scrubbed/jsomeara/lynx/borzoi-repro/OUTPUTS/basic-model-trainseed42-trackseed42-tracks30pct,human,765,0.6896562402598722,0.6943353080240324,-0.004679067764160272,0.4551096728928119,0.44797744648826227,0.007132226404549635
/mmfs1/gscratch/scrubbed/jsomeara/lynx/borzoi-repro/OUTPUTS/basic-model-trainseed42-trackseed42-tracks30pct,human,768,0.5695037552104637,0.5753369854537339,-0.005833230243270204,0.5979400597890783,0.5999824173134349,-0.002042357524356664
/mmfs1/gscratch/scrubbed/jsomeara/lynx/borzoi-repro/OUTPUTS/basic-model-trainseed42-trackseed42-tracks30pct,human,771,0.7953710237601124,0.7951685235483176,0.00020250021179479827,0.4222639589990759,0.42220424376180915,5.971523726672201e-05
/mmfs1/gscratch/scrubbed/jsomeara/lynx/borzoi-repro/OUTPUTS/basic-model-trainseed42-trackseed42-tracks30pct,human,776,0.6354957819861989,0.633946393506412,0.0015493884797869173,0.6568309006793195,0.6567788884884053,5.201219091421905e-05
/mmfs1/gscratch/scrubbed/jsomeara/lynx/borzoi-repro/OUTPUTS/basic-model-trainseed42-trackseed42-tracks30pct,human,778,0.8040313531871395,0.8018699185649508,0.0021614346221886516,0.46797589029198455,0.46813503993867295,-0.0001591496466883946
/mmfs1/gscratch/scrubbed/jsomeara/lynx/borzoi-repro/OUTPUTS/basic-model-trainseed42-trackseed42-tracks30pct,human,783,0.7035443842648439,0.7016144166708485,0.0019299675939954408,0.6203718017013996,0.620514478649184,-0.00014267694778435924
/mmfs1/gscratch/scrubbed/jsomeara/lynx/borzoi-repro/OUTPUTS/basic-model-trainseed42-trackseed42-tracks30pct,human,787,0.7113641316014435,0.7086866317132211,0.002677499888222412,0.569318746225748,0.5695004615359254,-0.0001817153101774105
/mmfs1/gscratch/scrubbed/jsomeara/lynx/borzoi-repro/OUTPUTS/basic-model-trainseed42-trackseed42-tracks30pct,human,790,0.4876670584764031,0.485940791596029,0.0017262668803741388,0.3271146301344036,0.3315160499860026,-0.0044014198515989755
/mmfs1/gscratch/scrubbed/jsomeara/lynx/borzoi-repro/OUTPUTS/basic-model-trainseed42-trackseed42-tracks30pct,human,794,0.45550807102036805,0.4548178859043591,0.0006901851160089345,0.8570368843270986,0.8572942037228412,-0.00025731939574258345
/mmfs1/gscratch/scrubbed/jsomeara/lynx/borzoi-repro/OUTPUTS/basic-model-trainseed42-trackseed42-tracks30pct,human,795,0.7057395632585871,0.701313696761465,0.004425866497122066,0.6224163384808079,0.6224565873727376,-4.0248891929661745e-05
/mmfs1/gscratch/scrubbed/jsomeara/lynx/borzoi-repro/OUTPUTS/basic-model-trainseed42-trackseed42-tracks30pct,human,804,0.7093492976598115,0.7106089306139443,-0.0012596329541327833,0.5988839273112591,0.5975594968798882,0.001324430431370871
/mmfs1/gscratch/scrubbed/jsomeara/lynx/borzoi-repro/OUTPUTS/basic-model-trainseed42-trackseed42-tracks30pct,human,805,0.530829964531266,0.5346716422931838,-0.0038416777619177944,0.737171096782159,0.7366084416741329,0.0005626551080261111
/mmfs1/gscratch/scrubbed/jsomeara/lynx/borzoi-repro/OUTPUTS/basic-model-trainseed42-trackseed42-tracks30pct,human,807,0.7367676775936817,0.7405576961101129,-0.003790018516431237,0.5409147263407378,0.540081136058521,0.0008335902822167451
/mmfs1/gscratch/scrubbed/jsomeara/lynx/borzoi-repro/OUTPUTS/basic-model-trainseed42-trackseed42-tracks30pct,human,811,0.6840612418610069,0.6861701645880961,-0.0021089227270891797,0.5849738239892407,0.5818776727055888,0.0030961512836519267
/mmfs1/gscratch/scrubbed/jsomeara/lynx/borzoi-repro/OUTPUTS/basic-model-trainseed42-trackseed42-tracks30pct,human,820,0.6200506296521596,0.6222934835978304,-0.0022428539456708085,-0.4909881743168453,-0.49488583882197684,0.003897664505131515
/mmfs1/gscratch/scrubbed/jsomeara/lynx/borzoi-repro/OUTPUTS/basic-model-trainseed42-trackseed42-tracks30pct,human,822,0.7139482667986445,0.7101995190910279,0.003748747707616684,-0.4082512052891856,-0.4048458617352001,-0.0034053435539855292
/mmfs1/gscratch/scrubbed/jsomeara/lynx/borzoi-repro/OUTPUTS/basic-model-trainseed42-trackseed42-tracks30pct,human,824,0.6379362809539629,0.6459893020132569,-0.008053021059293952,-0.03724464110439736,-0.05121313881042367,0.01396849770602631
/mmfs1/gscratch/scrubbed/jsomeara/lynx/borzoi-repro/OUTPUTS/basic-model-trainseed42-trackseed42-tracks30pct,human,826,0.8085296431263306,0.805435232290062,0.003094410836268602,-0.23227331801577944,-0.23388950951860155,0.0016161915028221063
/mmfs1/gscratch/scrubbed/jsomeara/lynx/borzoi-repro/OUTPUTS/basic-model-trainseed42-trackseed42-tracks30pct,human,828,0.5420928829304548,0.5412035287763889,0.00088935415406588,0.573199638430512,0.5801131464249066,-0.006913507994394608
/mmfs1/gscratch/scrubbed/jsomeara/lynx/borzoi-repro/OUTPUTS/basic-model-trainseed42-trackseed42-tracks30pct,human,830,0.573832073216304,0.5683883869616039,0.005443686254700153,0.16465229455841326,0.18165117408415155,-0.01699887952573828
/mmfs1/gscratch/scrubbed/jsomeara/lynx/borzoi-repro/OUTPUTS/basic-model-trainseed42-trackseed42-tracks30pct,human,831,0.788031423326718,0.7876579025831135,0.00037352074360452736,0.09897629360309415,0.09829204098419456,0.0006842526188995945
/mmfs1/gscratch/scrubbed/jsomeara/lynx/borzoi-repro/OUTPUTS/basic-model-trainseed42-trackseed42-tracks30pct,human,832,0.8793033485915697,0.8795768450451593,-0.00027349645358965,-0.6528326748948557,-0.6533351317363175,0.0005024568414617736
/mmfs1/gscratch/scrubbed/jsomeara/lynx/borzoi-repro/OUTPUTS/basic-model-trainseed42-trackseed42-tracks30pct,human,833,0.5916705903093241,0.5895675819670297,0.002103008342294377,0.6313892502242029,0.6349431983482176,-0.003553948124014661
/mmfs1/gscratch/scrubbed/jsomeara/lynx/borzoi-repro/OUTPUTS/basic-model-trainseed42-trackseed42-tracks30pct,human,834,0.4957788308712944,0.49667372732928905,-0.0008948964579946761,0.7641507496505182,0.7637253282140087,0.0004254214365094766
/mmfs1/gscratch/scrubbed/jsomeara/lynx/borzoi-repro/OUTPUTS/basic-model-trainseed42-trackseed42-tracks30pct,human,835,0.7299307530030884,0.7288000058829706,0.0011307471201178476,0.6509048561657276,0.6513069549205973,-0.00040209875486973967
/mmfs1/gscratch/scrubbed/jsomeara/lynx/borzoi-repro/OUTPUTS/basic-model-trainseed42-trackseed42-tracks30pct,human,839,0.501636620027145,0.5022087769060526,-0.0005721568789075482,0.729104953373294,0.7288690696240112,0.00023588374928273925
/mmfs1/gscratch/scrubbed/jsomeara/lynx/borzoi-repro/OUTPUTS/basic-model-trainseed42-trackseed42-tracks30pct,human,843,0.30697055033102616,0.307550057359414,-0.0005795070283878268,0.8676214861107033,0.8676839624752732,-6.24763645699078e-05
/mmfs1/gscratch/scrubbed/jsomeara/lynx/borzoi-repro/OUTPUTS/basic-model-trainseed42-trackseed42-tracks30pct,human,844,0.3655205813153916,0.36576932243362836,-0.0002487411182367505,0.7879112896274318,0.7884869016406728,-0.000575612013240967
/mmfs1/gscratch/scrubbed/jsomeara/lynx/borzoi-repro/OUTPUTS/basic-model-trainseed42-trackseed42-tracks30pct,human,848,0.6579584190263456,0.6577530270151573,0.00020539201118829897,0.060206920769124025,0.05234372879802616,0.007863191971097867
/mmfs1/gscratch/scrubbed/jsomeara/lynx/borzoi-repro/OUTPUTS/basic-model-trainseed42-trackseed42-tracks30pct,human,850,0.6709126970069674,0.674633731482106,-0.003721034475138607,0.5715398251305346,0.5701433905405099,0.0013964345900246977
/mmfs1/gscratch/scrubbed/jsomeara/lynx/borzoi-repro/OUTPUTS/basic-model-trainseed42-trackseed42-tracks30pct,human,855,0.4092487952856323,0.40922048027106206,2.8315014570234887e-05,0.8354599726365506,0.8354123175224242,4.7655114126410325e-05
/mmfs1/gscratch/scrubbed/jsomeara/lynx/borzoi-repro/OUTPUTS/basic-model-trainseed42-trackseed42-tracks30pct,human,857,0.8500817871644667,0.8461735245531256,0.00390826261134114,0.14039585301043447,0.1424981339900249,-0.0021022809795904207
/mmfs1/gscratch/scrubbed/jsomeara/lynx/borzoi-repro/OUTPUTS/basic-model-trainseed42-trackseed42-tracks30pct,human,858,0.7774507449227527,0.7759940250763331,0.0014567198464195963,0.20217292913114113,0.20389403811446838,-0.001721108983327252
/mmfs1/gscratch/scrubbed/jsomeara/lynx/borzoi-repro/OUTPUTS/basic-model-trainseed42-trackseed42-tracks30pct,human,860,0.5447525763934631,0.5448241949443966,-7.161855093351654e-05,0.8146294273381511,0.8152082792491889,-0.0005788519110377921
/mmfs1/gscratch/scrubbed/jsomeara/lynx/borzoi-repro/OUTPUTS/basic-model-trainseed42-trackseed42-tracks30pct,human,861,0.6198618591943611,0.619817613704733,4.424548962811414e-05,0.6935855081497346,0.6924339174969182,0.0011515906528164477
/mmfs1/gscratch/scrubbed/jsomeara/lynx/borzoi-repro/OUTPUTS/basic-model-trainseed42-trackseed42-tracks30pct,human,864,0.7604646329155991,0.7590921854410031,0.0013724474745959725,-0.03903507459493826,-0.044291605791040876,0.005256531196102615
/mmfs1/gscratch/scrubbed/jsomeara/lynx/borzoi-repro/OUTPUTS/basic-model-trainseed42-trackseed42-tracks30pct,human,869,0.5866210268910236,0.5869586883891835,-0.00033766149815994684,0.7298249882029421,0.7295597495397985,0.00026523866314354105
/mmfs1/gscratch/scrubbed/jsomeara/lynx/borzoi-repro/OUTPUTS/basic-model-trainseed42-trackseed42-tracks30pct,human,870,0.4087848555071304,0.4087564637283362,2.8391778794212286e-05,0.7388140744977807,0.7385407785219941,0.0002732959757866249
/mmfs1/gscratch/scrubbed/jsomeara/lynx/borzoi-repro/OUTPUTS/basic-model-trainseed42-trackseed42-tracks30pct,human,874,0.5022283429227408,0.44436853436474216,0.057859808557998604,0.7918083114969353,0.803274401047636,-0.01146608955070072
/mmfs1/gscratch/scrubbed/jsomeara/lynx/borzoi-repro/OUTPUTS/basic-model-trainseed42-trackseed42-tracks30pct,human,875,0.7341830630832007,0.7338806178505646,0.0003024452326361171,0.1303666290707771,0.1292859329939806,0.001080696076796478
/mmfs1/gscratch/scrubbed/jsomeara/lynx/borzoi-repro/OUTPUTS/basic-model-trainseed42-trackseed42-tracks30pct,human,877,0.6291300249843146,0.6295609940577848,-0.00043096907347017765,0.6997580506103637,0.6991996003788284,0.0005584502315352236
/mmfs1/gscratch/scrubbed/jsomeara/lynx/borzoi-repro/OUTPUTS/basic-model-trainseed42-trackseed42-tracks30pct,human,879,0.43958789503779083,0.44121105028777274,-0.0016231552499819113,0.6478323184509077,0.6470712531276508,0.0007610653232569264
/mmfs1/gscratch/scrubbed/jsomeara/lynx/borzoi-repro/OUTPUTS/basic-model-trainseed42-trackseed42-tracks30pct,human,881,0.5652363272946573,0.5641897551172507,0.0010465721774066683,0.5804413148374912,0.5807589559111537,-0.00031764107366250016
/mmfs1/gscratch/scrubbed/jsomeara/lynx/borzoi-repro/OUTPUTS/basic-model-trainseed42-trackseed42-tracks30pct,human,885,0.5329527061266124,0.5344100349498236,-0.001457328823211257,0.6177952723461536,0.6164578234833085,0.0013374488628451475
/mmfs1/gscratch/scrubbed/jsomeara/lynx/borzoi-repro/OUTPUTS/basic-model-trainseed42-trackseed42-tracks30pct,human,886,0.5442528077864427,0.544856696032072,-0.0006038882456292916,0.7470414538137061,0.7464418910397583,0.0005995627739477927
/mmfs1/gscratch/scrubbed/jsomeara/lynx/borzoi-repro/OUTPUTS/basic-model-trainseed42-trackseed42-tracks30pct,human,890,0.6672620319691241,0.6681131277192974,-0.0008510957501732808,0.4425258159304862,0.4418594859032562,0.0006663300272299888
/mmfs1/gscratch/scrubbed/jsomeara/lynx/borzoi-repro/OUTPUTS/basic-model-trainseed42-trackseed42-tracks30pct,human,894,0.7250665451886804,0.7256044667538308,-0.0005379215651504232,0.4927121280524439,0.4914453274130368,0.0012668006394070952
/mmfs1/gscratch/scrubbed/jsomeara/lynx/borzoi-repro/OUTPUTS/basic-model-trainseed42-trackseed42-tracks30pct,human,895,0.5509049735453381,0.5555264624584568,-0.004621488913118754,0.7411802772054417,0.739494773100041,0.0016855041054006925
/mmfs1/gscratch/scrubbed/jsomeara/lynx/borzoi-repro/OUTPUTS/basic-model-trainseed42-trackseed42-tracks30pct,human,898,0.4831251234754756,0.4856061868167253,-0.0024810633412497007,0.8167903467184644,0.8163403414196057,0.00045000529885874663
/mmfs1/gscratch/scrubbed/jsomeara/lynx/borzoi-repro/OUTPUTS/basic-model-trainseed42-trackseed42-tracks30pct,human,899,0.7135073339192706,0.7135438987199769,-3.6564800706351264e-05,0.3845413345502304,0.38424481376647535,0.00029652078375502766
/mmfs1/gscratch/scrubbed/jsomeara/lynx/borzoi-repro/OUTPUTS/basic-model-trainseed42-trackseed42-tracks30pct,human,900,0.6721803184205158,0.6725397169222268,-0.0003593985017109613,0.26020330432736044,0.2595420472051699,0.0006612571221905617
/mmfs1/gscratch/scrubbed/jsomeara/lynx/borzoi-repro/OUTPUTS/basic-model-trainseed42-trackseed42-tracks30pct,human,902,0.6662914508493302,0.6681206959551359,-0.0018292451058057324,0.053086882676740554,0.04656552531886193,0.006521357357878621
/mmfs1/gscratch/scrubbed/jsomeara/lynx/borzoi-repro/OUTPUTS/basic-model-trainseed42-trackseed42-tracks30pct,human,905,0.708694027997525,0.7096676322655538,-0.0009736042680288381,-0.09878862261799237,-0.10055364815891792,0.0017650255409255439
/mmfs1/gscratch/scrubbed/jsomeara/lynx/borzoi-repro/OUTPUTS/basic-model-trainseed42-trackseed42-tracks30pct,human,907,0.4695900135379762,0.46132770555781444,0.008262307980161754,0.6347567226595826,0.639681446560306,-0.0049247239007234045
/mmfs1/gscratch/scrubbed/jsomeara/lynx/borzoi-repro/OUTPUTS/basic-model-trainseed42-trackseed42-tracks30pct,human,908,0.6415440963506972,0.6412593759555745,0.0002847203951227284,0.503719938451027,0.5035642047696213,0.00015573368140575639
/mmfs1/gscratch/scrubbed/jsomeara/lynx/borzoi-repro/OUTPUTS/basic-model-trainseed42-trackseed42-tracks30pct,human,911,0.5214242878037862,0.5218113938789749,-0.000387106075188659,0.7582230348044685,0.7576722172682944,0.0005508175361741419
/mmfs1/gscratch/scrubbed/jsomeara/lynx/borzoi-repro/OUTPUTS/basic-model-trainseed42-trackseed42-tracks30pct,human,916,0.4287461805064,0.42761312252092154,0.0011330579854784695,0.8095163693040655,0.8093498725480425,0.00016649675602298242
/mmfs1/gscratch/scrubbed/jsomeara/lynx/borzoi-repro/OUTPUTS/basic-model-trainseed42-trackseed42-tracks30pct,human,918,0.3429946985617767,0.3431205549525222,-0.00012585639074547128,0.8723758841112165,0.8730174026879497,-0.0006415185767332243
/mmfs1/gscratch/scrubbed/jsomeara/lynx/borzoi-repro/OUTPUTS/basic-model-trainseed42-trackseed42-tracks30pct,human,919,0.600937117062144,0.5993564082436421,0.0015807088185019191,0.766170684732133,0.7680339680242043,-0.001863283292071305
/mmfs1/gscratch/scrubbed/jsomeara/lynx/borzoi-repro/OUTPUTS/basic-model-trainseed42-trackseed42-tracks30pct,human,923,0.3344453107023723,0.33541379027764423,-0.0009684795752719078,0.86493332523675,0.8644656388526887,0.000467686384061361
/mmfs1/gscratch/scrubbed/jsomeara/lynx/borzoi-repro/OUTPUTS/basic-model-trainseed42-trackseed42-tracks30pct,human,926,0.5950829346412061,0.5960366264259741,-0.0009536917847680071,0.7372459590449694,0.7363942543560273,0.0008517046889420232
/mmfs1/gscratch/scrubbed/jsomeara/lynx/borzoi-repro/OUTPUTS/basic-model-trainseed42-trackseed42-tracks30pct,human,928,0.4188075339384443,0.41932157417648713,-0.0005140402380428566,0.8007855754689268,0.8004691854290352,0.00031639003989158976
/mmfs1/gscratch/scrubbed/jsomeara/lynx/borzoi-repro/OUTPUTS/basic-model-trainseed42-trackseed42-tracks30pct,human,930,0.3760972180490994,0.37739409130677687,-0.0012968732576774666,0.8131375505121318,0.8118134728856766,0.0013240776264551446
/mmfs1/gscratch/scrubbed/jsomeara/lynx/borzoi-repro/OUTPUTS/basic-model-trainseed42-trackseed42-tracks30pct,human,934,0.28094310731451644,0.28141713252599077,-0.0004740252114743271,0.8793630480006299,0.8799058586936479,-0.000542810693017981
/mmfs1/gscratch/scrubbed/jsomeara/lynx/borzoi-repro/OUTPUTS/basic-model-trainseed42-trackseed42-tracks30pct,human,938,0.32429083779948803,0.3243359164624584,-4.507866297037699e-05,0.8748619748502464,0.8750075856887178,-0.00014561083847142164
/mmfs1/gscratch/scrubbed/jsomeara/lynx/borzoi-repro/OUTPUTS/basic-model-trainseed42-trackseed42-tracks30pct,human,941,0.392104757698004,0.3910003864917414,0.001104371206262611,0.8647629517096832,0.8645191744327204,0.00024377727696278662
/mmfs1/gscratch/scrubbed/jsomeara/lynx/borzoi-repro/OUTPUTS/basic-model-trainseed42-trackseed42-tracks30pct,human,942,0.31877153929347685,0.3215011304751853,-0.0027295911817084573,0.8761326746834056,0.8754678914701945,0.000664783213211062
/mmfs1/gscratch/scrubbed/jsomeara/lynx/borzoi-repro/OUTPUTS/basic-model-trainseed42-trackseed42-tracks30pct,human,954,0.4405334514483239,0.44128486313110205,-0.000751411682778147,0.8079186147533846,0.8074990362287643,0.0004195785246202677
/mmfs1/gscratch/scrubbed/jsomeara/lynx/borzoi-repro/OUTPUTS/basic-model-trainseed42-trackseed42-tracks30pct,human,955,0.7970344188562359,0.7935536819628783,0.0034807368933575944,0.2636876360557363,0.26623895136453196,-0.002551315308795654
/mmfs1/gscratch/scrubbed/jsomeara/lynx/borzoi-repro/OUTPUTS/basic-model-trainseed42-trackseed42-tracks30pct,human,956,0.42866665433783774,0.43128282208723556,-0.002616167749397824,0.7498539587339801,0.7493501927074968,0.0005037660264832766
/mmfs1/gscratch/scrubbed/jsomeara/lynx/borzoi-repro/OUTPUTS/basic-model-trainseed42-trackseed42-tracks30pct,human,960,0.6144943031978778,0.6081905944181614,0.0063037087797164215,0.5958100219267295,0.5960199333262692,-0.0002099113995397417
/mmfs1/gscratch/scrubbed/jsomeara/lynx/borzoi-repro/OUTPUTS/basic-model-trainseed42-trackseed42-tracks30pct,human,965,0.5160239232591246,0.5157745749060302,0.00024934835309442516,0.8349551060145608,0.8351052247014187,-0.00015011868685788077
/mmfs1/gscratch/scrubbed/jsomeara/lynx/borzoi-repro/OUTPUTS/basic-model-trainseed42-trackseed42-tracks30pct,human,967,0.8020909300576534,0.801666979593243,0.0004239504644104608,0.47245628756250563,0.47317151733133755,-0.0007152297688319265
/mmfs1/gscratch/scrubbed/jsomeara/lynx/borzoi-repro/OUTPUTS/basic-model-trainseed42-trackseed42-tracks30pct,human,968,0.7943875114577238,0.7945496534790311,-0.00016214202130726552,0.29816152842451027,0.2999532150924216,-0.001791686667911352
/mmfs1/gscratch/scrubbed/jsomeara/lynx/borzoi-repro/OUTPUTS/basic-model-trainseed42-trackseed42-tracks30pct,human,969,0.6097573339385628,0.6075349778060346,0.0022223561325281915,0.733213572998147,0.7321669720840538,0.0010466009140932542
/mmfs1/gscratch/scrubbed/jsomeara/lynx/borzoi-repro/OUTPUTS/basic-model-trainseed42-trackseed42-tracks30pct,human,970,0.485962439368255,0.48758975795725146,-0.0016273185889964514,0.8385637781637681,0.8387301545247708,-0.00016637636100269582
/mmfs1/gscratch/scrubbed/jsomeara/lynx/borzoi-repro/OUTPUTS/basic-model-trainseed42-trackseed42-tracks30pct,human,973,0.714394273827532,0.7109179261445772,0.0034763476829547946,0.27996383215843196,0.28174287597006914,-0.001779043811637182
/mmfs1/gscratch/scrubbed/jsomeara/lynx/borzoi-repro/OUTPUTS/basic-model-trainseed42-trackseed42-tracks30pct,human,975,0.30001574635004163,0.30039988960841385,-0.00038414325837221597,0.8481556441124716,0.8484389024103162,-0.0002832582978445908
/mmfs1/gscratch/scrubbed/jsomeara/lynx/borzoi-repro/OUTPUTS/basic-model-trainseed42-trackseed42-tracks30pct,human,976,0.7251012977264147,0.7265570412537115,-0.0014557435272967156,0.20616436487816076,0.20538543919095065,0.000778925687210108
/mmfs1/gscratch/scrubbed/jsomeara/lynx/borzoi-repro/OUTPUTS/basic-model-trainseed42-trackseed42-tracks30pct,human,981,0.47696114523365274,0.4750722105754771,0.0018889346581756339,0.7912660523174739,0.791862270366448,-0.0005962180489740287
/mmfs1/gscratch/scrubbed/jsomeara/lynx/borzoi-repro/OUTPUTS/basic-model-trainseed42-trackseed42-tracks30pct,human,982,0.36167453523736415,0.3601498424357329,0.0015246928016312555,0.757624955515987,0.758355929516935,-0.0007309740009480148
/mmfs1/gscratch/scrubbed/jsomeara/lynx/borzoi-repro/OUTPUTS/basic-model-trainseed42-trackseed42-tracks30pct,human,986,0.3713942430733646,0.3715171366412584,-0.00012289356789380035,0.8671607938034521,0.8675191630280047,-0.00035836922455256826
/mmfs1/gscratch/scrubbed/jsomeara/lynx/borzoi-repro/OUTPUTS/basic-model-trainseed42-trackseed42-tracks30pct,human,988,0.32630727790916336,0.32720527530196414,-0.0008979973928007756,0.8802560860785038,0.8799155083364858,0.00034057774201801116
/mmfs1/gscratch/scrubbed/jsomeara/lynx/borzoi-repro/OUTPUTS/basic-model-trainseed42-trackseed42-tracks30pct,human,990,0.445401036200155,0.44885367890565125,-0.0034526427054962783,0.7506844635489995,0.7501519478367734,0.0005325157122261226
/mmfs1/gscratch/scrubbed/jsomeara/lynx/borzoi-repro/OUTPUTS/basic-model-trainseed42-trackseed42-tracks30pct,human,995,0.3497090024345018,0.35010477101008053,-0.00039576857557871437,0.855581657987021,0.8551428786059951,0.00043877938102587777
/mmfs1/gscratch/scrubbed/jsomeara/lynx/borzoi-repro/OUTPUTS/basic-model-trainseed42-trackseed42-tracks30pct,human,998,0.5980753873850856,0.5966189909710142,0.0014563964140713592,0.7643539865857694,0.7634483224438285,0.0009056641419408207
/mmfs1/gscratch/scrubbed/jsomeara/lynx/borzoi-repro/OUTPUTS/basic-model-trainseed42-trackseed42-tracks30pct,human,999,0.5466647054994656,0.5429650898167603,0.0036996156827052706,0.7727176348254099,0.7740603935524222,-0.0013427587270122832
/mmfs1/gscratch/scrubbed/jsomeara/lynx/borzoi-repro/OUTPUTS/basic-model-trainseed42-trackseed42-tracks30pct,human,1005,0.5120887179880851,0.5125743923683813,-0.00048567438029623045,0.615297930707115,0.6155964839678238,-0.0002985532607088226
/mmfs1/gscratch/scrubbed/jsomeara/lynx/borzoi-repro/OUTPUTS/basic-model-trainseed42-trackseed42-tracks30pct,human,1008,0.6340771524073323,0.6391893152765944,-0.005112162869262082,0.4829135022641499,0.48046647331257586,0.0024470289515740595
/mmfs1/gscratch/scrubbed/jsomeara/lynx/borzoi-repro/OUTPUTS/basic-model-trainseed42-trackseed42-tracks30pct,human,1009,0.6862839630041856,0.6877749136447132,-0.0014909506405276218,0.6373246862158929,0.6358543354102916,0.001470350805601317
/mmfs1/gscratch/scrubbed/jsomeara/lynx/borzoi-repro/OUTPUTS/basic-model-trainseed42-trackseed42-tracks30pct,human,1010,0.6328673637769364,0.6319195404721005,0.0009478233048358931,0.7902315668991733,0.7900450904901967,0.00018647640897662132
/mmfs1/gscratch/scrubbed/jsomeara/lynx/borzoi-repro/OUTPUTS/basic-model-trainseed42-trackseed42-tracks30pct,human,1015,0.5836785224851366,0.5847007941304428,-0.0010222716453062164,0.7909883816522739,0.7911094136791309,-0.000121032026856982
/mmfs1/gscratch/scrubbed/jsomeara/lynx/borzoi-repro/OUTPUTS/basic-model-trainseed42-trackseed42-tracks30pct,human,1019,0.6807309047958927,0.6761878279369482,0.004543076858944506,0.7133441210689735,0.7126122452253196,0.0007318758436538619
/mmfs1/gscratch/scrubbed/jsomeara/lynx/borzoi-repro/OUTPUTS/basic-model-trainseed42-trackseed42-tracks30pct,human,1024,0.4320127565738867,0.43198938036570406,2.3376208182657177e-05,0.861721259573381,0.8616780818594575,4.317771392348124e-05
/mmfs1/gscratch/scrubbed/jsomeara/lynx/borzoi-repro/OUTPUTS/basic-model-trainseed42-trackseed42-tracks30pct,human,1027,0.6362696029602626,0.6385276204242997,-0.0022580174640370876,0.727454127785396,0.7264460056740283,0.001008122111367693
/mmfs1/gscratch/scrubbed/jsomeara/lynx/borzoi-repro/OUTPUTS/basic-model-trainseed42-trackseed42-tracks30pct,human,1030,0.6044272221152094,0.6064426166592138,-0.0020153945440044563,0.7296865783298951,0.7294062429076038,0.00028033542229133346
/mmfs1/gscratch/scrubbed/jsomeara/lynx/borzoi-repro/OUTPUTS/basic-model-trainseed42-trackseed42-tracks30pct,human,1034,0.6344467863111354,0.6392264950031105,-0.004779708691975082,0.6513678802130312,0.6486844320309993,0.0026834481820318112
/mmfs1/gscratch/scrubbed/jsomeara/lynx/borzoi-repro/OUTPUTS/basic-model-trainseed42-trackseed42-tracks30pct,human,1038,0.6963742317017062,0.6976726205443927,-0.0012983888426865153,0.6254527877524915,0.6251838499229889,0.00026893782950254685
/mmfs1/gscratch/scrubbed/jsomeara/lynx/borzoi-repro/OUTPUTS/basic-model-trainseed42-trackseed42-tracks30pct,human,1046,0.5801845859679026,0.5705795926887932,0.009604993279109353,0.7247899095361142,0.7277490706311001,-0.0029591610949858405
/mmfs1/gscratch/scrubbed/jsomeara/lynx/borzoi-repro/OUTPUTS/basic-model-trainseed42-trackseed42-tracks30pct,human,1051,0.6064218578520236,0.604806755462691,0.001615102389332601,0.7358298855728436,0.736652026006716,-0.0008221404338724092
/mmfs1/gscratch/scrubbed/jsomeara/lynx/borzoi-repro/OUTPUTS/basic-model-trainseed42-trackseed42-tracks30pct,human,1052,0.5780704882866272,0.5803154131271252,-0.002244924840497986,0.7938946608699761,0.792067804830067,0.0018268560399090639
/mmfs1/gscratch/scrubbed/jsomeara/lynx/borzoi-repro/OUTPUTS/basic-model-trainseed42-trackseed42-tracks30pct,human,1058,0.29137136536255376,0.2911468044387699,0.0002245609237838675,0.8860412526783221,0.885873955867422,0.00016729681090010828
/mmfs1/gscratch/scrubbed/jsomeara/lynx/borzoi-repro/OUTPUTS/basic-model-trainseed42-trackseed42-tracks30pct,human,1060,0.6120562130876579,0.6144714477323783,-0.0024152346447203765,0.704095530468199,0.7024757706955725,0.0016197597726264057
/mmfs1/gscratch/scrubbed/jsomeara/lynx/borzoi-repro/OUTPUTS/basic-model-trainseed42-trackseed42-tracks30pct,human,1062,0.4906461173531375,0.46932263582004535,0.02132348153309216,0.763288447265363,0.7720329617066243,-0.00874451444126123
/mmfs1/gscratch/scrubbed/jsomeara/lynx/borzoi-repro/OUTPUTS/basic-model-trainseed42-trackseed42-tracks30pct,human,1064,0.5441558454191793,0.5440358551398236,0.00011999027935571949,0.8062995016948598,0.8065174129368433,-0.00021791124198355938
/mmfs1/gscratch/scrubbed/jsomeara/lynx/borzoi-repro/OUTPUTS/basic-model-trainseed42-trackseed42-tracks30pct,human,1067,0.8534653339405307,0.8524787882708083,0.0009865456697224495,0.3117988166210975,0.31293753264198165,-0.0011387160208841673
/mmfs1/gscratch/scrubbed/jsomeara/lynx/borzoi-repro/OUTPUTS/basic-model-trainseed42-trackseed42-tracks30pct,human,1069,0.7408666654418706,0.73811294541856,0.0027537200233106462,0.5685126955380361,0.5688096487997906,-0.00029695326175449566
/mmfs1/gscratch/scrubbed/jsomeara/lynx/borzoi-repro/OUTPUTS/basic-model-trainseed42-trackseed42-tracks30pct,human,1077,0.7815573622038103,0.7822790044474437,-0.000721642243633358,0.09858818811088242,0.0953937009437124,0.0031944871671700237
/mmfs1/gscratch/scrubbed/jsomeara/lynx/borzoi-repro/OUTPUTS/basic-model-trainseed42-trackseed42-tracks30pct,human,1078,0.8156413482533995,0.8155734991678681,6.784908553136848e-05,-0.12098491946058487,-0.12423212430862447,0.0032472048480396004
/mmfs1/gscratch/scrubbed/jsomeara/lynx/borzoi-repro/OUTPUTS/basic-model-trainseed42-trackseed42-tracks30pct,human,1083,0.7697340944518779,0.7685910818604162,0.0011430125914616562,0.547509150843906,0.5487627648846306,-0.0012536140407246599
/mmfs1/gscratch/scrubbed/jsomeara/lynx/borzoi-repro/OUTPUTS/basic-model-trainseed42-trackseed42-tracks30pct,human,1085,0.8175983909520291,0.817789781493489,-0.00019139054145989043,0.05150806604781304,0.051281748860278066,0.00022631718753497732
/mmfs1/gscratch/scrubbed/jsomeara/lynx/borzoi-repro/OUTPUTS/basic-model-trainseed42-trackseed42-tracks30pct,human,1089,0.40981119734639815,0.40992378816767955,-0.00011259082128139974,0.8031530545044484,0.8030875545884447,6.549991600368621e-05
/mmfs1/gscratch/scrubbed/jsomeara/lynx/borzoi-repro/OUTPUTS/basic-model-trainseed42-trackseed42-tracks30pct,human,1096,0.5789646582900133,0.578100396725162,0.0008642615648513097,0.5921519433153619,0.5909871941995788,0.0011647491157831258
/mmfs1/gscratch/scrubbed/jsomeara/lynx/borzoi-repro/OUTPUTS/basic-model-trainseed42-trackseed42-tracks30pct,human,1098,0.38795729185064826,0.3913452182336687,-0.0033879263830204343,0.7818084505794111,0.7802559542646776,0.0015524963147334203
/mmfs1/gscratch/scrubbed/jsomeara/lynx/borzoi-repro/OUTPUTS/basic-model-trainseed42-trackseed42-tracks30pct,human,1107,0.6392742844411632,0.6387656811302728,0.0005086033108904209,0.03125839696285747,0.031292589747877866,-3.419278502039824e-05
/mmfs1/gscratch/scrubbed/jsomeara/lynx/borzoi-repro/OUTPUTS/basic-model-trainseed42-trackseed42-tracks30pct,human,1112,0.843517700913774,0.8421442559805239,0.0013734449332500898,0.21841923222905565,0.2193095650512091,-0.0008903328221534501
/mmfs1/gscratch/scrubbed/jsomeara/lynx/borzoi-repro/OUTPUTS/basic-model-trainseed42-trackseed42-tracks30pct,human,1118,0.8500525002236827,0.849865331675321,0.00018716854836176022,-0.719823540129536,-0.720427791676299,0.0006042515467630238
/mmfs1/gscratch/scrubbed/jsomeara/lynx/borzoi-repro/OUTPUTS/basic-model-trainseed42-trackseed42-tracks30pct,human,1134,0.8370438455098187,0.838463998456066,-0.0014201529462473106,-0.4617901646992445,-0.46620939624606395,0.0044192315468194465
/mmfs1/gscratch/scrubbed/jsomeara/lynx/borzoi-repro/OUTPUTS/basic-model-trainseed42-trackseed42-tracks30pct,human,1138,0.8491116037877742,0.8470781999360981,0.002033403851676052,0.2169079370448161,0.2176726524839741,-0.0007647154391580147
/mmfs1/gscratch/scrubbed/jsomeara/lynx/borzoi-repro/OUTPUTS/basic-model-trainseed42-trackseed42-tracks30pct,human,1139,0.8260641369644932,0.8231483511834929,0.0029157857810002685,0.2901895436414015,0.29159135203961845,-0.0014018083982169638
/mmfs1/gscratch/scrubbed/jsomeara/lynx/borzoi-repro/OUTPUTS/basic-model-trainseed42-trackseed42-tracks30pct,human,1141,0.6881341671618304,0.6883470561210547,-0.00021288895922433326,0.4194841723837515,0.41818862194584194,0.0012955504379095761
/mmfs1/gscratch/scrubbed/jsomeara/lynx/borzoi-repro/OUTPUTS/basic-model-trainseed42-trackseed42-tracks30pct,human,1142,0.5466614796865008,0.5461432660372353,0.0005182136492655198,0.7067320246611285,0.7075925938673681,-0.0008605692062395587
/mmfs1/gscratch/scrubbed/jsomeara/lynx/borzoi-repro/OUTPUTS/basic-model-trainseed42-trackseed42-tracks30pct,human,1144,0.797877623742831,0.7988230815961809,-0.0009454578533498736,0.21162926967430495,0.21043048276254483,0.001198786911760119
/mmfs1/gscratch/scrubbed/jsomeara/lynx/borzoi-repro/OUTPUTS/basic-model-trainseed42-trackseed42-tracks30pct,human,1146,0.6409012087734559,0.6437877271862565,-0.0028865184128006316,0.49409519553113124,0.4897715808857218,0.004323614645409424
/mmfs1/gscratch/scrubbed/jsomeara/lynx/borzoi-repro/OUTPUTS/basic-model-trainseed42-trackseed42-tracks30pct,human,1148,0.6527851388134158,0.6539260926178485,-0.0011409538044326872,0.5403394546799573,0.5376319361302467,0.002707518549710519
/mmfs1/gscratch/scrubbed/jsomeara/lynx/borzoi-repro/OUTPUTS/basic-model-trainseed42-trackseed42-tracks30pct,human,1149,0.6585000814859572,0.6615986192542898,-0.0030985377683325765,0.4410815979257351,0.4360421760871982,0.005039421838536895
/mmfs1/gscratch/scrubbed/jsomeara/lynx/borzoi-repro/OUTPUTS/basic-model-trainseed42-trackseed42-tracks30pct,human,1150,0.6630644003903134,0.6544597720829481,0.008604628307365303,0.605922434212744,0.6103575286237367,-0.004435094410992657
/mmfs1/gscratch/scrubbed/jsomeara/lynx/borzoi-repro/OUTPUTS/basic-model-trainseed42-trackseed42-tracks30pct,human,1151,0.7203673445260322,0.7116559945552428,0.008711349970789484,0.26769836592778434,0.27375342990731666,-0.006055063979532316
/mmfs1/gscratch/scrubbed/jsomeara/lynx/borzoi-repro/OUTPUTS/basic-model-trainseed42-trackseed42-tracks30pct,human,1152,0.6787388761290751,0.6701811142254218,0.008557761903653316,0.44889990203038904,0.45291008363347984,-0.004010181603090801
/mmfs1/gscratch/scrubbed/jsomeara/lynx/borzoi-repro/OUTPUTS/basic-model-trainseed42-trackseed42-tracks30pct,human,1158,0.7103874266107275,0.7010499585248938,0.009337468085833689,0.25511241101301746,0.2592076685337413,-0.004095257520723816
/mmfs1/gscratch/scrubbed/jsomeara/lynx/borzoi-repro/OUTPUTS/basic-model-trainseed42-trackseed42-tracks30pct,human,1159,0.8323044777967652,0.8316560936366362,0.000648384160129023,0.30262482413800945,0.3033747056392415,-0.0007498815012320637
/mmfs1/gscratch/scrubbed/jsomeara/lynx/borzoi-repro/OUTPUTS/basic-model-trainseed42-trackseed42-tracks30pct,human,1160,0.884171803853822,0.8841661530032375,5.65085058445991e-06,-1.0096836296511917,-1.0092832920187023,-0.00040033763248947807
/mmfs1/gscratch/scrubbed/jsomeara/lynx/borzoi-repro/OUTPUTS/basic-model-trainseed42-trackseed42-tracks30pct,human,1162,0.8325469669945031,0.8318758363021636,0.0006711306923395943,0.275061308919319,0.27602285632887136,-0.0009615474095523435
/mmfs1/gscratch/scrubbed/jsomeara/lynx/borzoi-repro/OUTPUTS/basic-model-trainseed42-trackseed42-tracks30pct,human,1167,0.8819118377243318,0.883187394060433,-0.0012755563361012134,-1.592433849488536,-1.5960254561311986,0.0035916066426626703
/mmfs1/gscratch/scrubbed/jsomeara/lynx/borzoi-repro/OUTPUTS/basic-model-trainseed42-trackseed42-tracks30pct,human,1168,0.8526626370774257,0.8505720790099423,0.0020905580674834834,0.10985295624237329,0.11274504923024643,-0.0028920929878731433
/mmfs1/gscratch/scrubbed/jsomeara/lynx/borzoi-repro/OUTPUTS/basic-model-trainseed42-trackseed42-tracks30pct,human,1169,0.8907714095055339,0.8918584903055603,-0.0010870808000263965,-1.6395957672246757,-1.6443172878151224,0.004721520590446726
/mmfs1/gscratch/scrubbed/jsomeara/lynx/borzoi-repro/OUTPUTS/basic-model-trainseed42-trackseed42-tracks30pct,human,1176,0.8744688985101368,0.8741461980037217,0.0003227005064150301,-0.6818368354429043,-0.6828536638373821,0.001016828394477809
/mmfs1/gscratch/scrubbed/jsomeara/lynx/borzoi-repro/OUTPUTS/basic-model-trainseed42-trackseed42-tracks30pct,human,1178,0.5899042378072011,0.5911661990211955,-0.001261961213994356,0.6875620650109199,0.6863378977013668,0.0012241673095531036
/mmfs1/gscratch/scrubbed/jsomeara/lynx/borzoi-repro/OUTPUTS/basic-model-trainseed42-trackseed42-tracks30pct,human,1179,0.8278414504614385,0.8258467913359637,0.001994659125474807,-0.34670683677629927,-0.3473598737992778,0.0006530370229785309
/mmfs1/gscratch/scrubbed/jsomeara/lynx/borzoi-repro/OUTPUTS/basic-model-trainseed42-trackseed42-tracks30pct,human,1181,0.48756763538799397,0.48923075505980423,-0.0016631196718102648,0.7244018956842498,0.7229458508034312,0.00145604488081863
/mmfs1/gscratch/scrubbed/jsomeara/lynx/borzoi-repro/OUTPUTS/basic-model-trainseed42-trackseed42-tracks30pct,human,1182,0.8366164081538171,0.8365053386283628,0.00011106952545425486,-0.7884252376746579,-0.7934119352121034,0.004986697537445517
/mmfs1/gscratch/scrubbed/jsomeara/lynx/borzoi-repro/OUTPUTS/basic-model-trainseed42-trackseed42-tracks30pct,human,1188,0.7298343210676823,0.7284710748229384,0.001363246244743932,0.4923227693376419,0.4930772237964833,-0.0007544544588413693
/mmfs1/gscratch/scrubbed/jsomeara/lynx/borzoi-repro/OUTPUTS/basic-model-trainseed42-trackseed42-tracks30pct,human,1192,0.8736390778311489,0.8744163849652281,-0.000777307134079197,-1.1476802879421528,-1.149004839961209,0.0013245520190561244
/mmfs1/gscratch/scrubbed/jsomeara/lynx/borzoi-repro/OUTPUTS/basic-model-trainseed42-trackseed42-tracks30pct,human,1194,0.8805542037937836,0.8817148836837615,-0.0011606798899779225,-1.5143774840419086,-1.5181029160879824,0.0037254320460737844
/mmfs1/gscratch/scrubbed/jsomeara/lynx/borzoi-repro/OUTPUTS/basic-model-trainseed42-trackseed42-tracks30pct,human,1198,0.675718669697379,0.6739773527566995,0.0017413169406795825,0.49429248942806736,0.49436893812573374,-7.644869766637585e-05
/mmfs1/gscratch/scrubbed/jsomeara/lynx/borzoi-repro/OUTPUTS/basic-model-trainseed42-trackseed42-tracks30pct,human,1200,0.8191717419779522,0.8188510415063895,0.0003207004715626294,0.13043199623618754,0.13116668154789066,-0.0007346853117031205
/mmfs1/gscratch/scrubbed/jsomeara/lynx/borzoi-repro/OUTPUTS/basic-model-trainseed42-trackseed42-tracks30pct,human,1207,0.875793184405109,0.8764661055627605,-0.000672921157651496,-1.1846479500733444,-1.1857892470557558,0.0011412969824113883
/mmfs1/gscratch/scrubbed/jsomeara/lynx/borzoi-repro/OUTPUTS/basic-model-trainseed42-trackseed42-tracks30pct,human,1213,0.8310711985615771,0.8316635926215876,-0.0005923940600105482,0.31570408523417337,0.3151226362088711,0.0005814490253022719
/mmfs1/gscratch/scrubbed/jsomeara/lynx/borzoi-repro/OUTPUTS/basic-model-trainseed42-trackseed42-tracks30pct,human,1214,0.8497550763827361,0.8479693274236859,0.0017857489590501485,-0.9224411640304566,-0.9223283616167537,-0.0001128024137029282
/mmfs1/gscratch/scrubbed/jsomeara/lynx/borzoi-repro/OUTPUTS/basic-model-trainseed42-trackseed42-tracks30pct,human,1218,0.8199386299073276,0.8205142841920161,-0.0005756542846885315,-0.8997402185279079,-0.9004795087678168,0.0007392902399089296
/mmfs1/gscratch/scrubbed/jsomeara/lynx/borzoi-repro/OUTPUTS/basic-model-trainseed42-trackseed42-tracks30pct,human,1219,0.8327501848781661,0.8317306641170683,0.0010195207610977919,0.353005016011956,0.354148878954955,-0.0011438629429990077
/mmfs1/gscratch/scrubbed/jsomeara/lynx/borzoi-repro/OUTPUTS/basic-model-trainseed42-trackseed42-tracks30pct,human,1220,0.8731077786451296,0.8724788320874493,0.0006289465576803099,-1.092318650082006,-1.0896671804770042,-0.002651469605001733
/mmfs1/gscratch/scrubbed/jsomeara/lynx/borzoi-repro/OUTPUTS/basic-model-trainseed42-trackseed42-tracks30pct,human,1222,0.6767654760046079,0.6798988272445963,-0.003133351239988369,0.37919294472980347,0.3754595979725501,0.0037333467572533974
/mmfs1/gscratch/scrubbed/jsomeara/lynx/borzoi-repro/OUTPUTS/basic-model-trainseed42-trackseed42-tracks30pct,human,1223,0.8030668344728225,0.8024777464857697,0.0005890879870527055,0.3429461935782198,0.34445737740756116,-0.0015111838293413449
/mmfs1/gscratch/scrubbed/jsomeara/lynx/borzoi-repro/OUTPUTS/basic-model-trainseed42-trackseed42-tracks30pct,human,1225,0.8587497670047118,0.8591633442060063,-0.0004135772012944239,-1.1391807055341248,-1.1421260140733418,0.0029453085392170397
/mmfs1/gscratch/scrubbed/jsomeara/lynx/borzoi-repro/OUTPUTS/basic-model-trainseed42-trackseed42-tracks30pct,human,1228,0.6801716918830059,0.6824260211342222,-0.0022543292512163804,0.450978107436123,0.44880428566975494,0.002173821766368045
/mmfs1/gscratch/scrubbed/jsomeara/lynx/borzoi-repro/OUTPUTS/basic-model-trainseed42-trackseed42-tracks30pct,human,1229,0.8725582764195107,0.8731833915546908,-0.0006251151351801543,-1.048300753623252,-1.0516011561578658,0.0033004025346137222
/mmfs1/gscratch/scrubbed/jsomeara/lynx/borzoi-repro/OUTPUTS/basic-model-trainseed42-trackseed42-tracks30pct,human,1230,0.5496647046376895,0.5484053914120189,0.001259313225670522,0.7135503719450879,0.715774074007024,-0.002223702061936117
/mmfs1/gscratch/scrubbed/jsomeara/lynx/borzoi-repro/OUTPUTS/basic-model-trainseed42-trackseed42-tracks30pct,human,1232,0.660146420529197,0.6640557555286857,-0.003909334999488645,0.47703088590175485,0.4712922002482958,0.00573868565345903
/mmfs1/gscratch/scrubbed/jsomeara/lynx/borzoi-repro/OUTPUTS/basic-model-trainseed42-trackseed42-tracks30pct,human,1234,0.8762678165464433,0.877983880613834,-0.0017160640673907768,-1.25278993849712,-1.2563187816098456,0.0035288431127256104
/mmfs1/gscratch/scrubbed/jsomeara/lynx/borzoi-repro/OUTPUTS/basic-model-trainseed42-trackseed42-tracks30pct,human,1238,0.8639749089526381,0.8642294839913607,-0.00025457503872261533,-1.1318394133753673,-1.1328147405105424,0.0009753271351751192
/mmfs1/gscratch/scrubbed/jsomeara/lynx/borzoi-repro/OUTPUTS/basic-model-trainseed42-trackseed42-tracks30pct,human,1243,0.5923637014087515,0.5928449276302361,-0.0004812262214846097,0.7992044672212317,0.7990048082725187,0.0001996589487129885
/mmfs1/gscratch/scrubbed/jsomeara/lynx/borzoi-repro/OUTPUTS/basic-model-trainseed42-trackseed42-tracks30pct,human,1245,0.6908221743111753,0.6741989258442728,0.01662324846690255,0.638404826466537,0.6445160600756424,-0.006111233609105482
/mmfs1/gscratch/scrubbed/jsomeara/lynx/borzoi-repro/OUTPUTS/basic-model-trainseed42-trackseed42-tracks30pct,human,1247,0.4712070045565637,0.47122444063400676,-1.743607744303377e-05,0.8290127604899007,0.8288663869467504,0.00014637354315027995
/mmfs1/gscratch/scrubbed/jsomeara/lynx/borzoi-repro/OUTPUTS/basic-model-trainseed42-trackseed42-tracks30pct,human,1250,0.4063502561553309,0.40614660020404947,0.00020365595128141178,0.8251727496952705,0.8252205058473451,-4.7756152074529545e-05
/mmfs1/gscratch/scrubbed/jsomeara/lynx/borzoi-repro/OUTPUTS/basic-model-trainseed42-trackseed42-tracks30pct,human,1251,0.5217268656882303,0.5217077548957114,1.911079251892822e-05,0.7935703331509831,0.7939031877656095,-0.00033285461462639887
/mmfs1/gscratch/scrubbed/jsomeara/lynx/borzoi-repro/OUTPUTS/basic-model-trainseed42-trackseed42-tracks30pct,human,1252,0.45182408083413134,0.4517258919741282,9.818886000312332e-05,0.8273509768728997,0.827619099108317,-0.00026812223541727853
/mmfs1/gscratch/scrubbed/jsomeara/lynx/borzoi-repro/OUTPUTS/basic-model-trainseed42-trackseed42-tracks30pct,human,1254,0.5856407845007066,0.5865608328473266,-0.0009200483466200726,0.7636921057843247,0.7638118919736315,-0.00011978618930685858
/mmfs1/gscratch/scrubbed/jsomeara/lynx/borzoi-repro/OUTPUTS/basic-model-trainseed42-trackseed42-tracks30pct,human,1261,0.540002110798323,0.5398612795063407,0.00014083129198239064,0.7866246987000838,0.7869009403003485,-0.0002762416002647372
/mmfs1/gscratch/scrubbed/jsomeara/lynx/borzoi-repro/OUTPUTS/basic-model-trainseed42-trackseed42-tracks30pct,human,1263,0.58887734994767,0.5890151363016526,-0.00013778635398253858,0.5362767525182963,0.5358901909831552,0.0003865615351411611
/mmfs1/gscratch/scrubbed/jsomeara/lynx/borzoi-repro/OUTPUTS/basic-model-trainseed42-trackseed42-tracks30pct,human,1270,0.48283367686656986,0.482174674440428,0.0006590024261418637,0.7864797382648523,0.7866227399728029,-0.000143001707950563
/mmfs1/gscratch/scrubbed/jsomeara/lynx/borzoi-repro/OUTPUTS/basic-model-trainseed42-trackseed42-tracks30pct,human,1272,0.4789762673469761,0.47888853901984485,8.772832713127565e-05,0.814328201342379,0.814405116534983,-7.691519260399904e-05
/mmfs1/gscratch/scrubbed/jsomeara/lynx/borzoi-repro/OUTPUTS/basic-model-trainseed42-trackseed42-tracks30pct,human,1273,0.46866972395906376,0.4688384245293507,-0.0001687005702869504,0.8053960273904142,0.8055041707069741,-0.00010814331655994991
/mmfs1/gscratch/scrubbed/jsomeara/lynx/borzoi-repro/OUTPUTS/basic-model-trainseed42-trackseed42-tracks30pct,human,1276,0.5205965016178182,0.5195118746971993,0.0010846269206189474,0.7870807453811369,0.7875664453507656,-0.00048569996962866124
/mmfs1/gscratch/scrubbed/jsomeara/lynx/borzoi-repro/OUTPUTS/basic-model-trainseed42-trackseed42-tracks30pct,human,1278,0.6909672212213032,0.6912309843986635,-0.00026376317736032107,0.6803190132314844,0.6795395852853834,0.0007794279461009745
/mmfs1/gscratch/scrubbed/jsomeara/lynx/borzoi-repro/OUTPUTS/basic-model-trainseed42-trackseed42-tracks30pct,human,1279,0.46196365914161946,0.4619139876342996,4.967150731988168e-05,0.8417495517596418,0.8412707846458056,0.0004787671138362093
/mmfs1/gscratch/scrubbed/jsomeara/lynx/borzoi-repro/OUTPUTS/basic-model-trainseed42-trackseed42-tracks30pct,human,1280,0.4739779440086369,0.4741567493508137,-0.000178805342176791,0.8270681316184895,0.8270803494571074,-1.2217838617933907e-05
/mmfs1/gscratch/scrubbed/jsomeara/lynx/borzoi-repro/OUTPUTS/basic-model-trainseed42-trackseed42-tracks30pct,human,1281,0.36440036212854626,0.36469783674583506,-0.00029747461728879543,0.8550882180242249,0.8549160744839828,0.00017214354024208678
/mmfs1/gscratch/scrubbed/jsomeara/lynx/borzoi-repro/OUTPUTS/basic-model-trainseed42-trackseed42-tracks30pct,human,1289,0.6382011826663871,0.6392469662677147,-0.0010457836013275656,0.7277227401335373,0.727775216475306,-5.2476341768636914e-05
/mmfs1/gscratch/scrubbed/jsomeara/lynx/borzoi-repro/OUTPUTS/basic-model-trainseed42-trackseed42-tracks30pct,human,1292,0.7762422969242752,0.7728584870647022,0.0033838098595729837,0.4768556354415177,0.47822199601575577,-0.001366360574238057
/mmfs1/gscratch/scrubbed/jsomeara/lynx/borzoi-repro/OUTPUTS/basic-model-trainseed42-trackseed42-tracks30pct,human,1293,0.42088585087372427,0.4212331170692575,-0.0003472661955332135,0.8516225422175417,0.8514765571541272,0.00014598506341456652
/mmfs1/gscratch/scrubbed/jsomeara/lynx/borzoi-repro/OUTPUTS/basic-model-trainseed42-trackseed42-tracks30pct,human,1295,0.4826593453422134,0.4828483503876741,-0.00018900504546071062,0.7341336195102204,0.7342034640402766,-6.984453005620672e-05
/mmfs1/gscratch/scrubbed/jsomeara/lynx/borzoi-repro/OUTPUTS/basic-model-trainseed42-trackseed42-tracks30pct,human,1298,0.580978622567518,0.5815569250523251,-0.0005783024848071694,0.7930621274504528,0.7926993467295733,0.0003627807208794742
/mmfs1/gscratch/scrubbed/jsomeara/lynx/borzoi-repro/OUTPUTS/basic-model-trainseed42-trackseed42-tracks30pct,human,1302,0.5744113393420779,0.5676223559355094,0.006788983406568527,0.764228119762343,0.7650264647833549,-0.000798345021011948
/mmfs1/gscratch/scrubbed/jsomeara/lynx/borzoi-repro/OUTPUTS/basic-model-trainseed42-trackseed42-tracks30pct,human,1306,0.5745076709749116,0.5782240498493777,-0.0037163788744660753,0.6468426236678916,0.6443652819126858,0.002477341755205753
/mmfs1/gscratch/scrubbed/jsomeara/lynx/borzoi-repro/OUTPUTS/basic-model-trainseed42-trackseed42-tracks30pct,human,1307,0.5012933901925738,0.5011691490282587,0.00012424116431508647,0.8172472179311393,0.817062993687994,0.0001842242431453478
/mmfs1/gscratch/scrubbed/jsomeara/lynx/borzoi-repro/OUTPUTS/basic-model-trainseed42-trackseed42-tracks30pct,human,1314,0.7348585345575075,0.7333274238391017,0.001531110718405837,0.6256856906553072,0.6258965964226569,-0.00021090576734972277
/mmfs1/gscratch/scrubbed/jsomeara/lynx/borzoi-repro/OUTPUTS/basic-model-trainseed42-trackseed42-tracks30pct,human,1316,0.6168459772274599,0.547794287184018,0.06905169004344192,0.6786370132601501,0.7053439133524168,-0.026706900092266617
/mmfs1/gscratch/scrubbed/jsomeara/lynx/borzoi-repro/OUTPUTS/basic-model-trainseed42-trackseed42-tracks30pct,human,1324,0.6971741303502146,0.6759954618639148,0.02117866848629979,0.39506946775071294,0.40968638507572497,-0.014616917325012024
/mmfs1/gscratch/scrubbed/jsomeara/lynx/borzoi-repro/OUTPUTS/basic-model-trainseed42-trackseed42-tracks30pct,human,1332,0.7116976301102222,0.7064244007665347,0.005273229343687569,0.34204143047588814,0.3461864314674744,-0.004145000991586267
/mmfs1/gscratch/scrubbed/jsomeara/lynx/borzoi-repro/OUTPUTS/basic-model-trainseed42-trackseed42-tracks30pct,human,1335,0.5697925939780168,0.5659491628833044,0.003843431094712413,0.7311547828512307,0.7329109203948958,-0.0017561375436651039
/mmfs1/gscratch/scrubbed/jsomeara/lynx/borzoi-repro/OUTPUTS/basic-model-trainseed42-trackseed42-tracks30pct,human,1339,0.4085365845585883,0.4080170393543823,0.0005195452042059956,0.8682337366714545,0.8686840287388311,-0.0004502920673765676
/mmfs1/gscratch/scrubbed/jsomeara/lynx/borzoi-repro/OUTPUTS/basic-model-trainseed42-trackseed42-tracks30pct,human,1345,0.45955463140430447,0.45639615054044397,0.003158480863860502,0.8652827819236848,0.866055493251414,-0.0007727113277291586
/mmfs1/gscratch/scrubbed/jsomeara/lynx/borzoi-repro/OUTPUTS/basic-model-trainseed42-trackseed42-tracks30pct,human,1346,0.45805603067930917,0.45205084664234924,0.006005184036959932,0.8723752866011413,0.8737238662222531,-0.0013485796211117895
/mmfs1/gscratch/scrubbed/jsomeara/lynx/borzoi-repro/OUTPUTS/basic-model-trainseed42-trackseed42-tracks30pct,human,1347,0.8245577270536836,0.8224635587389946,0.0020941683146890044,0.4319047793080089,0.4336358361761601,-0.0017310568681511707
/mmfs1/gscratch/scrubbed/jsomeara/lynx/borzoi-repro/OUTPUTS/basic-model-trainseed42-trackseed42-tracks30pct,human,1350,0.6258917334996582,0.6115328628358944,0.014358870663763845,0.7031588854411502,0.7059651339825773,-0.002806248541427081
/mmfs1/gscratch/scrubbed/jsomeara/lynx/borzoi-repro/OUTPUTS/basic-model-trainseed42-trackseed42-tracks30pct,human,1352,0.5046049281375844,0.5045918684200537,1.3059717530738979e-05,0.8156435436161625,0.8156059324930924,3.7611123070102614e-05
/mmfs1/gscratch/scrubbed/jsomeara/lynx/borzoi-repro/OUTPUTS/basic-model-trainseed42-trackseed42-tracks30pct,human,1358,0.6202153745963623,0.6202201599093595,-4.7853129971908714e-06,0.6935103969272847,0.6936235299945152,-0.00011313306723048644
/mmfs1/gscratch/scrubbed/jsomeara/lynx/borzoi-repro/OUTPUTS/basic-model-trainseed42-trackseed42-tracks30pct,human,1360,0.5093907941084361,0.5097659612532378,-0.00037516714480168023,0.829378971259477,0.8293544026324183,2.4568627058685344e-05
/mmfs1/gscratch/scrubbed/jsomeara/lynx/borzoi-repro/OUTPUTS/basic-model-trainseed42-trackseed42-tracks30pct,human,1365,0.4359434214519618,0.43348074704670964,0.002462674405252163,0.8334934168516215,0.8354014852802513,-0.0019080684286297833
/mmfs1/gscratch/scrubbed/jsomeara/lynx/borzoi-repro/OUTPUTS/basic-model-trainseed42-trackseed42-tracks30pct,human,1366,0.4232193248020255,0.4203675027383812,0.002851822063644316,0.8385312277967877,0.8403355642781815,-0.0018043364813937757
/mmfs1/gscratch/scrubbed/jsomeara/lynx/borzoi-repro/OUTPUTS/basic-model-trainseed42-trackseed42-tracks30pct,human,1369,0.5603079127469562,0.5583666022327203,0.001941310514235961,0.8155727208544955,0.8160189357686849,-0.0004462149141893912
/mmfs1/gscratch/scrubbed/jsomeara/lynx/borzoi-repro/OUTPUTS/basic-model-trainseed42-trackseed42-tracks30pct,human,1371,0.8167635914616517,0.8160197631529361,0.000743828308715555,0.5210287415870841,0.5212639703915356,-0.00023522880445148164
/mmfs1/gscratch/scrubbed/jsomeara/lynx/borzoi-repro/OUTPUTS/basic-model-trainseed42-trackseed42-tracks30pct,human,1373,0.5389957325840767,0.5389675527022306,2.8179881846113197e-05,0.8190897412763585,0.8191853299811096,-9.558870475112613e-05
/mmfs1/gscratch/scrubbed/jsomeara/lynx/borzoi-repro/OUTPUTS/basic-model-trainseed42-trackseed42-tracks30pct,human,1379,0.6691374977903398,0.6674603962555502,0.0016771015347896157,0.24799402445498356,0.2460327689816737,0.0019612554733098586
/mmfs1/gscratch/scrubbed/jsomeara/lynx/borzoi-repro/OUTPUTS/basic-model-trainseed42-trackseed42-tracks30pct,human,1382,0.5369381533757619,0.539598752746953,-0.002660599371191119,0.7637456723488705,0.7622917882171274,0.0014538841317430773
/mmfs1/gscratch/scrubbed/jsomeara/lynx/borzoi-repro/OUTPUTS/basic-model-trainseed42-trackseed42-tracks30pct,human,1385,0.4365543460020289,0.4389534727131174,-0.002399126711088495,0.8791343196553337,0.8784955465806238,0.0006387730747099418
/mmfs1/gscratch/scrubbed/jsomeara/lynx/borzoi-repro/OUTPUTS/basic-model-trainseed42-trackseed42-tracks30pct,human,1397,0.5048480635814607,0.504346197705669,0.0005018658757917072,0.8009238076841162,0.800690384771386,0.00023342291273020788
/mmfs1/gscratch/scrubbed/jsomeara/lynx/borzoi-repro/OUTPUTS/basic-model-trainseed42-trackseed42-tracks30pct,human,1398,0.4534264816266504,0.45318492710981867,0.00024155451683172124,0.7960719305805516,0.794661341211246,0.0014105893693056037
/mmfs1/gscratch/scrubbed/jsomeara/lynx/borzoi-repro/OUTPUTS/basic-model-trainseed42-trackseed42-tracks30pct,human,1399,0.5557869177461806,0.5606645417037054,-0.004877623957524779,0.6685515884431942,0.6625924593394956,0.005959129103698557
/mmfs1/gscratch/scrubbed/jsomeara/lynx/borzoi-repro/OUTPUTS/basic-model-trainseed42-trackseed42-tracks30pct,human,1400,0.6833446289547115,0.6834619047954567,-0.00011727584074516795,0.5259520730594297,0.5251669101092529,0.000785162950176832
/mmfs1/gscratch/scrubbed/jsomeara/lynx/borzoi-repro/OUTPUTS/basic-model-trainseed42-trackseed42-tracks30pct,human,1405,0.5277569325772612,0.5270084131562718,0.000748519420989413,0.6887277588697804,0.6878364718394545,0.0008912870303259268
/mmfs1/gscratch/scrubbed/jsomeara/lynx/borzoi-repro/OUTPUTS/basic-model-trainseed42-trackseed42-tracks30pct,human,1407,0.6011138485563117,0.6029110550383067,-0.0017972064819949951,0.6644821181955166,0.664322515343064,0.00015960285245264494
/mmfs1/gscratch/scrubbed/jsomeara/lynx/borzoi-repro/OUTPUTS/basic-model-trainseed42-trackseed42-tracks30pct,human,1410,0.46105130418647344,0.4388253422669041,0.022225961919569326,0.7893377459274313,0.7993535904167788,-0.010015844489347447
/mmfs1/gscratch/scrubbed/jsomeara/lynx/borzoi-repro/OUTPUTS/basic-model-trainseed42-trackseed42-tracks30pct,human,1414,0.7038432154044666,0.7075122011684613,-0.003668985763994659,0.11673215432155037,0.10981610789705401,0.006916046424496364
/mmfs1/gscratch/scrubbed/jsomeara/lynx/borzoi-repro/OUTPUTS/basic-model-trainseed42-trackseed42-tracks30pct,human,1417,0.4597100281418067,0.4573216178143051,0.0023884103275016444,0.8417110908884493,0.8443103310616864,-0.002599240173237094
/mmfs1/gscratch/scrubbed/jsomeara/lynx/borzoi-repro/OUTPUTS/basic-model-trainseed42-trackseed42-tracks30pct,human,1424,0.36476401585351537,0.3644702486197776,0.0002937672337377517,0.8297645363490797,0.8295641403009772,0.00020039604810240252
/mmfs1/gscratch/scrubbed/jsomeara/lynx/borzoi-repro/OUTPUTS/basic-model-trainseed42-trackseed42-tracks30pct,human,1428,0.5897228064710865,0.589977829772213,-0.000255023301126478,0.6176490459477645,0.6173395996512139,0.0003094462965506084
/mmfs1/gscratch/scrubbed/jsomeara/lynx/borzoi-repro/OUTPUTS/basic-model-trainseed42-trackseed42-tracks30pct,human,1429,0.5843944049876921,0.5842297017087774,0.00016470327891471293,0.6254295482444937,0.6250499140146196,0.0003796342298740818
/mmfs1/gscratch/scrubbed/jsomeara/lynx/borzoi-repro/OUTPUTS/basic-model-trainseed42-trackseed42-tracks30pct,human,1435,0.4947375182226471,0.4957702117687968,-0.00103269354614971,0.7299882147300232,0.7265190283192587,0.0034691864107644355
/mmfs1/gscratch/scrubbed/jsomeara/lynx/borzoi-repro/OUTPUTS/basic-model-trainseed42-trackseed42-tracks30pct,human,1436,0.4955561272826271,0.49524511741379185,0.0003110098688352547,0.6671559040018042,0.6682864632987868,-0.0011305592969825806
/mmfs1/gscratch/scrubbed/jsomeara/lynx/borzoi-repro/OUTPUTS/basic-model-trainseed42-trackseed42-tracks30pct,human,1439,0.6112397382567517,0.6122321906904449,-0.0009924524336931695,0.687004646336347,0.686482106157725,0.0005225401786219663
/mmfs1/gscratch/scrubbed/jsomeara/lynx/borzoi-repro/OUTPUTS/basic-model-trainseed42-trackseed42-tracks30pct,human,1442,0.5123434598496119,0.5149025385191567,-0.0025590786695447454,0.7472690215538526,0.747248895659626,2.0125894226508123e-05
/mmfs1/gscratch/scrubbed/jsomeara/lynx/borzoi-repro/OUTPUTS/basic-model-trainseed42-trackseed42-tracks30pct,human,1446,0.49190606040062823,0.4956698035697487,-0.0037637431691204815,0.7525082280440657,0.7505987959647247,0.0019094320793410224
/mmfs1/gscratch/scrubbed/jsomeara/lynx/borzoi-repro/OUTPUTS/basic-model-trainseed42-trackseed42-tracks30pct,human,1450,0.6880980535137,0.6872613682800497,0.000836685233650325,0.5062447227876639,0.5065286979850704,-0.00028397519740652744
/mmfs1/gscratch/scrubbed/jsomeara/lynx/borzoi-repro/OUTPUTS/basic-model-trainseed42-trackseed42-tracks30pct,human,1453,0.7531769222218988,0.7501614274191517,0.0030154948027470985,0.6338893667399916,0.6341873695566738,-0.00029800281668213024
/mmfs1/gscratch/scrubbed/jsomeara/lynx/borzoi-repro/OUTPUTS/basic-model-trainseed42-trackseed42-tracks30pct,human,1456,0.673684494258186,0.6719622350630869,0.0017222591950990518,0.3384169536270801,0.3395997131982324,-0.0011827595711523253
/mmfs1/gscratch/scrubbed/jsomeara/lynx/borzoi-repro/OUTPUTS/basic-model-trainseed42-trackseed42-tracks30pct,human,1463,0.8212932788745629,0.8218128199330714,-0.0005195410585084881,-0.663109817581478,-0.6652748681250714,0.002165050543593394
/mmfs1/gscratch/scrubbed/jsomeara/lynx/borzoi-repro/OUTPUTS/basic-model-trainseed42-trackseed42-tracks30pct,human,1464,0.3703021357853989,0.37338342481283876,-0.0030812890274398708,0.7942017855732623,0.7936213900439837,0.0005803955292785767
/mmfs1/gscratch/scrubbed/jsomeara/lynx/borzoi-repro/OUTPUTS/basic-model-trainseed42-trackseed42-tracks30pct,human,1473,0.4791597479573564,0.4788385582610637,0.0003211896962926897,0.8146059882696456,0.8148331034623784,-0.00022711519273277414
/mmfs1/gscratch/scrubbed/jsomeara/lynx/borzoi-repro/OUTPUTS/basic-model-trainseed42-trackseed42-tracks30pct,human,1475,0.5352297469891646,0.5332133201876036,0.002016426801561,0.6571395479878892,0.660175893944113,-0.003036345956223818
/mmfs1/gscratch/scrubbed/jsomeara/lynx/borzoi-repro/OUTPUTS/basic-model-trainseed42-trackseed42-tracks30pct,human,1477,0.5692685050507527,0.569089899950608,0.00017860510014466868,0.8657098632283344,0.8675913535975333,-0.0018814903691988238
/mmfs1/gscratch/scrubbed/jsomeara/lynx/borzoi-repro/OUTPUTS/basic-model-trainseed42-trackseed42-tracks30pct,human,1478,0.4429137979559167,0.4392798646663347,0.003633933289582003,0.7902195818229653,0.7915648571477195,-0.0013452753247542582
/mmfs1/gscratch/scrubbed/jsomeara/lynx/borzoi-repro/OUTPUTS/basic-model-trainseed42-trackseed42-tracks30pct,human,1482,0.3995298143673812,0.398038665760799,0.0014911486065822266,0.9194086216083833,0.9214789517954861,-0.002070330187102787
/mmfs1/gscratch/scrubbed/jsomeara/lynx/borzoi-repro/OUTPUTS/basic-model-trainseed42-trackseed42-tracks30pct,human,1486,0.5360513928896288,0.535054720630192,0.0009966722594367816,0.7344571736295201,0.7363098463118699,-0.0018526726823497874
/mmfs1/gscratch/scrubbed/jsomeara/lynx/borzoi-repro/OUTPUTS/basic-model-trainseed42-trackseed42-tracks30pct,human,1491,0.45874204591584117,0.4609487391180254,-0.002206693202184251,0.7848009041661513,0.7841993334241001,0.0006015707420512495
/mmfs1/gscratch/scrubbed/jsomeara/lynx/borzoi-repro/OUTPUTS/basic-model-trainseed42-trackseed42-tracks30pct,human,1497,0.7951964265170401,0.7952015930395121,-5.166522471955481e-06,0.604946378654877,0.6045487530158262,0.0003976256390507693
/mmfs1/gscratch/scrubbed/jsomeara/lynx/borzoi-repro/OUTPUTS/basic-model-trainseed42-trackseed42-tracks30pct,human,1507,0.41530240625376474,0.414103861742975,0.0011985445107897674,0.8714340382662249,0.871336830597396,9.720766882892473e-05
/mmfs1/gscratch/scrubbed/jsomeara/lynx/borzoi-repro/OUTPUTS/basic-model-trainseed42-trackseed42-tracks30pct,human,1509,0.853725790929964,0.8535049326351496,0.00022085829481444108,-0.3787448851608861,-0.3805837708089365,0.0018388856480504034
/mmfs1/gscratch/scrubbed/jsomeara/lynx/borzoi-repro/OUTPUTS/basic-model-trainseed42-trackseed42-tracks30pct,human,1512,0.47081487536721706,0.4735780634502888,-0.0027631880830717437,0.8853842141657278,0.8858986104531963,-0.0005143962874685215
/mmfs1/gscratch/scrubbed/jsomeara/lynx/borzoi-repro/OUTPUTS/basic-model-trainseed42-trackseed42-tracks30pct,human,1520,0.6328565241472508,0.6346621816587869,-0.0018056575115360518,0.47523217374386406,0.47269453074020534,0.0025376430036587183
/mmfs1/gscratch/scrubbed/jsomeara/lynx/borzoi-repro/OUTPUTS/basic-model-trainseed42-trackseed42-tracks30pct,human,1525,0.48847079053805925,0.48729993827788987,0.001170852260169386,0.7786084720624561,0.7787457825471704,-0.00013731048471432583
/mmfs1/gscratch/scrubbed/jsomeara/lynx/borzoi-repro/OUTPUTS/basic-model-trainseed42-trackseed42-tracks30pct,human,1532,0.3340414767204923,0.3323939449148062,0.0016475318056860533,0.8387226406624506,0.8390569376674311,-0.0003342970049804439
/mmfs1/gscratch/scrubbed/jsomeara/lynx/borzoi-repro/OUTPUTS/basic-model-trainseed42-trackseed42-tracks30pct,human,1534,0.6699563652939887,0.6703909184627225,-0.0004345531687337534,0.30981472654814907,0.3092861131501548,0.0005286133979942598
/mmfs1/gscratch/scrubbed/jsomeara/lynx/borzoi-repro/OUTPUTS/basic-model-trainseed42-trackseed42-tracks30pct,human,1540,0.4350701976472436,0.4358254422396147,-0.0007552445923711404,0.884421496290856,0.8844933061902132,-7.180989935717808e-05
/mmfs1/gscratch/scrubbed/jsomeara/lynx/borzoi-repro/OUTPUTS/basic-model-trainseed42-trackseed42-tracks30pct,human,1547,0.7063298315994156,0.7047876455382096,0.0015421860612060412,0.6770884852982547,0.6771210333853643,-3.254808710961843e-05
/mmfs1/gscratch/scrubbed/jsomeara/lynx/borzoi-repro/OUTPUTS/basic-model-trainseed42-trackseed42-tracks30pct,human,1551,0.537131815062021,0.5396333035879959,-0.002501488525974871,0.7694259464558193,0.7686118407822268,0.0008141056735925245
/mmfs1/gscratch/scrubbed/jsomeara/lynx/borzoi-repro/OUTPUTS/basic-model-trainseed42-trackseed42-tracks30pct,human,1554,0.731657464780646,0.7341312531061583,-0.0024737883255123716,0.21966851149911676,0.21690270270935205,0.0027658087897647066
/mmfs1/gscratch/scrubbed/jsomeara/lynx/borzoi-repro/OUTPUTS/basic-model-trainseed42-trackseed42-tracks30pct,human,1556,0.5846189131038293,0.5837711901749515,0.0008477229288778032,0.7009803339732008,0.7012539694251855,-0.0002736354519846662
/mmfs1/gscratch/scrubbed/jsomeara/lynx/borzoi-repro/OUTPUTS/basic-model-trainseed42-trackseed42-tracks30pct,human,1559,0.4760735136279649,0.4874434002773557,-0.011369886649390815,0.7328916757020378,0.7263198963086928,0.0065717793933450785
/mmfs1/gscratch/scrubbed/jsomeara/lynx/borzoi-repro/OUTPUTS/basic-model-trainseed42-trackseed42-tracks30pct,human,1563,0.6151546261600446,0.6193323666162106,-0.004177740456166035,0.6545407335998003,0.6522747954251187,0.00226593817468157
/mmfs1/gscratch/scrubbed/jsomeara/lynx/borzoi-repro/OUTPUTS/basic-model-trainseed42-trackseed42-tracks30pct,human,1564,0.5406707330399728,0.5390081224792773,0.0016626105606954988,0.6283937944268541,0.629680487217269,-0.001286692790414934
/mmfs1/gscratch/scrubbed/jsomeara/lynx/borzoi-repro/OUTPUTS/basic-model-trainseed42-trackseed42-tracks30pct,human,1566,0.3725799293689342,0.3715962309290084,0.0009836984399257953,0.8251136402342614,0.8251610020962101,-4.736186194875813e-05
/mmfs1/gscratch/scrubbed/jsomeara/lynx/borzoi-repro/OUTPUTS/basic-model-trainseed42-trackseed42-tracks30pct,human,1570,0.7673352965120557,0.7743965770983451,-0.007061280586289409,0.3640527094404952,0.3570163191188789,0.007036390321616348
/mmfs1/gscratch/scrubbed/jsomeara/lynx/borzoi-repro/OUTPUTS/basic-model-trainseed42-trackseed42-tracks30pct,human,1574,0.3911821555049197,0.39050762035921144,0.0006745351457082549,0.8345727216390253,0.8347112652656627,-0.00013854362663745512
/mmfs1/gscratch/scrubbed/jsomeara/lynx/borzoi-repro/OUTPUTS/basic-model-trainseed42-trackseed42-tracks30pct,human,1576,0.6390537620405693,0.6410170200859472,-0.0019632580453778914,0.3731788203594997,0.37322230803741424,-4.3487677914566536e-05
/mmfs1/gscratch/scrubbed/jsomeara/lynx/borzoi-repro/OUTPUTS/basic-model-trainseed42-trackseed42-tracks30pct,human,1577,0.6050756319006619,0.6067973458058339,-0.001721713905171951,0.48084195796536083,0.4787777615075013,0.002064196457859546
/mmfs1/gscratch/scrubbed/jsomeara/lynx/borzoi-repro/OUTPUTS/basic-model-trainseed42-trackseed42-tracks30pct,human,1578,0.38389595200073307,0.4157015259207296,-0.031805573919996555,0.8767917284578872,0.8716653542578742,0.005126374200013051
/mmfs1/gscratch/scrubbed/jsomeara/lynx/borzoi-repro/OUTPUTS/basic-model-trainseed42-trackseed42-tracks30pct,human,1579,0.712852117882528,0.7119513363261717,0.0009007815563563115,0.3319301536512088,0.3320348905915124,-0.00010473694030360692
/mmfs1/gscratch/scrubbed/jsomeara/lynx/borzoi-repro/OUTPUTS/basic-model-trainseed42-trackseed42-tracks30pct,human,1582,0.8401625957918288,0.8421500784631542,-0.0019874826713253135,0.1845582241956894,0.18385384964166243,0.0007043745540269708
/mmfs1/gscratch/scrubbed/jsomeara/lynx/borzoi-repro/OUTPUTS/basic-model-trainseed42-trackseed42-tracks30pct,human,1584,0.6104875583017868,0.6102027526179751,0.00028480568381172855,0.49880790705973205,0.49895155353449605,-0.00014364647476400316
/mmfs1/gscratch/scrubbed/jsomeara/lynx/borzoi-repro/OUTPUTS/basic-model-trainseed42-trackseed42-tracks30pct,human,1590,0.6854297938650383,0.6850071548185015,0.0004226390465368324,0.7723456624859559,0.7733756524215898,-0.001029989935633857
/mmfs1/gscratch/scrubbed/jsomeara/lynx/borzoi-repro/OUTPUTS/basic-model-trainseed42-trackseed42-tracks30pct,human,1591,0.8574437237325171,0.8587338080667031,-0.0012900843341859813,-0.24418733023753322,-0.24694701129148158,0.0027596810539483596
/mmfs1/gscratch/scrubbed/jsomeara/lynx/borzoi-repro/OUTPUTS/basic-model-trainseed42-trackseed42-tracks30pct,human,1596,0.6536583699083561,0.3852204313754567,0.26843793853289943,0.7128765766716435,0.808136397845786,-0.09525982117414244
/mmfs1/gscratch/scrubbed/jsomeara/lynx/borzoi-repro/OUTPUTS/basic-model-trainseed42-trackseed42-tracks30pct,human,1597,0.39758161126136804,0.39814762043767626,-0.0005660091763082242,0.8617889056075512,0.8615164361746537,0.00027246943289749304
/mmfs1/gscratch/scrubbed/jsomeara/lynx/borzoi-repro/OUTPUTS/basic-model-trainseed42-trackseed42-tracks30pct,human,1604,0.6773129005489469,0.6786359436021947,-0.0013230430532478188,0.5955164618528817,0.59533747508053,0.0001789867723516192
/mmfs1/gscratch/scrubbed/jsomeara/lynx/borzoi-repro/OUTPUTS/basic-model-trainseed42-trackseed42-tracks30pct,human,1609,0.45914258441171757,0.45851711234013437,0.0006254720715831996,0.8676302773029139,0.8679499497755675,-0.0003196724726536315
/mmfs1/gscratch/scrubbed/jsomeara/lynx/borzoi-repro/OUTPUTS/basic-model-trainseed42-trackseed42-tracks30pct,human,1611,0.6833535056707302,0.6816748041810156,0.0016787014897146069,0.7255923875596448,0.7261923140410638,-0.0005999264814189331
/mmfs1/gscratch/scrubbed/jsomeara/lynx/borzoi-repro/OUTPUTS/basic-model-trainseed42-trackseed42-tracks30pct,human,1615,0.685340655452581,0.6844155839258607,0.0009250715267203891,0.8128923733077206,0.8125216893433381,0.00037068396438244555
/mmfs1/gscratch/scrubbed/jsomeara/lynx/borzoi-repro/OUTPUTS/basic-model-trainseed42-trackseed42-tracks30pct,human,1616,0.5917690792078216,0.5984555072114676,-0.006686428003645939,0.21203386983143524,0.21469923060720944,-0.0026653607757742004
/mmfs1/gscratch/scrubbed/jsomeara/lynx/borzoi-repro/OUTPUTS/basic-model-trainseed42-trackseed42-tracks30pct,human,1617,0.8354228762545073,0.8338028701929645,0.001620006061542778,-0.022971025242536424,-0.023088638443330166,0.0001176132007937418
/mmfs1/gscratch/scrubbed/jsomeara/lynx/borzoi-repro/OUTPUTS/basic-model-trainseed42-trackseed42-tracks30pct,human,1621,0.7738409279119155,0.7722541075828981,0.0015868203290173577,0.5881127214577817,0.5889620451920434,-0.0008493237342617199
/mmfs1/gscratch/scrubbed/jsomeara/lynx/borzoi-repro/OUTPUTS/basic-model-trainseed42-trackseed42-tracks30pct,human,1627,0.7890434281059938,0.7887835123260575,0.0002599157799363372,0.13143096807060972,0.12906931627906845,0.0023616517915412694
/mmfs1/gscratch/scrubbed/jsomeara/lynx/borzoi-repro/OUTPUTS/basic-model-trainseed42-trackseed42-tracks30pct,human,1631,0.3996473520861372,0.39995226934080197,-0.0003049172546647494,0.9088581284203697,0.9088074221858492,5.0706234520525584e-05
/mmfs1/gscratch/scrubbed/jsomeara/lynx/borzoi-repro/OUTPUTS/basic-model-trainseed42-trackseed42-tracks30pct,human,1632,0.6397468102650936,0.6402528365751039,-0.000506026310010288,0.47251746000173067,0.4724265730821939,9.088691953679229e-05
/mmfs1/gscratch/scrubbed/jsomeara/lynx/borzoi-repro/OUTPUTS/basic-model-trainseed42-trackseed42-tracks30pct,human,1633,0.6035886040058641,0.6019337148969158,0.0016548891089482876,0.686722484680388,0.6889746959797164,-0.0022522112993283994
/mmfs1/gscratch/scrubbed/jsomeara/lynx/borzoi-repro/OUTPUTS/basic-model-trainseed42-trackseed42-tracks30pct,human,1635,0.6264982397607777,0.6270011052916453,-0.0005028655308676466,0.6457640327001053,0.6451023780254153,0.0006616546746900376
/mmfs1/gscratch/scrubbed/jsomeara/lynx/borzoi-repro/OUTPUTS/basic-model-trainseed42-trackseed42-tracks30pct,human,1638,0.6563702365984183,0.6570752602594614,-0.0007050236610430805,0.48719763722201037,0.4879473831366328,-0.0007497459146224017
/mmfs1/gscratch/scrubbed/jsomeara/lynx/borzoi-repro/OUTPUTS/basic-model-trainseed42-trackseed42-tracks30pct,human,1641,0.5462091844787176,0.5477405768205905,-0.0015313923418729392,0.822337180519831,0.8218525969265795,0.00048458359325143086
/mmfs1/gscratch/scrubbed/jsomeara/lynx/borzoi-repro/OUTPUTS/basic-model-trainseed42-trackseed42-tracks30pct,human,1648,0.47487098839082814,0.4762537131161495,-0.0013827247253213604,0.797273290481285,0.7969105993012764,0.0003626911800086452
/mmfs1/gscratch/scrubbed/jsomeara/lynx/borzoi-repro/OUTPUTS/basic-model-trainseed42-trackseed42-tracks30pct,human,1651,0.778171319962407,0.7799996208752584,-0.001828300912851466,0.12014694893321098,0.11816868909881613,0.001978259834394855
/mmfs1/gscratch/scrubbed/jsomeara/lynx/borzoi-repro/OUTPUTS/basic-model-trainseed42-trackseed42-tracks30pct,human,1655,0.3511425946878065,0.3514294435309938,-0.00028684884318730397,0.8365224029609959,0.8364593658756022,6.303708539368014e-05
/mmfs1/gscratch/scrubbed/jsomeara/lynx/borzoi-repro/OUTPUTS/basic-model-trainseed42-trackseed42-tracks30pct,human,1658,0.46465132002088394,0.47127490148503637,-0.006623581464152428,0.6912317797594383,0.6881528521462998,0.003078927613138438
/mmfs1/gscratch/scrubbed/jsomeara/lynx/borzoi-repro/OUTPUTS/basic-model-trainseed42-trackseed42-tracks30pct,human,1667,0.393109512781301,0.3969618250153932,-0.003852312234092159,0.872705987921866,0.8719471353509478,0.0007588525709182337
/mmfs1/gscratch/scrubbed/jsomeara/lynx/borzoi-repro/OUTPUTS/basic-model-trainseed42-trackseed42-tracks30pct,human,1671,0.663238516227547,0.6649083123772117,-0.0016697961496646707,0.48173733694235954,0.4782994926216923,0.0034378443206672382
/mmfs1/gscratch/scrubbed/jsomeara/lynx/borzoi-repro/OUTPUTS/basic-model-trainseed42-trackseed42-tracks30pct,human,1676,0.4316345145296408,0.432398522617867,-0.0007640080882261868,0.8524555940950574,0.8524927861591665,-3.71920641090151e-05
/mmfs1/gscratch/scrubbed/jsomeara/lynx/borzoi-repro/OUTPUTS/basic-model-trainseed42-trackseed42-tracks30pct,human,1679,0.8640394753466878,0.8662515817078558,-0.002212106361167976,-0.9237651734584195,-0.9314706225195788,0.007705449061159331
/mmfs1/gscratch/scrubbed/jsomeara/lynx/borzoi-repro/OUTPUTS/basic-model-trainseed42-trackseed42-tracks30pct,human,1683,0.5127141387599693,0.5144896131209091,-0.0017754743609398327,0.787565114836506,0.7872852980818661,0.00027981675463994993
/mmfs1/gscratch/scrubbed/jsomeara/lynx/borzoi-repro/OUTPUTS/basic-model-trainseed42-trackseed42-tracks30pct,human,1685,0.46240022946978293,0.46074499818460235,0.0016552312851805806,0.9201592410811058,0.9220808791804848,-0.0019216380993789528
/mmfs1/gscratch/scrubbed/jsomeara/lynx/borzoi-repro/OUTPUTS/basic-model-trainseed42-trackseed42-tracks30pct,human,1689,0.7346310570733292,0.7371206461175696,-0.002489589044240348,-0.0523323378826265,-0.05987075926634895,0.007538421383722453
/mmfs1/gscratch/scrubbed/jsomeara/lynx/borzoi-repro/OUTPUTS/basic-model-trainseed42-trackseed42-tracks30pct,human,1692,0.8899160955831633,0.8903416263499027,-0.000425530766739346,-1.6188881094565177,-1.6191731970992174,0.00028508764269963294
/mmfs1/gscratch/scrubbed/jsomeara/lynx/borzoi-repro/OUTPUTS/basic-model-trainseed42-trackseed42-tracks30pct,human,1694,0.5197047530543377,0.5245203176174258,-0.004815564563088071,0.7626556964368107,0.7601715486857445,0.0024841477510662013
/mmfs1/gscratch/scrubbed/jsomeara/lynx/borzoi-repro/OUTPUTS/basic-model-trainseed42-trackseed42-tracks30pct,human,1695,0.40518689169786454,0.4101435394802524,-0.004956647782387857,0.8395939479176039,0.8387962350592465,0.0007977128583573911
/mmfs1/gscratch/scrubbed/jsomeara/lynx/borzoi-repro/OUTPUTS/basic-model-trainseed42-trackseed42-tracks30pct,human,1696,0.6707469332697691,0.6681586078083067,0.0025883254614623707,0.3761446235770907,0.3805386352797555,-0.004394011702664791
/mmfs1/gscratch/scrubbed/jsomeara/lynx/borzoi-repro/OUTPUTS/basic-model-trainseed42-trackseed42-tracks30pct,human,1697,0.743290519472962,0.7448045816181207,-0.001514062145158701,0.4490692067219017,0.44847890519487227,0.0005903015270294354
/mmfs1/gscratch/scrubbed/jsomeara/lynx/borzoi-repro/OUTPUTS/basic-model-trainseed42-trackseed42-tracks30pct,human,1702,0.6743772918264158,0.680453436883295,-0.006076145056879145,0.6456455113464052,0.6424308808747106,0.0032146304716946794
/mmfs1/gscratch/scrubbed/jsomeara/lynx/borzoi-repro/OUTPUTS/basic-model-trainseed42-trackseed42-tracks30pct,human,1706,0.864576719789256,0.8636122936161795,0.0009644261730764603,0.1326794026269319,0.1331150695612681,-0.00043566693433619297
/mmfs1/gscratch/scrubbed/jsomeara/lynx/borzoi-repro/OUTPUTS/basic-model-trainseed42-trackseed42-tracks30pct,human,1709,0.6275126323058882,0.6335132832155607,-0.0060006509096725,0.6591768014465611,0.6567140439604956,0.0024627574860655033
/mmfs1/gscratch/scrubbed/jsomeara/lynx/borzoi-repro/OUTPUTS/basic-model-trainseed42-trackseed42-tracks30pct,human,1711,0.5455710074854137,0.5421035873342037,0.0034674201512099323,0.895004498913932,0.8974051727971295,-0.002400673883197535
/mmfs1/gscratch/scrubbed/jsomeara/lynx/borzoi-repro/OUTPUTS/basic-model-trainseed42-trackseed42-tracks30pct,human,1717,0.7819117299271927,0.7817872000725344,0.00012452985465827293,0.10301278992394354,0.10153831104906069,0.001474478874882848
/mmfs1/gscratch/scrubbed/jsomeara/lynx/borzoi-repro/OUTPUTS/basic-model-trainseed42-trackseed42-tracks30pct,human,1719,0.8590661023987877,0.8587796348749633,0.0002864675238243297,-0.2841950194894956,-0.28437555874973236,0.00018053926023675615
/mmfs1/gscratch/scrubbed/jsomeara/lynx/borzoi-repro/OUTPUTS/basic-model-trainseed42-trackseed42-tracks30pct,human,1722,0.45557841179283504,0.4561239556547792,-0.0005455438619441644,0.8318589449748569,0.8314317591442889,0.00042718583056799986
/mmfs1/gscratch/scrubbed/jsomeara/lynx/borzoi-repro/OUTPUTS/basic-model-trainseed42-trackseed42-tracks30pct,human,1724,0.5889480618651315,0.5889393201984998,8.741666631673084e-06,0.3005170866661436,0.29950354695991327,0.0010135397062303042
/mmfs1/gscratch/scrubbed/jsomeara/lynx/borzoi-repro/OUTPUTS/basic-model-trainseed42-trackseed42-tracks30pct,human,1726,0.544167607175503,0.5405458109807025,0.0036217961948005195,0.8974707657989903,0.8995968123248912,-0.002126046525900871
/mmfs1/gscratch/scrubbed/jsomeara/lynx/borzoi-repro/OUTPUTS/basic-model-trainseed42-trackseed42-tracks30pct,human,1727,0.4969828574231619,0.5038612147700429,-0.00687835734688097,0.6699882801167106,0.6674783914482684,0.0025098886684422617
/mmfs1/gscratch/scrubbed/jsomeara/lynx/borzoi-repro/OUTPUTS/basic-model-trainseed42-trackseed42-tracks30pct,human,1735,0.5529435316364816,0.5562472113603548,-0.003303679723873243,0.7633872906877552,0.7628767679572664,0.0005105227304887938
/mmfs1/gscratch/scrubbed/jsomeara/lynx/borzoi-repro/OUTPUTS/basic-model-trainseed42-trackseed42-tracks30pct,human,1736,0.3776105998320606,0.37389608792231654,0.0037145119097440338,0.9181956772613311,0.920708265199914,-0.0025125879385828886
/mmfs1/gscratch/scrubbed/jsomeara/lynx/borzoi-repro/OUTPUTS/basic-model-trainseed42-trackseed42-tracks30pct,human,1737,0.36313351535957467,0.3635898925447505,-0.00045637718517582693,0.8623912592698791,0.862539095991954,-0.00014783672207485665
/mmfs1/gscratch/scrubbed/jsomeara/lynx/borzoi-repro/OUTPUTS/basic-model-trainseed42-trackseed42-tracks30pct,human,1743,0.5235272141283336,0.5145019220657063,0.009025292062627255,0.845035890462914,0.8461095721350241,-0.0010736816721100828
/mmfs1/gscratch/scrubbed/jsomeara/lynx/borzoi-repro/OUTPUTS/basic-model-trainseed42-trackseed42-tracks30pct,human,1747,0.4323512816173781,0.4284828476202374,0.003868433997140708,0.8230741671797485,0.8243441942756059,-0.00127002709585744
/mmfs1/gscratch/scrubbed/jsomeara/lynx/borzoi-repro/OUTPUTS/basic-model-trainseed42-trackseed42-tracks30pct,human,1749,0.5425458276530071,0.5467076355282374,-0.00416180787523035,0.8483950912229352,0.848171305098879,0.00022378612405626885
/mmfs1/gscratch/scrubbed/jsomeara/lynx/borzoi-repro/OUTPUTS/basic-model-trainseed42-trackseed42-tracks30pct,human,1750,0.5120592988701613,0.5116986821675829,0.00036061670257847567,0.8543517946806221,0.8543869975179703,-3.520283734825824e-05
/mmfs1/gscratch/scrubbed/jsomeara/lynx/borzoi-repro/OUTPUTS/basic-model-trainseed42-trackseed42-tracks30pct,human,1754,0.5570975602911312,0.5707646120897651,-0.013667051798633922,0.7162076407392509,0.7120082288537991,0.004199411885451809
/mmfs1/gscratch/scrubbed/jsomeara/lynx/borzoi-repro/OUTPUTS/basic-model-trainseed42-trackseed42-tracks30pct,human,1757,0.4476935553363474,0.4447819998946766,0.002911555441670821,0.8596272780251085,0.8621877543944495,-0.0025604763693409804
/mmfs1/gscratch/scrubbed/jsomeara/lynx/borzoi-repro/OUTPUTS/basic-model-trainseed42-trackseed42-tracks30pct,human,1758,0.8262894324148853,0.8253204229271488,0.000969009487736483,-0.10868298114110535,-0.10893179046285872,0.00024880932175337656
/mmfs1/gscratch/scrubbed/jsomeara/lynx/borzoi-repro/OUTPUTS/basic-model-trainseed42-trackseed42-tracks30pct,human,1759,0.7352362005235731,0.742767896934744,-0.007531696411170907,-0.48073039080654867,-0.5017158881242634,0.020985497317714707
/mmfs1/gscratch/scrubbed/jsomeara/lynx/borzoi-repro/OUTPUTS/basic-model-trainseed42-trackseed42-tracks30pct,human,1763,0.4539524568415941,0.45039926093560895,0.0035531959059851292,0.9348418659391314,0.9359329931746828,-0.0010911272355513812
/mmfs1/gscratch/scrubbed/jsomeara/lynx/borzoi-repro/OUTPUTS/basic-model-trainseed42-trackseed42-tracks30pct,human,1768,0.4654086602936565,0.46813776159602144,-0.0027291013023649224,0.8266542224261316,0.8256406736725358,0.0010135487535958276
/mmfs1/gscratch/scrubbed/jsomeara/lynx/borzoi-repro/OUTPUTS/basic-model-trainseed42-trackseed42-tracks30pct,human,1780,0.6780151993163854,0.6787058150635319,-0.0006906157471464613,0.19763124773734625,0.1960255568024045,0.0016056909349417559
/mmfs1/gscratch/scrubbed/jsomeara/lynx/borzoi-repro/OUTPUTS/basic-model-trainseed42-trackseed42-tracks30pct,human,1781,0.7368583274348036,0.7429797265877193,-0.006121399152915652,0.5106719203057241,0.5058335096534274,0.004838410652296621
/mmfs1/gscratch/scrubbed/jsomeara/lynx/borzoi-repro/OUTPUTS/basic-model-trainseed42-trackseed42-tracks30pct,human,1784,0.7767686418451418,0.7768147075710182,-4.606572587639857e-05,0.5375485589995062,0.5374403496052901,0.00010820939421607445
/mmfs1/gscratch/scrubbed/jsomeara/lynx/borzoi-repro/OUTPUTS/basic-model-trainseed42-trackseed42-tracks30pct,human,1787,0.8695286841301777,0.8696387489351192,-0.00011006480494146764,-0.027879833609819576,-0.030000840464129423,0.0021210068543098468
/mmfs1/gscratch/scrubbed/jsomeara/lynx/borzoi-repro/OUTPUTS/basic-model-trainseed42-trackseed42-tracks30pct,human,1788,0.41582195216477374,0.41376429368619017,0.0020576584785835794,0.918277098893034,0.9194462171163389,-0.0011691182233048991
/mmfs1/gscratch/scrubbed/jsomeara/lynx/borzoi-repro/OUTPUTS/basic-model-trainseed42-trackseed42-tracks30pct,human,1793,0.5256592357673167,0.524706420768177,0.0009528149991396839,0.6780624021967954,0.6791708109548548,-0.0011084087580593982
/mmfs1/gscratch/scrubbed/jsomeara/lynx/borzoi-repro/OUTPUTS/basic-model-trainseed42-trackseed42-tracks30pct,human,1794,0.5043409459996715,0.502099593354868,0.002241352644803518,0.8937942501997054,0.8961332117112084,-0.002338961511503035
/mmfs1/gscratch/scrubbed/jsomeara/lynx/borzoi-repro/OUTPUTS/basic-model-trainseed42-trackseed42-tracks30pct,human,1806,0.6149424214209896,0.6097724115133645,0.005170009907625173,0.6789828408153677,0.6815152042328897,-0.0025323634175219434
/mmfs1/gscratch/scrubbed/jsomeara/lynx/borzoi-repro/OUTPUTS/basic-model-trainseed42-trackseed42-tracks30pct,human,1808,0.7139361729581588,0.7211330837646626,-0.0071969108065037535,0.42106447320446205,0.4133882483607715,0.007676224843690571
/mmfs1/gscratch/scrubbed/jsomeara/lynx/borzoi-repro/OUTPUTS/basic-model-trainseed42-trackseed42-tracks30pct,human,1815,0.6729581850803539,0.672678612415173,0.00027957266518086055,0.5000407153679725,0.5010087059467337,-0.0009679905787612908
/mmfs1/gscratch/scrubbed/jsomeara/lynx/borzoi-repro/OUTPUTS/basic-model-trainseed42-trackseed42-tracks30pct,human,1822,0.6363748005998499,0.6379581581424337,-0.0015833575425838742,0.5699011398724374,0.5681648062362462,0.0017363336361911896
/mmfs1/gscratch/scrubbed/jsomeara/lynx/borzoi-repro/OUTPUTS/basic-model-trainseed42-trackseed42-tracks30pct,human,1824,0.5281304147137267,0.5279644050778691,0.0001660096358575558,0.8005827929779811,0.8008632355921167,-0.0002804426141356231
/mmfs1/gscratch/scrubbed/jsomeara/lynx/borzoi-repro/OUTPUTS/basic-model-trainseed42-trackseed42-tracks30pct,human,1825,0.43241083598798596,0.4292212360615699,0.0031895999264160424,0.8978893231568337,0.8987300594991592,-0.0008407363423255099
/mmfs1/gscratch/scrubbed/jsomeara/lynx/borzoi-repro/OUTPUTS/basic-model-trainseed42-trackseed42-tracks30pct,human,1839,0.7249021144492644,0.7260560300185113,-0.0011539155692468217,0.6051357516270469,0.604404532655895,0.0007312189711519146
/mmfs1/gscratch/scrubbed/jsomeara/lynx/borzoi-repro/OUTPUTS/basic-model-trainseed42-trackseed42-tracks30pct,human,1842,0.8323949091996866,0.8320910459162301,0.00030386328345655134,-0.02434511007550429,-0.024703684317987352,0.0003585742424830618
/mmfs1/gscratch/scrubbed/jsomeara/lynx/borzoi-repro/OUTPUTS/basic-model-trainseed42-trackseed42-tracks30pct,human,1847,0.5058155405439493,0.5297102343019708,-0.023894693758021557,0.8945745063730213,0.8927931959312246,0.0017813104417966352
/mmfs1/gscratch/scrubbed/jsomeara/lynx/borzoi-repro/OUTPUTS/basic-model-trainseed42-trackseed42-tracks30pct,human,1849,0.8730757744864848,0.8722357350190888,0.0008400394673959699,0.30510897457757863,0.30593184807560725,-0.0008228734980286201
/mmfs1/gscratch/scrubbed/jsomeara/lynx/borzoi-repro/OUTPUTS/basic-model-trainseed42-trackseed42-tracks30pct,human,1858,0.5259160727086504,0.5249565356314546,0.0009595370771957601,0.7802740763762064,0.7816618273297365,-0.0013877509535301646
/mmfs1/gscratch/scrubbed/jsomeara/lynx/borzoi-repro/OUTPUTS/basic-model-trainseed42-trackseed42-tracks30pct,human,1860,0.5120753691810384,0.5111716521729702,0.0009037170080681278,0.6849828130282186,0.6852306826443212,-0.0002478696161025695
/mmfs1/gscratch/scrubbed/jsomeara/lynx/borzoi-repro/OUTPUTS/basic-model-trainseed42-trackseed42-tracks30pct,human,1862,0.664590963828194,0.6639864293259,0.0006045345022940296,0.6827546166753197,0.6830866484303768,-0.00033203175505713833
/mmfs1/gscratch/scrubbed/jsomeara/lynx/borzoi-repro/OUTPUTS/basic-model-trainseed42-trackseed42-tracks30pct,human,1865,0.5016273832817675,0.4982226445743976,0.003404738707369903,0.8805700263143558,0.8832485206457179,-0.0026784943313621357
/mmfs1/gscratch/scrubbed/jsomeara/lynx/borzoi-repro/OUTPUTS/basic-model-trainseed42-trackseed42-tracks30pct,human,1868,0.7156008539833912,0.7206418551599536,-0.005041001176562365,0.059957527795386406,0.04965257624570535,0.010304951549681057
/mmfs1/gscratch/scrubbed/jsomeara/lynx/borzoi-repro/OUTPUTS/basic-model-trainseed42-trackseed42-tracks30pct,human,1870,0.44784619506588835,0.4462825451936543,0.001563649872234063,0.8466853911285661,0.8474445827456233,-0.0007591916170571755
/mmfs1/gscratch/scrubbed/jsomeara/lynx/borzoi-repro/OUTPUTS/basic-model-trainseed42-trackseed42-tracks30pct,human,1872,0.27292811408208206,0.2733146770841388,-0.0003865630020567501,0.8992368437362567,0.8988079502252448,0.0004288935110118297
/mmfs1/gscratch/scrubbed/jsomeara/lynx/borzoi-repro/OUTPUTS/basic-model-trainseed42-trackseed42-tracks30pct,human,1883,0.5357294780305473,0.535470062058714,0.0002594159718333211,0.8092357628473162,0.8096404447243605,-0.00040468187704423286
/mmfs1/gscratch/scrubbed/jsomeara/lynx/borzoi-repro/OUTPUTS/basic-model-trainseed42-trackseed42-tracks30pct,human,1887,0.7143269191012425,0.7046668288940019,0.009660090207240568,0.341982192533895,0.3453752855381457,-0.0033930930042507246
/mmfs1/gscratch/scrubbed/jsomeara/lynx/borzoi-repro/OUTPUTS/basic-model-trainseed42-trackseed42-tracks30pct,human,1888,0.7105092640498539,0.7085379468343566,0.00197131721549737,0.5793603952845955,0.5795847403601367,-0.0002243450755412546
/mmfs1/gscratch/scrubbed/jsomeara/lynx/borzoi-repro/OUTPUTS/basic-model-trainseed42-trackseed42-tracks30pct,human,1893,0.6302767438249242,0.6335450179135677,-0.003268274088643497,0.354816939058988,0.3513406423551715,0.003476296703816495
/mmfs1/gscratch/scrubbed/jsomeara/lynx/borzoi-repro/OUTPUTS/basic-model-trainseed42-trackseed42-tracks30pct,human,1897,0.628932159899691,0.6286345129671574,0.00029764693253353514,0.6870205640412397,0.6867724774764494,0.0002480865647902508
/mmfs1/gscratch/scrubbed/jsomeara/lynx/borzoi-repro/OUTPUTS/basic-model-trainseed42-trackseed42-tracks30pct,human,1900,0.7485957661512134,0.7501503802869667,-0.0015546141357533072,0.5741513197834568,0.572838518009454,0.0013128017740028364
/mmfs1/gscratch/scrubbed/jsomeara/lynx/borzoi-repro/OUTPUTS/basic-model-trainseed42-trackseed42-tracks30pct,human,1902,0.5743697045720751,0.5726093543198023,0.0017603502522728354,0.81296441790057,0.8145981379742602,-0.0016337200736902258
/mmfs1/gscratch/scrubbed/jsomeara/lynx/borzoi-repro/OUTPUTS/basic-model-trainseed42-trackseed42-tracks30pct,human,1903,0.44748265684048194,0.4029545050156321,0.044528151824849815,0.8308022876884239,0.8491412223127807,-0.018338934624356762
/mmfs1/gscratch/scrubbed/jsomeara/lynx/borzoi-repro/OUTPUTS/basic-model-trainseed42-trackseed42-tracks30pct,human,1904,0.6615729941892949,0.660001781146474,0.0015712130428209292,0.7203127389779238,0.7209848890787622,-0.0006721501008384312
/mmfs1/gscratch/scrubbed/jsomeara/lynx/borzoi-repro/OUTPUTS/basic-model-trainseed42-trackseed42-tracks30pct,human,1905,0.8209122637378784,0.8187713095655679,0.0021409541723105274,0.46936394474504767,0.47029779269122485,-0.0009338479461771798
/mmfs1/gscratch/scrubbed/jsomeara/lynx/borzoi-repro/OUTPUTS/basic-model-trainseed42-trackseed42-tracks30pct,human,1907,0.6539234168341965,0.655205188601463,-0.0012817717672665152,0.1810812286712447,0.17870032274919975,0.002380905922044957
/mmfs1/gscratch/scrubbed/jsomeara/lynx/borzoi-repro/OUTPUTS/basic-model-trainseed42-trackseed42-tracks30pct,human,1909,0.5000934959242563,0.5025094208010581,-0.002415924876801756,0.46237858564894496,0.46021113113826223,0.0021674545106827314
/mmfs1/gscratch/scrubbed/jsomeara/lynx/borzoi-repro/OUTPUTS/basic-model-trainseed42-trackseed42-tracks30pct,human,1913,0.6015496515868789,0.5993773625584244,0.002172289028454455,0.7875998395058413,0.7876312313470785,-3.139184123712724e-05
/mmfs1/gscratch/scrubbed/jsomeara/lynx/borzoi-repro/OUTPUTS/basic-model-trainseed42-trackseed42-tracks30pct,human,1917,0.39204276471561605,0.39136926369084213,0.0006735010247739259,0.9308158937370125,0.931762696684738,-0.0009468029477255335
/mmfs1/gscratch/scrubbed/jsomeara/lynx/borzoi-repro/OUTPUTS/basic-model-trainseed42-trackseed42-tracks30pct,human,1920,0.7639072796572821,0.7707964568194983,-0.0068891771622161535,-0.1454185237909745,-0.15874596974921554,0.013327445958241035
/mmfs1/gscratch/scrubbed/jsomeara/lynx/borzoi-repro/OUTPUTS/basic-model-trainseed42-trackseed42-tracks30pct,human,1921,0.6742299974445665,0.6780754734573285,-0.0038454760127620835,0.15714173943090304,0.152246376579295,0.004895362851608048
/mmfs1/gscratch/scrubbed/jsomeara/lynx/borzoi-repro/OUTPUTS/basic-model-trainseed42-trackseed42-tracks30pct,human,1923,0.7455776589100603,0.7397353905421865,0.005842268367873826,0.01140400415021918,0.016928854993089448,-0.005524850842870268
/mmfs1/gscratch/scrubbed/jsomeara/lynx/borzoi-repro/OUTPUTS/basic-model-trainseed42-trackseed42-tracks30pct,human,1925,0.554111328226675,0.5533591582481762,0.0007521699784988067,0.7185986407231072,0.7210983888432505,-0.002499748120143308
/mmfs1/gscratch/scrubbed/jsomeara/lynx/borzoi-repro/OUTPUTS/basic-model-trainseed42-trackseed42-tracks30pct,human,1927,0.5112323438904296,0.5149184562966369,-0.003686112406207309,0.7883568542518264,0.7876529531106339,0.0007039011411925644
/mmfs1/gscratch/scrubbed/jsomeara/lynx/borzoi-repro/OUTPUTS/basic-model-trainseed42-trackseed42-tracks30pct,human,1931,0.5561078218460103,0.555801700810211,0.0003061210357993005,0.8032942760915327,0.8031808162013234,0.0001134598902092776
/mmfs1/gscratch/scrubbed/jsomeara/lynx/borzoi-repro/OUTPUTS/basic-model-trainseed42-trackseed42-tracks30pct,human,1932,0.7117065131210811,0.7121807122528726,-0.0004741991317914751,0.26349785831371003,0.26434454640705773,-0.0008466880933477028
/mmfs1/gscratch/scrubbed/jsomeara/lynx/borzoi-repro/OUTPUTS/basic-model-trainseed42-trackseed42-tracks30pct,human,1937,0.464973331020991,0.46227000873455476,0.002703322286436216,0.8416185956023329,0.8417366886229558,-0.00011809302062293359
/mmfs1/gscratch/scrubbed/jsomeara/lynx/borzoi-repro/OUTPUTS/basic-model-trainseed42-trackseed42-tracks30pct,human,1943,0.5786956834519535,0.5719234082760908,0.006772275175862763,0.8531169468074513,0.8559863611890355,-0.0028694143815841677
/mmfs1/gscratch/scrubbed/jsomeara/lynx/borzoi-repro/OUTPUTS/basic-model-trainseed42-trackseed42-tracks30pct,human,1944,0.5468643065580444,0.5511428413470466,-0.004278534789002197,0.721411640557346,0.7185479784289401,0.0028636621284058306
/mmfs1/gscratch/scrubbed/jsomeara/lynx/borzoi-repro/OUTPUTS/basic-model-trainseed42-trackseed42-tracks30pct,human,1950,0.4694832562003,0.4708657587399352,-0.0013825025396351776,0.8876794268939726,0.8871539735463481,0.0005254533476245493
/mmfs1/gscratch/scrubbed/jsomeara/lynx/borzoi-repro/OUTPUTS/basic-model-trainseed42-trackseed42-tracks30pct,human,1957,0.6818579216721258,0.6818858404416268,-2.7918769501034113e-05,0.3991406879696889,0.3983522125249854,0.0007884754447034514
/mmfs1/gscratch/scrubbed/jsomeara/lynx/borzoi-repro/OUTPUTS/basic-model-trainseed42-trackseed42-tracks30pct,human,1958,0.7905085684773396,0.7896119280162135,0.0008966404611261414,0.5196392398516595,0.5195538325550538,8.540729660566626e-05
/mmfs1/gscratch/scrubbed/jsomeara/lynx/borzoi-repro/OUTPUTS/basic-model-trainseed42-trackseed42-tracks30pct,human,1960,0.4423575688372765,0.43908385620059315,0.003273712636683357,0.9547607028242668,0.9571868033473805,-0.00242610052311365
/mmfs1/gscratch/scrubbed/jsomeara/lynx/borzoi-repro/OUTPUTS/basic-model-trainseed42-trackseed42-tracks30pct,human,1961,0.6954440040986715,0.6985693354482816,-0.0031253313496101276,0.3170338041738291,0.31590270540007453,0.0011310987737545575
/mmfs1/gscratch/scrubbed/jsomeara/lynx/borzoi-repro/OUTPUTS/basic-model-trainseed42-trackseed42-tracks30pct,human,1967,0.7347600937008504,0.7347317269709064,2.8366729943996027e-05,0.09076899796226293,0.09085720678937942,-8.82088271164927e-05
/mmfs1/gscratch/scrubbed/jsomeara/lynx/borzoi-repro/OUTPUTS/basic-model-trainseed42-trackseed42-tracks30pct,human,1968,0.8135288771087629,0.8185180218812487,-0.0049891447724857985,0.19673814707912254,0.19057222533856738,0.006165921740555164
/mmfs1/gscratch/scrubbed/jsomeara/lynx/borzoi-repro/OUTPUTS/basic-model-trainseed42-trackseed42-tracks30pct,human,1971,0.3188308060057232,0.3193773853851099,-0.0005465793793866802,0.9383967379680898,0.9388943828759996,-0.0004976449079098222
/mmfs1/gscratch/scrubbed/jsomeara/lynx/borzoi-repro/OUTPUTS/basic-model-trainseed42-trackseed42-tracks30pct,human,1975,0.41959825577318793,0.4175680899332507,0.002030165839937259,0.9477493648182707,0.9493245850042186,-0.001575220185947912
/mmfs1/gscratch/scrubbed/jsomeara/lynx/borzoi-repro/OUTPUTS/basic-model-trainseed42-trackseed42-tracks30pct,human,1979,0.54204028151721,0.5454891317762902,-0.0034488502590802605,0.6936102628061999,0.6917656426514079,0.0018446201547919205
/mmfs1/gscratch/scrubbed/jsomeara/lynx/borzoi-repro/OUTPUTS/basic-model-trainseed42-trackseed42-tracks30pct,human,1985,0.36521205986923566,0.36323805282717603,0.0019740070420596334,0.9465986758187418,0.9486592745249555,-0.0020605987062136677
/mmfs1/gscratch/scrubbed/jsomeara/lynx/borzoi-repro/OUTPUTS/basic-model-trainseed42-trackseed42-tracks30pct,human,1987,0.7075153007584088,0.7073064955241557,0.000208805234253151,0.2792855464025397,0.279961378397631,-0.0006758319950913028
/mmfs1/gscratch/scrubbed/jsomeara/lynx/borzoi-repro/OUTPUTS/basic-model-trainseed42-trackseed42-tracks30pct,human,1989,0.7407259083520998,0.7386011627298367,0.002124745622263169,0.7193355711642232,0.7199023691946507,-0.0005667980304274733
/mmfs1/gscratch/scrubbed/jsomeara/lynx/borzoi-repro/OUTPUTS/basic-model-trainseed42-trackseed42-tracks30pct,human,1990,0.6911397900204411,0.6915619142044669,-0.0004221241840257628,0.6399202450396198,0.6398020098073587,0.0001182352322610658
/mmfs1/gscratch/scrubbed/jsomeara/lynx/borzoi-repro/OUTPUTS/basic-model-trainseed42-trackseed42-tracks30pct,human,1992,0.6788078814873838,0.6823074630842112,-0.0034995815968273947,0.6705533740392301,0.6680072827627382,0.0025460912764918575
/mmfs1/gscratch/scrubbed/jsomeara/lynx/borzoi-repro/OUTPUTS/basic-model-trainseed42-trackseed42-tracks30pct,human,1994,0.4391099877993794,0.43787364613651925,0.0012363416628601298,0.8407640560206017,0.8405181802177216,0.00024587580288004673
/mmfs1/gscratch/scrubbed/jsomeara/lynx/borzoi-repro/OUTPUTS/basic-model-trainseed42-trackseed42-tracks30pct,human,1998,0.4714399712788295,0.47252785913150813,-0.0010878878526786595,0.8202780529853132,0.8204786186660995,-0.0002005656807863021
/mmfs1/gscratch/scrubbed/jsomeara/lynx/borzoi-repro/OUTPUTS/basic-model-trainseed42-trackseed42-tracks30pct,human,2003,0.39460931464754695,0.3943945399018839,0.00021477474566305998,0.8151494347209856,0.8149923782640089,0.00015705645697661197
/mmfs1/gscratch/scrubbed/jsomeara/lynx/borzoi-repro/OUTPUTS/basic-model-trainseed42-trackseed42-tracks30pct,human,2007,0.48534393112619867,0.4844136273579572,0.0009303037682414916,0.8142777097276231,0.8166569488275476,-0.002379239099924435
/mmfs1/gscratch/scrubbed/jsomeara/lynx/borzoi-repro/OUTPUTS/basic-model-trainseed42-trackseed42-tracks30pct,human,2009,0.8558544393707463,0.8566105819783364,-0.000756142607590049,-1.3970955475366715,-1.397913606820727,0.0008180592840554279
/mmfs1/gscratch/scrubbed/jsomeara/lynx/borzoi-repro/OUTPUTS/basic-model-trainseed42-trackseed42-tracks30pct,human,2013,0.3795926003289115,0.37844917679306284,0.0011434235358486755,0.9321608163934928,0.933204395203619,-0.0010435788101261778
/mmfs1/gscratch/scrubbed/jsomeara/lynx/borzoi-repro/OUTPUTS/basic-model-trainseed42-trackseed42-tracks30pct,human,2014,0.5063472630218059,0.5055888468484769,0.0007584161733289463,0.8436339674948476,0.8434265413289568,0.00020742616589086715
/mmfs1/gscratch/scrubbed/jsomeara/lynx/borzoi-repro/OUTPUTS/basic-model-trainseed42-trackseed42-tracks30pct,human,2017,0.583285902856687,0.5843604470701645,-0.001074544213477524,0.6217043142701251,0.621449004959093,0.0002553093110320148
/mmfs1/gscratch/scrubbed/jsomeara/lynx/borzoi-repro/OUTPUTS/basic-model-trainseed42-trackseed42-tracks30pct,human,2019,0.5800435293309459,0.5825777845788764,-0.0025342552479304947,0.7554353482064272,0.754715494428537,0.0007198537778901892
/mmfs1/gscratch/scrubbed/jsomeara/lynx/borzoi-repro/OUTPUTS/basic-model-trainseed42-trackseed42-tracks30pct,human,2022,0.4776715070777661,0.4780456988589522,-0.000374191781186084,0.8695894105693421,0.8697659668431125,-0.00017655627377033412
/mmfs1/gscratch/scrubbed/jsomeara/lynx/borzoi-repro/OUTPUTS/basic-model-trainseed42-trackseed42-tracks30pct,human,2025,0.43771912611798813,0.438125166551569,-0.0004060404335808898,0.8362597325027122,0.8362268828535512,3.28496491610597e-05
/mmfs1/gscratch/scrubbed/jsomeara/lynx/borzoi-repro/OUTPUTS/basic-model-trainseed42-trackseed42-tracks30pct,human,2026,0.44673546907194456,0.45489050235954637,-0.00815503328760181,0.5651782521497158,0.5592576886721419,0.00592056347757397
/mmfs1/gscratch/scrubbed/jsomeara/lynx/borzoi-repro/OUTPUTS/basic-model-trainseed42-trackseed42-tracks30pct,human,2027,0.5705126572689965,0.5702305105488088,0.0002821467201876704,0.6977653866604593,0.6975376775027824,0.00022770915767689193
/mmfs1/gscratch/scrubbed/jsomeara/lynx/borzoi-repro/OUTPUTS/basic-model-trainseed42-trackseed42-tracks30pct,human,2031,0.45206806620919066,0.45278463027918864,-0.0007165640699979825,0.8798387555197598,0.8801050623241781,-0.0002663068044183037
/mmfs1/gscratch/scrubbed/jsomeara/lynx/borzoi-repro/OUTPUTS/basic-model-trainseed42-trackseed42-tracks30pct,human,2036,0.6423854616180652,0.6426093964789616,-0.00022393486089644643,0.6382021208959913,0.6376663732526405,0.0005357476433507369
/mmfs1/gscratch/scrubbed/jsomeara/lynx/borzoi-repro/OUTPUTS/basic-model-trainseed42-trackseed42-tracks30pct,human,2038,0.46444147265079094,0.46455920520498734,-0.0001177325541963925,0.8369830502202884,0.8369072965865849,7.575363370349031e-05
/mmfs1/gscratch/scrubbed/jsomeara/lynx/borzoi-repro/OUTPUTS/basic-model-trainseed42-trackseed42-tracks30pct,human,2040,0.41097229435237453,0.4068051229885344,0.00416717136384015,0.8776861258986663,0.8788376161095066,-0.001151490210840267
/mmfs1/gscratch/scrubbed/jsomeara/lynx/borzoi-repro/OUTPUTS/basic-model-trainseed42-trackseed42-tracks30pct,human,2043,0.5944724365642294,0.5931616150139195,0.0013108215503099263,0.8708718168636294,0.8720852130228257,-0.001213396159196356
/mmfs1/gscratch/scrubbed/jsomeara/lynx/borzoi-repro/OUTPUTS/basic-model-trainseed42-trackseed42-tracks30pct,human,2048,0.5047756000065214,0.5050476473591033,-0.0002720473525819056,0.864134053743011,0.8646446984414417,-0.0005106446984306512
/mmfs1/gscratch/scrubbed/jsomeara/lynx/borzoi-repro/OUTPUTS/basic-model-trainseed42-trackseed42-tracks30pct,human,2056,0.612726604188431,0.6135854915569914,-0.0008588873685604348,0.4995647595690673,0.4992346465988604,0.00033011297020690833
/mmfs1/gscratch/scrubbed/jsomeara/lynx/borzoi-repro/OUTPUTS/basic-model-trainseed42-trackseed42-tracks30pct,human,2058,0.7104200521201933,0.7119886352243071,-0.0015685831041137854,0.484480823489097,0.4846687360125579,-0.00018791252346089804
/mmfs1/gscratch/scrubbed/jsomeara/lynx/borzoi-repro/OUTPUTS/basic-model-trainseed42-trackseed42-tracks30pct,human,2059,0.5105265104192155,0.5132826089216489,-0.002756098502433413,0.8359115562609718,0.8355526629413775,0.00035889331959426674
/mmfs1/gscratch/scrubbed/jsomeara/lynx/borzoi-repro/OUTPUTS/basic-model-trainseed42-trackseed42-tracks30pct,human,2063,0.5210478547060735,0.521517407339841,-0.00046955263376746714,0.6219798348789645,0.6220550810945233,-7.524621555887734e-05
/mmfs1/gscratch/scrubbed/jsomeara/lynx/borzoi-repro/OUTPUTS/basic-model-trainseed42-trackseed42-tracks30pct,human,2074,0.6937929663341122,0.6955936160560892,-0.0018006497219769102,-0.02065628581230268,-0.022503841977621328,0.0018475561653186479
/mmfs1/gscratch/scrubbed/jsomeara/lynx/borzoi-repro/OUTPUTS/basic-model-trainseed42-trackseed42-tracks30pct,human,2083,0.5361324215760882,0.5384758165294204,-0.002343394953332245,0.6774387840853675,0.6771569478191093,0.00028183626625821745
/mmfs1/gscratch/scrubbed/jsomeara/lynx/borzoi-repro/OUTPUTS/basic-model-trainseed42-trackseed42-tracks30pct,human,2085,0.5244588443399515,0.5266028958883537,-0.002144051548402248,0.8195443180684876,0.8196365956992926,-9.22776308049933e-05
/mmfs1/gscratch/scrubbed/jsomeara/lynx/borzoi-repro/OUTPUTS/basic-model-trainseed42-trackseed42-tracks30pct,human,2087,0.5328124598032198,0.5381447926570198,-0.00533233285379997,0.4802422881584259,0.4784538510945868,0.0017884370638390767
/mmfs1/gscratch/scrubbed/jsomeara/lynx/borzoi-repro/OUTPUTS/basic-model-trainseed42-trackseed42-tracks30pct,human,2093,0.5229552487032392,0.5224203376112496,0.0005349110919895539,0.855211171166895,0.8555926897233747,-0.00038151855647960975
/mmfs1/gscratch/scrubbed/jsomeara/lynx/borzoi-repro/OUTPUTS/basic-model-trainseed42-trackseed42-tracks30pct,human,2099,0.8089213252914322,0.8088722960178553,4.902927357697262e-05,0.2694338875053246,0.26878351485007995,0.0006503726552446465
/mmfs1/gscratch/scrubbed/jsomeara/lynx/borzoi-repro/OUTPUTS/basic-model-trainseed42-trackseed42-tracks30pct,human,2103,0.6445449485896507,0.6477835103888236,-0.003238561799172923,0.0006400598911662882,-0.00621654241518798,0.006856602306354268
/mmfs1/gscratch/scrubbed/jsomeara/lynx/borzoi-repro/OUTPUTS/basic-model-trainseed42-trackseed42-tracks30pct,human,2107,0.5146653039921846,0.5133940062821025,0.0012712977100820533,0.7118019392593135,0.7124291829612471,-0.0006272437019336774
/mmfs1/gscratch/scrubbed/jsomeara/lynx/borzoi-repro/OUTPUTS/basic-model-trainseed42-trackseed42-tracks30pct,human,2108,0.6701692692950029,0.6699795140779353,0.00018975521706754428,0.6901985537901224,0.6904365483185058,-0.00023799452838335622
/mmfs1/gscratch/scrubbed/jsomeara/lynx/borzoi-repro/OUTPUTS/basic-model-trainseed42-trackseed42-tracks30pct,human,2115,0.4740631881691811,0.47363629628726284,0.00042689188191824545,0.8689963423752943,0.8693196237740963,-0.000323281398802
/mmfs1/gscratch/scrubbed/jsomeara/lynx/borzoi-repro/OUTPUTS/basic-model-trainseed42-trackseed42-tracks30pct,human,2118,0.5590973309560408,0.5656071439328572,-0.006509812976816409,0.46855941029255094,0.4644205868449928,0.004138823447558115
/mmfs1/gscratch/scrubbed/jsomeara/lynx/borzoi-repro/OUTPUTS/basic-model-trainseed42-trackseed42-tracks30pct,human,2125,0.5256128529288452,0.5241308267831126,0.0014820261457325623,0.6859968319546401,0.6867703259847948,-0.0007734940301546978
/mmfs1/gscratch/scrubbed/jsomeara/lynx/borzoi-repro/OUTPUTS/basic-model-trainseed42-trackseed42-tracks30pct,human,2131,0.5114901281889631,0.4063764088129942,0.10511371937596892,0.8305769516099163,0.8492383735597969,-0.01866142194988063
/mmfs1/gscratch/scrubbed/jsomeara/lynx/borzoi-repro/OUTPUTS/basic-model-trainseed42-trackseed42-tracks30pct,human,2135,0.7701102991030916,0.7706141672122199,-0.0005038681091282804,-0.549804470220113,-0.5490715015805921,-0.0007329686395208812
/mmfs1/gscratch/scrubbed/jsomeara/lynx/borzoi-repro/OUTPUTS/basic-model-trainseed42-trackseed42-tracks30pct,human,2141,0.5484175250452388,0.5431430773659913,0.0052744476792474515,0.867957181323315,0.8712893161653517,-0.0033321348420366492
/mmfs1/gscratch/scrubbed/jsomeara/lynx/borzoi-repro/OUTPUTS/basic-model-trainseed42-trackseed42-tracks30pct,human,2144,0.5131030948053342,0.5120675973689484,0.0010354974363858682,0.8174808009755278,0.8173897819732839,9.101900224384174e-05
/mmfs1/gscratch/scrubbed/jsomeara/lynx/borzoi-repro/OUTPUTS/basic-model-trainseed42-trackseed42-tracks30pct,human,2150,0.6185889798236225,0.6196124058171276,-0.0010234259935051337,0.27817558134383547,0.2759686237068461,0.0022069576369893595
/mmfs1/gscratch/scrubbed/jsomeara/lynx/borzoi-repro/OUTPUTS/basic-model-trainseed42-trackseed42-tracks30pct,human,2156,0.477011170809152,0.4806735643234945,-0.003662393514342499,0.7603004620750121,0.7582798770001219,0.0020205850748902243
/mmfs1/gscratch/scrubbed/jsomeara/lynx/borzoi-repro/OUTPUTS/basic-model-trainseed42-trackseed42-tracks30pct,human,2160,0.6303962856286403,0.6323881633384375,-0.0019918777097972518,0.7788537108305648,0.7775724790993218,0.0012812317312429489
/mmfs1/gscratch/scrubbed/jsomeara/lynx/borzoi-repro/OUTPUTS/basic-model-trainseed42-trackseed42-tracks30pct,human,2165,0.42917974603519704,0.4294268502163322,-0.0002471041811351604,0.8240839974449419,0.8241571912855643,-7.319384062243195e-05
/mmfs1/gscratch/scrubbed/jsomeara/lynx/borzoi-repro/OUTPUTS/basic-model-trainseed42-trackseed42-tracks30pct,human,2169,0.6904576504319297,0.6893488650677971,0.001108785364132614,0.4253429178609027,0.4244552976599116,0.000887620200991146
/mmfs1/gscratch/scrubbed/jsomeara/lynx/borzoi-repro/OUTPUTS/basic-model-trainseed42-trackseed42-tracks30pct,human,2171,0.5838196933630836,0.5826936886606959,0.0011260047023876618,0.6625651596914234,0.661344880854311,0.0012202788371123985
/mmfs1/gscratch/scrubbed/jsomeara/lynx/borzoi-repro/OUTPUTS/basic-model-trainseed42-trackseed42-tracks30pct,human,2176,0.40577464983392914,0.404823465461421,0.0009511843725081293,0.8363937938296705,0.8365378023206184,-0.00014400849094786672
/mmfs1/gscratch/scrubbed/jsomeara/lynx/borzoi-repro/OUTPUTS/basic-model-trainseed42-trackseed42-tracks30pct,human,2184,0.6481354568535963,0.6472220726027663,0.000913384250829985,0.7580924985096583,0.7580105218766816,8.19766329767102e-05
/mmfs1/gscratch/scrubbed/jsomeara/lynx/borzoi-repro/OUTPUTS/basic-model-trainseed42-trackseed42-tracks30pct,human,2185,0.5737281481359888,0.5736340703043823,9.40778316065316e-05,0.6246558953242844,0.624312089255617,0.00034380606866746266
/mmfs1/gscratch/scrubbed/jsomeara/lynx/borzoi-repro/OUTPUTS/basic-model-trainseed42-trackseed42-tracks30pct,human,2188,0.780701888364253,0.7828065635965621,-0.002104675232309061,-0.5340111305140454,-0.5420912505640536,0.008080120050008244
/mmfs1/gscratch/scrubbed/jsomeara/lynx/borzoi-repro/OUTPUTS/basic-model-trainseed42-trackseed42-tracks30pct,human,2190,0.8614015171631938,0.8607750338428459,0.0006264833203478704,-0.6206063848429103,-0.6216122981930857,0.0010059133501754136
/mmfs1/gscratch/scrubbed/jsomeara/lynx/borzoi-repro/OUTPUTS/basic-model-trainseed42-trackseed42-tracks30pct,human,2195,0.4358395915040302,0.4349877640265774,0.0008518274774527712,0.8741672420568278,0.8750038780313085,-0.0008366359744806928
/mmfs1/gscratch/scrubbed/jsomeara/lynx/borzoi-repro/OUTPUTS/basic-model-trainseed42-trackseed42-tracks30pct,human,2199,0.7839941532574083,0.789744700117271,-0.00575054685986276,-0.36261478541247955,-0.3857281880562958,0.023113402643816228
/mmfs1/gscratch/scrubbed/jsomeara/lynx/borzoi-repro/OUTPUTS/basic-model-trainseed42-trackseed42-tracks30pct,human,2201,0.5689490630603212,0.5613314795824053,0.007617583477915968,0.8625526614666958,0.8657801339330671,-0.0032274724663712284
/mmfs1/gscratch/scrubbed/jsomeara/lynx/borzoi-repro/OUTPUTS/basic-model-trainseed42-trackseed42-tracks30pct,human,2206,0.469444726221887,0.4697739636869235,-0.00032923746503649154,0.7620819098139694,0.7609441855685736,0.0011377242453958214
/mmfs1/gscratch/scrubbed/jsomeara/lynx/borzoi-repro/OUTPUTS/basic-model-trainseed42-trackseed42-tracks30pct,human,2207,0.4490905802632174,0.42936063661681206,0.019729943646405346,0.908048716691026,0.9108065468807421,-0.002757830189716093
/mmfs1/gscratch/scrubbed/jsomeara/lynx/borzoi-repro/OUTPUTS/basic-model-trainseed42-trackseed42-tracks30pct,human,2209,0.4932872303850508,0.4851690015913957,0.008118228793655091,0.8062933227380993,0.8088488517851721,-0.002555529047072791
/mmfs1/gscratch/scrubbed/jsomeara/lynx/borzoi-repro/OUTPUTS/basic-model-trainseed42-trackseed42-tracks30pct,human,2211,0.8601241661264608,0.8583028352027857,0.0018213309236750908,0.3840022576598815,0.3848056098405576,-0.0008033521806761201
/mmfs1/gscratch/scrubbed/jsomeara/lynx/borzoi-repro/OUTPUTS/basic-model-trainseed42-trackseed42-tracks30pct,human,2214,0.5380157462509192,0.540968326022521,-0.002952579771601793,0.7514842694030973,0.749865800399503,0.0016184690035943028
/mmfs1/gscratch/scrubbed/jsomeara/lynx/borzoi-repro/OUTPUTS/basic-model-trainseed42-trackseed42-tracks30pct,human,2215,0.7266054536150467,0.7293436419062364,-0.0027381882911896582,-0.32417704979019074,-0.32969445997546426,0.005517410185273519
/mmfs1/gscratch/scrubbed/jsomeara/lynx/borzoi-repro/OUTPUTS/basic-model-trainseed42-trackseed42-tracks30pct,human,2216,0.40696098204624637,0.4078101972218151,-0.0008492151755687405,0.8080356424312158,0.8075029381452853,0.000532704285930552
/mmfs1/gscratch/scrubbed/jsomeara/lynx/borzoi-repro/OUTPUTS/basic-model-trainseed42-trackseed42-tracks30pct,human,2220,0.5985666426779783,0.6033305540343105,-0.00476391135633214,0.1382542757813098,0.12928593109901862,0.008968344682291185
/mmfs1/gscratch/scrubbed/jsomeara/lynx/borzoi-repro/OUTPUTS/basic-model-trainseed42-trackseed42-tracks30pct,human,2222,0.46737451842813865,0.46835332603109836,-0.0009788076029597081,0.889168561517066,0.8887603866863232,0.00040817483074284677
/mmfs1/gscratch/scrubbed/jsomeara/lynx/borzoi-repro/OUTPUTS/basic-model-trainseed42-trackseed42-tracks30pct,human,2224,0.6031239468143289,0.6032723700104677,-0.00014842319613883603,0.7056047129542724,0.7055221776975867,8.253525668566741e-05
/mmfs1/gscratch/scrubbed/jsomeara/lynx/borzoi-repro/OUTPUTS/basic-model-trainseed42-trackseed42-tracks30pct,human,2227,0.7450024541608646,0.7531204468460807,-0.008117992685216069,0.4380590631790137,0.43109521512429033,0.006963848054723387
/mmfs1/gscratch/scrubbed/jsomeara/lynx/borzoi-repro/OUTPUTS/basic-model-trainseed42-trackseed42-tracks30pct,human,2229,0.4440847683075642,0.4385278533953834,0.005556914912180799,0.9280175527481931,0.9314464956497586,-0.0034289429015654793
/mmfs1/gscratch/scrubbed/jsomeara/lynx/borzoi-repro/OUTPUTS/basic-model-trainseed42-trackseed42-tracks30pct,human,2235,0.6286162845081482,0.6288091894066684,-0.00019290489852019643,0.4826990467009452,0.48298036475606976,-0.00028131805512454644
/mmfs1/gscratch/scrubbed/jsomeara/lynx/borzoi-repro/OUTPUTS/basic-model-trainseed42-trackseed42-tracks30pct,human,2236,0.48433918143075216,0.4851403879243143,-0.0008012064935621344,0.8386525642957376,0.8380631036137847,0.0005894606819529802
/mmfs1/gscratch/scrubbed/jsomeara/lynx/borzoi-repro/OUTPUTS/basic-model-trainseed42-trackseed42-tracks30pct,human,2237,0.8216138954827495,0.8212770188014373,0.0003368766813122148,0.598605203118898,0.5990508941003391,-0.00044569098144109365
/mmfs1/gscratch/scrubbed/jsomeara/lynx/borzoi-repro/OUTPUTS/basic-model-trainseed42-trackseed42-tracks30pct,human,2240,0.6508226460065731,0.6512933499547666,-0.00047070394819348493,0.5878820185093003,0.5865572018925284,0.0013248166167719733
/mmfs1/gscratch/scrubbed/jsomeara/lynx/borzoi-repro/OUTPUTS/basic-model-trainseed42-trackseed42-tracks30pct,human,2243,0.7702883894141539,0.7715431685988536,-0.0012547791846997391,0.5931594190948468,0.5925450917300643,0.0006143273647825076
/mmfs1/gscratch/scrubbed/jsomeara/lynx/borzoi-repro/OUTPUTS/basic-model-trainseed42-trackseed42-tracks30pct,human,2247,0.595402449422589,0.5945679915764508,0.0008344578461382257,0.8020040733572411,0.8016548697270561,0.0003492036301849799
/mmfs1/gscratch/scrubbed/jsomeara/lynx/borzoi-repro/OUTPUTS/basic-model-trainseed42-trackseed42-tracks30pct,human,2249,0.6948840984859078,0.6954202587693286,-0.0005361602834207391,0.4719054961202139,0.4713562553131425,0.0005492408070713606
/mmfs1/gscratch/scrubbed/jsomeara/lynx/borzoi-repro/OUTPUTS/basic-model-trainseed42-trackseed42-tracks30pct,human,2250,0.4159165472042123,0.415064921442465,0.0008516257617472989,0.9340535141312611,0.9352261709475632,-0.0011726568163020756
/mmfs1/gscratch/scrubbed/jsomeara/lynx/borzoi-repro/OUTPUTS/basic-model-trainseed42-trackseed42-tracks30pct,human,2253,0.8404379291221601,0.8402739051790475,0.00016402394311254564,0.38833221041240495,0.3875076496234158,0.0008245607889891815
/mmfs1/gscratch/scrubbed/jsomeara/lynx/borzoi-repro/OUTPUTS/basic-model-trainseed42-trackseed42-tracks30pct,human,2254,0.661353045449102,0.6618352764895209,-0.0004822310404188901,0.4466909021831245,0.44657985958010266,0.00011104260302186031
/mmfs1/gscratch/scrubbed/jsomeara/lynx/borzoi-repro/OUTPUTS/basic-model-trainseed42-trackseed42-tracks30pct,human,2257,0.3832738826438909,0.35448721448954645,0.02878666815434444,0.8592213353341941,0.8637164719701875,-0.004495136635993435
/mmfs1/gscratch/scrubbed/jsomeara/lynx/borzoi-repro/OUTPUTS/basic-model-trainseed42-trackseed42-tracks30pct,human,2261,0.6354516409678433,0.6351706411519357,0.00028099981590767875,0.39416758695362825,0.39697333525059386,-0.0028057482969656156
/mmfs1/gscratch/scrubbed/jsomeara/lynx/borzoi-repro/OUTPUTS/basic-model-trainseed42-trackseed42-tracks30pct,human,2264,0.8390678280905807,0.840155366125933,-0.0010875380353523312,0.3881821427035394,0.3869036655117278,0.0012784771918116222
/mmfs1/gscratch/scrubbed/jsomeara/lynx/borzoi-repro/OUTPUTS/basic-model-trainseed42-trackseed42-tracks30pct,human,2266,0.8607035446213306,0.8608094908370493,-0.00010594621571868856,-0.7213491953279281,-0.7218700142350357,0.0005208189071076452
/mmfs1/gscratch/scrubbed/jsomeara/lynx/borzoi-repro/OUTPUTS/basic-model-trainseed42-trackseed42-tracks30pct,human,2270,0.6243872109477925,0.6260279557523539,-0.0016407448045614448,0.6245538094355095,0.6231248426709192,0.001428966764590367
/mmfs1/gscratch/scrubbed/jsomeara/lynx/borzoi-repro/OUTPUTS/basic-model-trainseed42-trackseed42-tracks30pct,human,2271,0.8499946461595311,0.8495812886280325,0.000413357531498626,0.20536621840530478,0.2055364784520085,-0.00017026004670372963
/mmfs1/gscratch/scrubbed/jsomeara/lynx/borzoi-repro/OUTPUTS/basic-model-trainseed42-trackseed42-tracks30pct,human,2272,0.55893604424205,0.5589444146604879,-8.370418437930738e-06,0.7950136317998806,0.7948097605795076,0.00020387122037301975
/mmfs1/gscratch/scrubbed/jsomeara/lynx/borzoi-repro/OUTPUTS/basic-model-trainseed42-trackseed42-tracks30pct,human,2277,0.4112074831308344,0.41151376219106334,-0.00030627906022895335,0.861698053868198,0.8616237505063681,7.430336182989716e-05
/mmfs1/gscratch/scrubbed/jsomeara/lynx/borzoi-repro/OUTPUTS/basic-model-trainseed42-trackseed42-tracks30pct,human,2279,0.566323045515344,0.5665258576999408,-0.00020281218459683448,0.8310703119054469,0.8315494873777101,-0.00047917547226317136
/mmfs1/gscratch/scrubbed/jsomeara/lynx/borzoi-repro/OUTPUTS/basic-model-trainseed42-trackseed42-tracks30pct,human,2281,0.6723488065140093,0.6725829236048123,-0.0002341170908030099,0.4884036981755689,0.4874951008466193,0.0009085973289496008
/mmfs1/gscratch/scrubbed/jsomeara/lynx/borzoi-repro/OUTPUTS/basic-model-trainseed42-trackseed42-tracks30pct,human,2284,0.536564402829898,0.5375491949869666,-0.0009847921570685925,0.6627991946569078,0.6640612258901891,-0.00126203123328128
/mmfs1/gscratch/scrubbed/jsomeara/lynx/borzoi-repro/OUTPUTS/basic-model-trainseed42-trackseed42-tracks30pct,human,2285,0.7596468626708812,0.7589643424678252,0.0006825202030560362,-0.4105992943494789,-0.4124497835130786,0.0018504891635997
/mmfs1/gscratch/scrubbed/jsomeara/lynx/borzoi-repro/OUTPUTS/basic-model-trainseed42-trackseed42-tracks30pct,human,2290,0.5709124016298447,0.5725339577983605,-0.0016215561685157809,0.6624175389233672,0.6627836633371191,-0.0003661244137519448
/mmfs1/gscratch/scrubbed/jsomeara/lynx/borzoi-repro/OUTPUTS/basic-model-trainseed42-trackseed42-tracks30pct,human,2291,0.539596814061015,0.538736571793131,0.0008602422678840593,0.5660283438613529,0.5660585191403695,-3.017527901660877e-05
/mmfs1/gscratch/scrubbed/jsomeara/lynx/borzoi-repro/OUTPUTS/basic-model-trainseed42-trackseed42-tracks30pct,human,2299,0.6728392760377444,0.6722046261704878,0.000634649867256587,0.5644427665394361,0.5665631405860421,-0.0021203740466059218
/mmfs1/gscratch/scrubbed/jsomeara/lynx/borzoi-repro/OUTPUTS/basic-model-trainseed42-trackseed42-tracks30pct,human,2300,0.5659623206057111,0.5689102685630589,-0.002947947957347874,0.6432423126270324,0.6425766118447167,0.000665700782315648
/mmfs1/gscratch/scrubbed/jsomeara/lynx/borzoi-repro/OUTPUTS/basic-model-trainseed42-trackseed42-tracks30pct,human,2301,0.533889055816447,0.5337236398352279,0.00016541598121910805,0.6380503207356526,0.6364631664319335,0.0015871543037191405
/mmfs1/gscratch/scrubbed/jsomeara/lynx/borzoi-repro/OUTPUTS/basic-model-trainseed42-trackseed42-tracks30pct,human,2310,0.4411721211975453,0.4402977555617862,0.0008743656357591001,0.8191034341617148,0.8192582408597061,-0.00015480669799128322
/mmfs1/gscratch/scrubbed/jsomeara/lynx/borzoi-repro/OUTPUTS/basic-model-trainseed42-trackseed42-tracks30pct,human,2313,0.3767184345658139,0.4047469271636175,-0.0280284925978036,0.8374725704613488,0.8354586419279003,0.0020139285334485058
/mmfs1/gscratch/scrubbed/jsomeara/lynx/borzoi-repro/OUTPUTS/basic-model-trainseed42-trackseed42-tracks30pct,human,2316,0.3934833943050754,0.39208094918389197,0.0014024451211834266,0.8754772082600598,0.8756458419952979,-0.00016863373523812175
/mmfs1/gscratch/scrubbed/jsomeara/lynx/borzoi-repro/OUTPUTS/basic-model-trainseed42-trackseed42-tracks30pct,human,2317,0.5952598857594373,0.5944504901279813,0.0008093956314559891,0.7627518117294081,0.7626804080879181,7.140364148994216e-05
/mmfs1/gscratch/scrubbed/jsomeara/lynx/borzoi-repro/OUTPUTS/basic-model-trainseed42-trackseed42-tracks30pct,human,2322,0.689720448160221,0.6900538140689456,-0.00033336590872456995,0.19219378542254417,0.19086695987773655,0.0013268255448076194
/mmfs1/gscratch/scrubbed/jsomeara/lynx/borzoi-repro/OUTPUTS/basic-model-trainseed42-trackseed42-tracks30pct,human,2325,0.5496598733460811,0.5446066603466985,0.005053212999382661,0.653039527879,0.6569326171612844,-0.0038930892822843788
/mmfs1/gscratch/scrubbed/jsomeara/lynx/borzoi-repro/OUTPUTS/basic-model-trainseed42-trackseed42-tracks30pct,human,2328,0.43959122829799835,0.44180101706877145,-0.0022097887707731023,0.8428240486091216,0.843071435372133,-0.0002473867630113924
/mmfs1/gscratch/scrubbed/jsomeara/lynx/borzoi-repro/OUTPUTS/basic-model-trainseed42-trackseed42-tracks30pct,human,2330,0.44445428634851997,0.4430605480255103,0.0013937383230096523,0.937817909568319,0.9394390982417944,-0.0016211886734753822
/mmfs1/gscratch/scrubbed/jsomeara/lynx/borzoi-repro/OUTPUTS/basic-model-trainseed42-trackseed42-tracks30pct,human,2331,0.8242490474290444,0.8213585057760355,0.002890541653008838,-0.7187473872111769,-0.7133116053318482,-0.005435781879328694
/mmfs1/gscratch/scrubbed/jsomeara/lynx/borzoi-repro/OUTPUTS/basic-model-trainseed42-trackseed42-tracks30pct,human,2332,0.5054653738412117,0.5049348554000221,0.0005305184411895647,0.6878888390500588,0.6878819229297287,6.916120330102693e-06
/mmfs1/gscratch/scrubbed/jsomeara/lynx/borzoi-repro/OUTPUTS/basic-model-trainseed42-trackseed42-tracks30pct,human,2334,0.5545976400514846,0.5562955125011788,-0.0016978724496942155,0.819826159968133,0.8194792795727969,0.00034688039533614656
/mmfs1/gscratch/scrubbed/jsomeara/lynx/borzoi-repro/OUTPUTS/basic-model-trainseed42-trackseed42-tracks30pct,human,2335,0.6950177908733736,0.6991620502496443,-0.00414425937627072,0.5067211310525085,0.5021971492301553,0.00452398182235314
/mmfs1/gscratch/scrubbed/jsomeara/lynx/borzoi-repro/OUTPUTS/basic-model-trainseed42-trackseed42-tracks30pct,human,2339,0.8116863359851031,0.8126607026563565,-0.0009743666712533905,-0.2769950225188988,-0.2786972150770378,0.0017021925581390263
/mmfs1/gscratch/scrubbed/jsomeara/lynx/borzoi-repro/OUTPUTS/basic-model-trainseed42-trackseed42-tracks30pct,human,2340,0.5247295154070196,0.5251444142487274,-0.00041489884170775593,0.7996390492684041,0.7993762596979483,0.0002627895704557792
/mmfs1/gscratch/scrubbed/jsomeara/lynx/borzoi-repro/OUTPUTS/basic-model-trainseed42-trackseed42-tracks30pct,human,2344,0.33483633115409517,0.33480855541456467,2.7775739530500054e-05,0.8444292511005727,0.8444345325767552,-5.281476182505962e-06
/mmfs1/gscratch/scrubbed/jsomeara/lynx/borzoi-repro/OUTPUTS/basic-model-trainseed42-trackseed42-tracks30pct,human,2345,0.6811031669764132,0.6827721715200553,-0.0016690045436421608,0.6791881383201166,0.6789988489472318,0.00018928937288476
/mmfs1/gscratch/scrubbed/jsomeara/lynx/borzoi-repro/OUTPUTS/basic-model-trainseed42-trackseed42-tracks30pct,human,2346,0.5952865134429604,0.588532660129337,0.006753853313623326,0.8802859977061626,0.8820061117174604,-0.0017201140112977908
/mmfs1/gscratch/scrubbed/jsomeara/lynx/borzoi-repro/OUTPUTS/basic-model-trainseed42-trackseed42-tracks30pct,human,2351,0.8121800839134262,0.810954972695008,0.0012251112184181734,0.23234000633223478,0.23236358651459765,-2.3580182362870072e-05
/mmfs1/gscratch/scrubbed/jsomeara/lynx/borzoi-repro/OUTPUTS/basic-model-trainseed42-trackseed42-tracks30pct,human,2354,0.8751716019731083,0.8760196334235845,-0.0008480314504761832,-0.6347880507748959,-0.6363989885296972,0.001610937754801367
/mmfs1/gscratch/scrubbed/jsomeara/lynx/borzoi-repro/OUTPUTS/basic-model-trainseed42-trackseed42-tracks30pct,human,2357,0.5293949662802303,0.5315378615466321,-0.0021428952664017675,0.31241587042587055,0.3087958619656383,0.003620008460232249
/mmfs1/gscratch/scrubbed/jsomeara/lynx/borzoi-repro/OUTPUTS/basic-model-trainseed42-trackseed42-tracks30pct,human,2361,0.6663537121392265,0.6668944378358762,-0.0005407256966497576,0.633118047917529,0.6326728093409208,0.00044523857660816457
/mmfs1/gscratch/scrubbed/jsomeara/lynx/borzoi-repro/OUTPUTS/basic-model-trainseed42-trackseed42-tracks30pct,human,2365,0.5488907334955945,0.5492820440944839,-0.0003913105988894161,0.8038482455690404,0.8040306657252981,-0.00018242015625768992
/mmfs1/gscratch/scrubbed/jsomeara/lynx/borzoi-repro/OUTPUTS/basic-model-trainseed42-trackseed42-tracks30pct,human,2366,0.5265992245751715,0.5274217648278736,-0.0008225402527021197,0.786644509463883,0.7866601424094454,-1.5632945562393807e-05
/mmfs1/gscratch/scrubbed/jsomeara/lynx/borzoi-repro/OUTPUTS/basic-model-trainseed42-trackseed42-tracks30pct,human,2367,0.4913978217570319,0.49446546029110033,-0.0030676385340684398,0.8491061681221597,0.8485481071531653,0.0005580609689943561
/mmfs1/gscratch/scrubbed/jsomeara/lynx/borzoi-repro/OUTPUTS/basic-model-trainseed42-trackseed42-tracks30pct,human,2368,0.4840472051722561,0.4833925471899329,0.0006546579823231702,0.801604056401672,0.801998394432719,-0.0003943380310470479
/mmfs1/gscratch/scrubbed/jsomeara/lynx/borzoi-repro/OUTPUTS/basic-model-trainseed42-trackseed42-tracks30pct,human,2371,0.5625478627417956,0.5666837993794448,-0.004135936637649218,0.5566312027548539,0.5535973003890459,0.0030339023658080277
/mmfs1/gscratch/scrubbed/jsomeara/lynx/borzoi-repro/OUTPUTS/basic-model-trainseed42-trackseed42-tracks30pct,human,2372,0.4339475548740187,0.4328837114409622,0.0010638434330564883,0.9123124106016239,0.9135342538635128,-0.0012218432618888997
/mmfs1/gscratch/scrubbed/jsomeara/lynx/borzoi-repro/OUTPUTS/basic-model-trainseed42-trackseed42-tracks30pct,human,2378,0.46850198599445614,0.46666484036801903,0.0018371456264371089,0.9035992741405551,0.9048074528687348,-0.0012081787281796874
/mmfs1/gscratch/scrubbed/jsomeara/lynx/borzoi-repro/OUTPUTS/basic-model-trainseed42-trackseed42-tracks30pct,human,2383,0.4782746572381159,0.47923622547637207,-0.0009615682382561608,0.7703943090759423,0.7700918448699688,0.0003024642059734628
/mmfs1/gscratch/scrubbed/jsomeara/lynx/borzoi-repro/OUTPUTS/basic-model-trainseed42-trackseed42-tracks30pct,human,2385,0.7332616626681122,0.7316957916087732,0.0015658710593390301,-0.4232668040384826,-0.42448296707790806,0.0012161630394254552
/mmfs1/gscratch/scrubbed/jsomeara/lynx/borzoi-repro/OUTPUTS/basic-model-trainseed42-trackseed42-tracks30pct,human,2387,0.7048147373289636,0.7050206802722051,-0.00020594294324149942,0.3084388237802996,0.3076781557430329,0.0007606680372666541
/mmfs1/gscratch/scrubbed/jsomeara/lynx/borzoi-repro/OUTPUTS/basic-model-trainseed42-trackseed42-tracks30pct,human,2389,0.37343225480455444,0.37743984421208326,-0.004007589407528822,0.5471482898255686,0.5428458560127194,0.004302433812849227
/mmfs1/gscratch/scrubbed/jsomeara/lynx/borzoi-repro/OUTPUTS/basic-model-trainseed42-trackseed42-tracks30pct,human,2390,0.7869801058830519,0.786635661411691,0.0003444444713609496,0.19583519757435552,0.19724003453152983,-0.0014048369571743047
/mmfs1/gscratch/scrubbed/jsomeara/lynx/borzoi-repro/OUTPUTS/basic-model-trainseed42-trackseed42-tracks30pct,human,2394,0.48409317368920163,0.48622062614629175,-0.0021274524570901177,0.8707992642739734,0.8705747842522006,0.00022448002177277715
/mmfs1/gscratch/scrubbed/jsomeara/lynx/borzoi-repro/OUTPUTS/basic-model-trainseed42-trackseed42-tracks30pct,human,2396,0.5198226024689637,0.5184797457289768,0.0013428567399869085,0.4338565142143231,0.4357357510583265,-0.001879236844003429
/mmfs1/gscratch/scrubbed/jsomeara/lynx/borzoi-repro/OUTPUTS/basic-model-trainseed42-trackseed42-tracks30pct,human,2405,0.5897411463748577,0.589593634237325,0.00014751213753272374,0.6342117140423092,0.6343434771201915,-0.00013176307788220765
/mmfs1/gscratch/scrubbed/jsomeara/lynx/borzoi-repro/OUTPUTS/basic-model-trainseed42-trackseed42-tracks30pct,human,2407,0.7147910621466403,0.7136988889591902,0.0010921731874501406,0.29921556606725835,0.2986388781018721,0.0005766879653862356
/mmfs1/gscratch/scrubbed/jsomeara/lynx/borzoi-repro/OUTPUTS/basic-model-trainseed42-trackseed42-tracks30pct,human,2408,0.7845934697958155,0.7851178899912028,-0.0005244201953873429,0.5186830532668181,0.5180860256147817,0.0005970276520363971
/mmfs1/gscratch/scrubbed/jsomeara/lynx/borzoi-repro/OUTPUTS/basic-model-trainseed42-trackseed42-tracks30pct,human,2413,0.8342167183017278,0.8311911625183922,0.0030255557833356317,0.6114289168230854,0.6126130539510868,-0.0011841371280013613
/mmfs1/gscratch/scrubbed/jsomeara/lynx/borzoi-repro/OUTPUTS/basic-model-trainseed42-trackseed42-tracks30pct,human,2414,0.4140131053942134,0.4122652323483689,0.0017478730458444502,0.923385229903445,0.9243620511343503,-0.000976821230905367
/mmfs1/gscratch/scrubbed/jsomeara/lynx/borzoi-repro/OUTPUTS/basic-model-trainseed42-trackseed42-tracks30pct,human,2416,0.5116971536377722,0.5188542178729362,-0.007157064235163935,0.279983901201601,0.272909882422083,0.007074018779517965
/mmfs1/gscratch/scrubbed/jsomeara/lynx/borzoi-repro/OUTPUTS/basic-model-trainseed42-trackseed42-tracks30pct,human,2417,0.7722563395191321,0.7724207914949486,-0.00016445197581649307,0.4487149508747507,0.4487291112065648,-1.4160331814061511e-05
/mmfs1/gscratch/scrubbed/jsomeara/lynx/borzoi-repro/OUTPUTS/basic-model-trainseed42-trackseed42-tracks30pct,human,2418,0.6050671035057051,0.6045612179233273,0.0005058855823778519,0.7229778156665211,0.7242824865311879,-0.0013046708646667904
/mmfs1/gscratch/scrubbed/jsomeara/lynx/borzoi-repro/OUTPUTS/basic-model-trainseed42-trackseed42-tracks30pct,human,2420,0.6763567427105984,0.6775324636254809,-0.0011757209148824943,0.2819310179820817,0.28176036553741846,0.00017065244466324403
/mmfs1/gscratch/scrubbed/jsomeara/lynx/borzoi-repro/OUTPUTS/basic-model-trainseed42-trackseed42-tracks30pct,human,2421,0.4491018655011769,0.4470167159305429,0.0020851495706340484,0.823222773967751,0.822565357088077,0.0006574168796740221
/mmfs1/gscratch/scrubbed/jsomeara/lynx/borzoi-repro/OUTPUTS/basic-model-trainseed42-trackseed42-tracks30pct,human,2423,0.7775414606502724,0.7780795581314007,-0.000538097481128319,0.5161819559911529,0.5138207948242047,0.002361161166948178
/mmfs1/gscratch/scrubbed/jsomeara/lynx/borzoi-repro/OUTPUTS/basic-model-trainseed42-trackseed42-tracks30pct,human,2426,0.4806099563288811,0.4748743871521102,0.005735569176770872,0.8338133112328514,0.8344986401742344,-0.0006853289413829566
/mmfs1/gscratch/scrubbed/jsomeara/lynx/borzoi-repro/OUTPUTS/basic-model-trainseed42-trackseed42-tracks30pct,human,2428,0.49869812083670123,0.5075616896836979,-0.008863568846996628,0.5473492970280561,0.5430668134559156,0.004282483572140561
/mmfs1/gscratch/scrubbed/jsomeara/lynx/borzoi-repro/OUTPUTS/basic-model-trainseed42-trackseed42-tracks30pct,human,2435,0.7263838931208428,0.7299069337526922,-0.0035230406318493834,0.4079619142652821,0.4053076364806315,0.002654277784650605
/mmfs1/gscratch/scrubbed/jsomeara/lynx/borzoi-repro/OUTPUTS/basic-model-trainseed42-trackseed42-tracks30pct,human,2437,0.38847086118427904,0.39000571148512253,-0.0015348503008434933,0.8813333690343094,0.8816858974299139,-0.0003525283956045122
/mmfs1/gscratch/scrubbed/jsomeara/lynx/borzoi-repro/OUTPUTS/basic-model-trainseed42-trackseed42-tracks30pct,human,2438,0.45831308855958985,0.4605291232688637,-0.0022160347092738397,0.8323052405716338,0.8321797515263093,0.00012548904532450056
/mmfs1/gscratch/scrubbed/jsomeara/lynx/borzoi-repro/OUTPUTS/basic-model-trainseed42-trackseed42-tracks30pct,human,2439,0.6462472019457945,0.6515194532484617,-0.005272251302667175,0.4371776360818994,0.4314860175328923,0.005691618549007127
/mmfs1/gscratch/scrubbed/jsomeara/lynx/borzoi-repro/OUTPUTS/basic-model-trainseed42-trackseed42-tracks30pct,human,2442,0.6205626506309572,0.6186163129626921,0.001946337668265019,0.7228801917121113,0.7232816251668841,-0.0004014334547728371
/mmfs1/gscratch/scrubbed/jsomeara/lynx/borzoi-repro/OUTPUTS/basic-model-trainseed42-trackseed42-tracks30pct,human,2443,0.5132681792136599,0.513523152497206,-0.0002549732835461782,0.6784108880955517,0.678820407833082,-0.0004095197375302284
/mmfs1/gscratch/scrubbed/jsomeara/lynx/borzoi-repro/OUTPUTS/basic-model-trainseed42-trackseed42-tracks30pct,human,2450,0.47708518168206576,0.48577319617548287,-0.008688014493417107,0.7210031207801454,0.717610164547423,0.0033929562327223994
/mmfs1/gscratch/scrubbed/jsomeara/lynx/borzoi-repro/OUTPUTS/basic-model-trainseed42-trackseed42-tracks30pct,human,2451,0.7530084514913441,0.7512539980029017,0.0017544534884423868,0.22695332779240296,0.22633978443313882,0.0006135433592641404
/mmfs1/gscratch/scrubbed/jsomeara/lynx/borzoi-repro/OUTPUTS/basic-model-trainseed42-trackseed42-tracks30pct,human,2452,0.6489063794640411,0.6474604025287104,0.0014459769353306617,0.6912940775464239,0.6930745617192998,-0.0017804841728759069
/mmfs1/gscratch/scrubbed/jsomeara/lynx/borzoi-repro/OUTPUTS/basic-model-trainseed42-trackseed42-tracks30pct,human,2456,0.4267116854380484,0.4269315041536093,-0.00021981871556092658,0.8147820766223137,0.8148813300442697,-9.9253421955936e-05
/mmfs1/gscratch/scrubbed/jsomeara/lynx/borzoi-repro/OUTPUTS/basic-model-trainseed42-trackseed42-tracks30pct,human,2457,0.6207743664019874,0.6207810480750483,-6.68167306094869e-06,0.46505822892893384,0.46538893679836146,-0.00033070786942762664
/mmfs1/gscratch/scrubbed/jsomeara/lynx/borzoi-repro/OUTPUTS/basic-model-trainseed42-trackseed42-tracks30pct,human,2462,0.4018383762581554,0.3999807741027385,0.0018576021554168598,0.8851270481177514,0.8849466656839722,0.0001803824337792692
/mmfs1/gscratch/scrubbed/jsomeara/lynx/borzoi-repro/OUTPUTS/basic-model-trainseed42-trackseed42-tracks30pct,human,2464,0.5768245609820475,0.5769492312446439,-0.00012467026259643799,0.7446944189853295,0.7442119855970385,0.0004824333882910148
/mmfs1/gscratch/scrubbed/jsomeara/lynx/borzoi-repro/OUTPUTS/basic-model-trainseed42-trackseed42-tracks30pct,human,2467,0.8371488033913799,0.8355987621853065,0.0015500412060733826,-0.2765678344734537,-0.2778330989978918,0.0012652645244381477
/mmfs1/gscratch/scrubbed/jsomeara/lynx/borzoi-repro/OUTPUTS/basic-model-trainseed42-trackseed42-tracks30pct,human,2471,0.3868676102705201,0.3853385671778254,0.001529043092694693,0.8832240159016808,0.883366475314593,-0.00014245941291224362
/mmfs1/gscratch/scrubbed/jsomeara/lynx/borzoi-repro/OUTPUTS/basic-model-trainseed42-trackseed42-tracks30pct,human,2474,0.5464171467376063,0.5453250229883546,0.0010921237492517166,0.9077694702999247,0.9098956272795867,-0.0021261569796620083
/mmfs1/gscratch/scrubbed/jsomeara/lynx/borzoi-repro/OUTPUTS/basic-model-trainseed42-trackseed42-tracks30pct,human,2483,0.48771364031196285,0.49289940763009343,-0.005185767318130585,0.8353888640394691,0.834698278242995,0.0006905857964740747
/mmfs1/gscratch/scrubbed/jsomeara/lynx/borzoi-repro/OUTPUTS/basic-model-trainseed42-trackseed42-tracks30pct,human,2489,0.6061130854713357,0.6070427795205441,-0.000929694049208396,0.8165498425707777,0.8160447770510009,0.0005050655197768039
/mmfs1/gscratch/scrubbed/jsomeara/lynx/borzoi-repro/OUTPUTS/basic-model-trainseed42-trackseed42-tracks30pct,human,2490,0.6631422603950874,0.6685189845553652,-0.00537672416027779,0.5692354750462187,0.5640087148861667,0.00522676016005208
/mmfs1/gscratch/scrubbed/jsomeara/lynx/borzoi-repro/OUTPUTS/basic-model-trainseed42-trackseed42-tracks30pct,human,2492,0.6823776331124598,0.6838197510527788,-0.0014421179403190099,-0.3391591368915332,-0.3415553422823881,0.0023962053908548886
/mmfs1/gscratch/scrubbed/jsomeara/lynx/borzoi-repro/OUTPUTS/basic-model-trainseed42-trackseed42-tracks30pct,human,2494,0.6438752589048725,0.6252569297198615,0.01861832918501105,0.6152334630134719,0.6193103834957042,-0.0040769204822322935
/mmfs1/gscratch/scrubbed/jsomeara/lynx/borzoi-repro/OUTPUTS/basic-model-trainseed42-trackseed42-tracks30pct,human,2495,0.4291540350142611,0.4306907460768497,-0.0015367110625886249,0.8468645268228128,0.8467364952076288,0.00012803161518393225
/mmfs1/gscratch/scrubbed/jsomeara/lynx/borzoi-repro/OUTPUTS/basic-model-trainseed42-trackseed42-tracks30pct,human,2497,0.5235521333338559,0.5206177904049863,0.0029343429288695155,0.897809470908627,0.8996120436926037,-0.0018025727839767747
/mmfs1/gscratch/scrubbed/jsomeara/lynx/borzoi-repro/OUTPUTS/basic-model-trainseed42-trackseed42-tracks30pct,human,2502,0.6373850533992347,0.6382385371970907,-0.0008534837978559917,0.5814205429139816,0.5854314902227089,-0.004010947308727308
/mmfs1/gscratch/scrubbed/jsomeara/lynx/borzoi-repro/OUTPUTS/basic-model-trainseed42-trackseed42-tracks30pct,human,2503,0.599991282203557,0.599281539537422,0.0007097426661349937,0.6884048777418665,0.688066089691989,0.0003387880498775253
/mmfs1/gscratch/scrubbed/jsomeara/lynx/borzoi-repro/OUTPUTS/basic-model-trainseed42-trackseed42-tracks30pct,human,2504,0.776063475030651,0.7808221404898394,-0.00475866545918846,-0.0006999513484568044,-0.009183728918203052,0.008483777569746248
/mmfs1/gscratch/scrubbed/jsomeara/lynx/borzoi-repro/OUTPUTS/basic-model-trainseed42-trackseed42-tracks30pct,human,2513,0.41848697442388716,0.41878850676418783,-0.0003015323403006698,0.8874899136575689,0.8876580550573799,-0.00016814139981102816
/mmfs1/gscratch/scrubbed/jsomeara/lynx/borzoi-repro/OUTPUTS/basic-model-trainseed42-trackseed42-tracks30pct,human,2516,0.48103631633609156,0.48589889114427964,-0.00486257480818808,0.663719611613037,0.6620079144161347,0.0017116971969023398
/mmfs1/gscratch/scrubbed/jsomeara/lynx/borzoi-repro/OUTPUTS/basic-model-trainseed42-trackseed42-tracks30pct,human,2517,0.43171244558440347,0.4293030580452349,0.0024093875391685837,0.9383616729091042,0.9399670832139821,-0.00160541030487793
/mmfs1/gscratch/scrubbed/jsomeara/lynx/borzoi-repro/OUTPUTS/basic-model-trainseed42-trackseed42-tracks30pct,human,2519,0.5519206068046072,0.5468600212997128,0.00506058550489441,0.7867904241669298,0.7870212091688311,-0.00023078500190132356
/mmfs1/gscratch/scrubbed/jsomeara/lynx/borzoi-repro/OUTPUTS/basic-model-trainseed42-trackseed42-tracks30pct,human,2521,0.6064445518355882,0.6079489274878128,-0.00150437565222461,0.7546406270435099,0.7559655288458864,-0.0013249018023765435
/mmfs1/gscratch/scrubbed/jsomeara/lynx/borzoi-repro/OUTPUTS/basic-model-trainseed42-trackseed42-tracks30pct,human,2522,0.31888902833771954,0.31804677809188175,0.0008422502458377834,0.9167259185841611,0.9194666588835847,-0.0027407402994236163
/mmfs1/gscratch/scrubbed/jsomeara/lynx/borzoi-repro/OUTPUTS/basic-model-trainseed42-trackseed42-tracks30pct,human,2532,0.4948423977435687,0.4923940224923413,0.002448375251227375,0.48317451067756606,0.4855888779365012,-0.002414367258935124
/mmfs1/gscratch/scrubbed/jsomeara/lynx/borzoi-repro/OUTPUTS/basic-model-trainseed42-trackseed42-tracks30pct,human,2533,0.801509557259499,0.7954235305795169,0.006086026679982148,-0.9064196668728676,-0.9006528102373362,-0.005766856635531337
/mmfs1/gscratch/scrubbed/jsomeara/lynx/borzoi-repro/OUTPUTS/basic-model-trainseed42-trackseed42-tracks30pct,human,2556,0.44278788805563435,0.44444734661586377,-0.001659458560229421,0.8741639576201782,0.873810716486139,0.0003532411340392283
/mmfs1/gscratch/scrubbed/jsomeara/lynx/borzoi-repro/OUTPUTS/basic-model-trainseed42-trackseed42-tracks30pct,human,2565,0.48383429468586925,0.4843023241358654,-0.0004680294499961324,0.8885832028327363,0.8885833120655282,-1.0923279192276425e-07
/mmfs1/gscratch/scrubbed/jsomeara/lynx/borzoi-repro/OUTPUTS/basic-model-trainseed42-trackseed42-tracks30pct,human,2567,0.6015753976782349,0.6014273805680456,0.00014801711018930241,0.7594878790892285,0.7589057691450148,0.0005821099442137045
/mmfs1/gscratch/scrubbed/jsomeara/lynx/borzoi-repro/OUTPUTS/basic-model-trainseed42-trackseed42-tracks30pct,human,2568,0.7608680580499095,0.7609080758449983,-4.00177950887759e-05,0.41408374890818694,0.41848209140874354,-0.004398342500556596
/mmfs1/gscratch/scrubbed/jsomeara/lynx/borzoi-repro/OUTPUTS/basic-model-trainseed42-trackseed42-tracks30pct,human,2578,0.4496086579119655,0.4543015897730838,-0.004692931861118299,0.8661334046411315,0.865319345322798,0.0008140593183335598
/mmfs1/gscratch/scrubbed/jsomeara/lynx/borzoi-repro/OUTPUTS/basic-model-trainseed42-trackseed42-tracks30pct,human,2580,0.3898002241476279,0.3900771626683982,-0.0002769385207703201,0.9115250365016557,0.9124282828410658,-0.0009032463394100798
/mmfs1/gscratch/scrubbed/jsomeara/lynx/borzoi-repro/OUTPUTS/basic-model-trainseed42-trackseed42-tracks30pct,human,2581,0.44391111387707605,0.4506032764585486,-0.006692162581472538,0.5731996228157401,0.5643466176859384,0.008853005129801694
/mmfs1/gscratch/scrubbed/jsomeara/lynx/borzoi-repro/OUTPUTS/basic-model-trainseed42-trackseed42-tracks30pct,human,2587,0.5883863760819005,0.5913510551850053,-0.002964679103104828,0.24122545623784855,0.2332195580437541,0.008005898194094446
/mmfs1/gscratch/scrubbed/jsomeara/lynx/borzoi-repro/OUTPUTS/basic-model-trainseed42-trackseed42-tracks30pct,human,2588,0.6939368872741977,0.6988696344500896,-0.004932747175891983,0.4784206670198672,0.47463508699485535,0.0037855800250118365
/mmfs1/gscratch/scrubbed/jsomeara/lynx/borzoi-repro/OUTPUTS/basic-model-trainseed42-trackseed42-tracks30pct,human,2593,0.8162161447889419,0.8149409689697646,0.0012751758191772433,0.5001441786401246,0.50050981008916,-0.00036563144903534184
/mmfs1/gscratch/scrubbed/jsomeara/lynx/borzoi-repro/OUTPUTS/basic-model-trainseed42-trackseed42-tracks30pct,human,2594,0.4215151360911669,0.4216906315083292,-0.00017549541716227468,0.8416035378763279,0.8419796288082239,-0.0003760909318959449
/mmfs1/gscratch/scrubbed/jsomeara/lynx/borzoi-repro/OUTPUTS/basic-model-trainseed42-trackseed42-tracks30pct,human,2597,0.556204576737884,0.5560057833992413,0.00019879333864269988,0.77869967915047,0.7803231505148983,-0.0016234713644283083
/mmfs1/gscratch/scrubbed/jsomeara/lynx/borzoi-repro/OUTPUTS/basic-model-trainseed42-trackseed42-tracks30pct,human,2606,0.6630368242792892,0.6643396359422467,-0.001302811662957426,0.5478445721847528,0.5460721211848947,0.0017724509998581217
/mmfs1/gscratch/scrubbed/jsomeara/lynx/borzoi-repro/OUTPUTS/basic-model-trainseed42-trackseed42-tracks30pct,human,2609,0.7857112538882166,0.7807491771399017,0.0049620767483149475,-0.07133273754822006,-0.0663329057603274,-0.004999831787892664
/mmfs1/gscratch/scrubbed/jsomeara/lynx/borzoi-repro/OUTPUTS/basic-model-trainseed42-trackseed42-tracks30pct,human,2612,0.5928171681835883,0.5942891720982653,-0.0014720039146769448,0.797454415775061,0.7963159145139328,0.0011385012611282441
/mmfs1/gscratch/scrubbed/jsomeara/lynx/borzoi-repro/OUTPUTS/basic-model-trainseed42-trackseed42-tracks30pct,human,2613,0.49856396082877563,0.49824184892664913,0.00032211190212649843,0.7738619886976533,0.7742627905265469,-0.0004008018288935711
/mmfs1/gscratch/scrubbed/jsomeara/lynx/borzoi-repro/OUTPUTS/basic-model-trainseed42-trackseed42-tracks30pct,human,2617,0.8671325173386826,0.8681775466095663,-0.0010450292708836795,-0.3207039693971273,-0.324605348251029,0.0039013788539016825
/mmfs1/gscratch/scrubbed/jsomeara/lynx/borzoi-repro/OUTPUTS/basic-model-trainseed42-trackseed42-tracks30pct,human,2619,0.781364965970448,0.7807938574431194,0.0005711085273286676,0.37729497245499877,0.37734001292852803,-4.5040473529267544e-05
/mmfs1/gscratch/scrubbed/jsomeara/lynx/borzoi-repro/OUTPUTS/basic-model-trainseed42-trackseed42-tracks30pct,human,2620,0.7137174968163039,0.6927592238165418,0.020958272999762162,0.736827465806372,0.7391313710542345,-0.0023039052478625033
/mmfs1/gscratch/scrubbed/jsomeara/lynx/borzoi-repro/OUTPUTS/basic-model-trainseed42-trackseed42-tracks30pct,human,2623,0.6611231134918055,0.6613522074355053,-0.000229093943699743,0.6353259665341805,0.6360646426842158,-0.0007386761500353112
/mmfs1/gscratch/scrubbed/jsomeara/lynx/borzoi-repro/OUTPUTS/basic-model-trainseed42-trackseed42-tracks30pct,human,2626,0.6113256550633741,0.6174638715008461,-0.006138216437472033,0.7691591222677303,0.7671562648063778,0.0020028574613525363
/mmfs1/gscratch/scrubbed/jsomeara/lynx/borzoi-repro/OUTPUTS/basic-model-trainseed42-trackseed42-tracks30pct,human,2629,0.3964513518843493,0.3956623929217053,0.0007889589626440263,0.9089305611401172,0.9099832289140569,-0.0010526677739397527
/mmfs1/gscratch/scrubbed/jsomeara/lynx/borzoi-repro/OUTPUTS/basic-model-trainseed42-trackseed42-tracks30pct,human,2631,0.6659150806668167,0.6643161592526283,0.0015989214141883812,0.42811610440510284,0.4277786712662148,0.0003374331388880103
/mmfs1/gscratch/scrubbed/jsomeara/lynx/borzoi-repro/OUTPUTS/basic-model-trainseed42-trackseed42-tracks30pct,human,2632,0.4201965679526798,0.42265202857018636,-0.0024554606175065663,0.8423345901374392,0.841959840219345,0.0003747499180941638
/mmfs1/gscratch/scrubbed/jsomeara/lynx/borzoi-repro/OUTPUTS/basic-model-trainseed42-trackseed42-tracks30pct,human,2633,0.5014702789797252,0.5030402962814302,-0.001570017301705029,0.5612481687403859,0.5580564888487701,0.0031916798916157285
/mmfs1/gscratch/scrubbed/jsomeara/lynx/borzoi-repro/OUTPUTS/basic-model-trainseed42-trackseed42-tracks30pct,human,2634,0.6257595651039914,0.6268414408216332,-0.0010818757176417337,0.572106038711022,0.571252743512512,0.0008532951985099624
/mmfs1/gscratch/scrubbed/jsomeara/lynx/borzoi-repro/OUTPUTS/basic-model-trainseed42-trackseed42-tracks30pct,human,2635,0.4566444362943528,0.4553455971490414,0.0012988391453114256,0.907041493733893,0.9078564767953301,-0.0008149830614371245
/mmfs1/gscratch/scrubbed/jsomeara/lynx/borzoi-repro/OUTPUTS/basic-model-trainseed42-trackseed42-tracks30pct,human,2641,0.384676621370712,0.38553998714990395,-0.000863365779191938,0.8203860235719619,0.8202609194482506,0.00012510412371125046
/mmfs1/gscratch/scrubbed/jsomeara/lynx/borzoi-repro/OUTPUTS/basic-model-trainseed42-trackseed42-tracks30pct,human,2648,0.5594923490931714,0.560719324191736,-0.00122697509856462,0.5625538183253431,0.5607825042140209,0.001771314111322253
/mmfs1/gscratch/scrubbed/jsomeara/lynx/borzoi-repro/OUTPUTS/basic-model-trainseed42-trackseed42-tracks30pct,human,2650,0.8031220894318446,0.8035704727038728,-0.0004483832720282299,0.25580665504056205,0.2554793717171941,0.00032728332336795507
/mmfs1/gscratch/scrubbed/jsomeara/lynx/borzoi-repro/OUTPUTS/basic-model-trainseed42-trackseed42-tracks30pct,human,2666,0.6857540239937847,0.6869794273903916,-0.0012254033966069278,0.5161587197600644,0.5152540958404555,0.0009046239196089934
/mmfs1/gscratch/scrubbed/jsomeara/lynx/borzoi-repro/OUTPUTS/basic-model-trainseed42-trackseed42-tracks30pct,human,2667,0.6257829717463329,0.626627681368887,-0.0008447096225541184,-0.1473202195649355,-0.14892045431163917,0.001600234746703677
/mmfs1/gscratch/scrubbed/jsomeara/lynx/borzoi-repro/OUTPUTS/basic-model-trainseed42-trackseed42-tracks30pct,human,2671,0.8579296880153514,0.8573271230641776,0.000602564951173834,0.6020570474686634,0.6027078311082528,-0.0006507836395893696
/mmfs1/gscratch/scrubbed/jsomeara/lynx/borzoi-repro/OUTPUTS/basic-model-trainseed42-trackseed42-tracks30pct,human,2672,0.34368125410307937,0.34526797656363295,-0.0015867224605535801,0.8413204610844618,0.8408987313842434,0.0004217297002183651
/mmfs1/gscratch/scrubbed/jsomeara/lynx/borzoi-repro/OUTPUTS/basic-model-trainseed42-trackseed42-tracks30pct,human,2674,0.48385851702048027,0.481739546806964,0.002118970213516258,0.9508655095431775,0.9532879529425943,-0.0024224433994167738
/mmfs1/gscratch/scrubbed/jsomeara/lynx/borzoi-repro/OUTPUTS/basic-model-trainseed42-trackseed42-tracks30pct,human,2675,0.7250980683297729,0.7257776010848526,-0.0006795327550797037,0.6666742947330146,0.665939368216364,0.0007349265166506358
/mmfs1/gscratch/scrubbed/jsomeara/lynx/borzoi-repro/OUTPUTS/basic-model-trainseed42-trackseed42-tracks30pct,human,2676,0.49312349879838663,0.4990340786500718,-0.005910579851685194,0.6949510685634452,0.6913618800661127,0.003589188497332585
/mmfs1/gscratch/scrubbed/jsomeara/lynx/borzoi-repro/OUTPUTS/basic-model-trainseed42-trackseed42-tracks30pct,human,2677,0.4582815894540342,0.4593100575103602,-0.001028468056326004,0.8441226938895036,0.8437810500361518,0.0003416438533517807
/mmfs1/gscratch/scrubbed/jsomeara/lynx/borzoi-repro/OUTPUTS/basic-model-trainseed42-trackseed42-tracks30pct,human,2679,0.5833399149704486,0.5797867931260776,0.0035531218443709545,0.792162197777365,0.7933790516189526,-0.0012168538415876506
/mmfs1/gscratch/scrubbed/jsomeara/lynx/borzoi-repro/OUTPUTS/basic-model-trainseed42-trackseed42-tracks30pct,human,2685,0.510459361168244,0.5127698439841911,-0.0023104828159471458,0.7747399031644088,0.7739550675841457,0.0007848355802630991
/mmfs1/gscratch/scrubbed/jsomeara/lynx/borzoi-repro/OUTPUTS/basic-model-trainseed42-trackseed42-tracks30pct,human,2686,0.4300521294226589,0.435779608987034,-0.005727479564375082,0.7151059885097178,0.7124892778433554,0.0026167106663624873
/mmfs1/gscratch/scrubbed/jsomeara/lynx/borzoi-repro/OUTPUTS/basic-model-trainseed42-trackseed42-tracks30pct,human,2690,0.4580345116124263,0.4578873146425372,0.00014719696988912956,0.7971650659179357,0.7972585613672175,-9.349544928183295e-05
/mmfs1/gscratch/scrubbed/jsomeara/lynx/borzoi-repro/OUTPUTS/basic-model-trainseed42-trackseed42-tracks30pct,human,2695,0.38827551439788466,0.38519502615199797,0.0030804882458866922,0.9190297746657905,0.9203464669326631,-0.0013166922668725878
/mmfs1/gscratch/scrubbed/jsomeara/lynx/borzoi-repro/OUTPUTS/basic-model-trainseed42-trackseed42-tracks30pct,human,2697,0.7131430523164852,0.7063952940098074,0.006747758306677842,0.15983853386155317,0.1596287965433946,0.00020973731815857044
/mmfs1/gscratch/scrubbed/jsomeara/lynx/borzoi-repro/OUTPUTS/basic-model-trainseed42-trackseed42-tracks30pct,human,2699,0.54294873578839,0.5398575368796584,0.0030911989087315517,0.8802364361388515,0.8821798197809904,-0.0019433836421388628
/mmfs1/gscratch/scrubbed/jsomeara/lynx/borzoi-repro/OUTPUTS/basic-model-trainseed42-trackseed42-tracks30pct,human,2700,0.521445344138731,0.5174828654508181,0.003962478687912885,0.8118926031646381,0.8123872739679705,-0.000494670803332431
/mmfs1/gscratch/scrubbed/jsomeara/lynx/borzoi-repro/OUTPUTS/basic-model-trainseed42-trackseed42-tracks30pct,human,2701,0.5254484838878302,0.5267661338888769,-0.0013176500010467773,0.8033951190005436,0.803234262786253,0.0001608562142906278
/mmfs1/gscratch/scrubbed/jsomeara/lynx/borzoi-repro/OUTPUTS/basic-model-trainseed42-trackseed42-tracks30pct,human,2708,0.4683045010658609,0.4671489255659128,0.0011555754999481027,0.7878894720709635,0.7877398792178469,0.00014959285311655357
/mmfs1/gscratch/scrubbed/jsomeara/lynx/borzoi-repro/OUTPUTS/basic-model-trainseed42-trackseed42-tracks30pct,human,2709,0.45220441431502606,0.45179410999230263,0.00041030432272343154,0.9009468009275757,0.9025307216553031,-0.0015839207277273948
/mmfs1/gscratch/scrubbed/jsomeara/lynx/borzoi-repro/OUTPUTS/basic-model-trainseed42-trackseed42-tracks30pct,human,2714,0.6179597399674605,0.6212107517682636,-0.0032510118008031164,0.8315487350698066,0.8325842564659033,-0.0010355213960966392
/mmfs1/gscratch/scrubbed/jsomeara/lynx/borzoi-repro/OUTPUTS/basic-model-trainseed42-trackseed42-tracks30pct,human,2715,0.6521865265343505,0.6325232638781245,0.019663262656225977,0.7701102121937086,0.7795636492677323,-0.009453437074023685
/mmfs1/gscratch/scrubbed/jsomeara/lynx/borzoi-repro/OUTPUTS/basic-model-trainseed42-trackseed42-tracks30pct,human,2717,0.7462884366296635,0.7464254475879387,-0.0001370109582752299,0.4006687205431861,0.40138439853534036,-0.0007156779921542733
/mmfs1/gscratch/scrubbed/jsomeara/lynx/borzoi-repro/OUTPUTS/basic-model-trainseed42-trackseed42-tracks30pct,human,2718,0.49110025782197564,0.4958796040291353,-0.00477934620715964,0.46746639846709565,0.4643792065307886,0.003087191936307021
/mmfs1/gscratch/scrubbed/jsomeara/lynx/borzoi-repro/OUTPUTS/basic-model-trainseed42-trackseed42-tracks30pct,human,2722,0.5206079708032789,0.5199444770079906,0.0006634937952882947,0.8412404335900923,0.842089922196589,-0.0008494886064966956
/mmfs1/gscratch/scrubbed/jsomeara/lynx/borzoi-repro/OUTPUTS/basic-model-trainseed42-trackseed42-tracks30pct,human,2724,0.542301626035376,0.5414207209709697,0.000880905064406301,0.7484565353257029,0.7471632554619282,0.001293279863774699
/mmfs1/gscratch/scrubbed/jsomeara/lynx/borzoi-repro/OUTPUTS/basic-model-trainseed42-trackseed42-tracks30pct,human,2726,0.855978963290559,0.8562360499756935,-0.00025708668513446664,-0.05306114085972134,-0.05496647130076199,0.0019053304410406452
/mmfs1/gscratch/scrubbed/jsomeara/lynx/borzoi-repro/OUTPUTS/basic-model-trainseed42-trackseed42-tracks30pct,human,2728,0.3111495696393256,0.30155572167846956,0.00959384796085605,0.8467016299670718,0.8471558828892812,-0.0004542529222094638
/mmfs1/gscratch/scrubbed/jsomeara/lynx/borzoi-repro/OUTPUTS/basic-model-trainseed42-trackseed42-tracks30pct,human,2731,0.5627911805396879,0.571132379615008,-0.00834119907532005,0.16323047661593582,0.15468741076296819,0.00854306585296763
/mmfs1/gscratch/scrubbed/jsomeara/lynx/borzoi-repro/OUTPUTS/basic-model-trainseed42-trackseed42-tracks30pct,human,2732,0.8615604069038059,0.8621654351931997,-0.0006050282893937942,-0.03776357071279897,-0.039379885873187276,0.001616315160388307
/mmfs1/gscratch/scrubbed/jsomeara/lynx/borzoi-repro/OUTPUTS/basic-model-trainseed42-trackseed42-tracks30pct,human,2736,0.5555494175711394,0.5536823853698405,0.0018670322012989127,0.7509795223345359,0.75253404662082,-0.001554524286284109
/mmfs1/gscratch/scrubbed/jsomeara/lynx/borzoi-repro/OUTPUTS/basic-model-trainseed42-trackseed42-tracks30pct,human,2737,0.8901363739418588,0.8909359621306807,-0.0007995881888218648,-0.8538670175615305,-0.8558829357587963,0.0020159181972657647
/mmfs1/gscratch/scrubbed/jsomeara/lynx/borzoi-repro/OUTPUTS/basic-model-trainseed42-trackseed42-tracks30pct,human,2745,0.5560505345309572,0.5570654021276783,-0.0010148675967210918,0.6444200870388259,0.6418281702760682,0.0025919167627577178
/mmfs1/gscratch/scrubbed/jsomeara/lynx/borzoi-repro/OUTPUTS/basic-model-trainseed42-trackseed42-tracks30pct,human,2749,0.7713327705800337,0.7782439492244622,-0.006911178644428473,-0.059387157934007416,-0.07820596528187225,0.018818807347864834
/mmfs1/gscratch/scrubbed/jsomeara/lynx/borzoi-repro/OUTPUTS/basic-model-trainseed42-trackseed42-tracks30pct,human,2750,0.4054589527246196,0.4037266884830277,0.001732264241591952,0.8316601889984151,0.8319077365363993,-0.00024754753798417184
/mmfs1/gscratch/scrubbed/jsomeara/lynx/borzoi-repro/OUTPUTS/basic-model-trainseed42-trackseed42-tracks30pct,human,2760,0.6027315272463805,0.6027963565742699,-6.48293278894263e-05,0.6845012092528001,0.6853207265188246,-0.0008195172660244721
/mmfs1/gscratch/scrubbed/jsomeara/lynx/borzoi-repro/OUTPUTS/basic-model-trainseed42-trackseed42-tracks30pct,human,2761,0.5528019931534626,0.5540896164000622,-0.0012876232465995896,0.791071320254137,0.7912959384939127,-0.00022461823977570905
/mmfs1/gscratch/scrubbed/jsomeara/lynx/borzoi-repro/OUTPUTS/basic-model-trainseed42-trackseed42-tracks30pct,human,2762,0.45536670994179845,0.4572136019606413,-0.0018468920188428606,0.8826679368733849,0.8827305448489243,-6.260797553947484e-05
/mmfs1/gscratch/scrubbed/jsomeara/lynx/borzoi-repro/OUTPUTS/basic-model-trainseed42-trackseed42-tracks30pct,human,2764,0.2749662699532784,0.27548874933892725,-0.0005224793856488663,0.8224466090611053,0.8222048025903519,0.0002418064707534473
/mmfs1/gscratch/scrubbed/jsomeara/lynx/borzoi-repro/OUTPUTS/basic-model-trainseed42-trackseed42-tracks30pct,human,2765,0.5971509617855715,0.5996002857751348,-0.0024493239895633234,0.5025156863710616,0.4986757862463539,0.003839900124707696
/mmfs1/gscratch/scrubbed/jsomeara/lynx/borzoi-repro/OUTPUTS/basic-model-trainseed42-trackseed42-tracks30pct,human,2769,0.4698199713866973,0.47513303742338453,-0.005313066036687242,0.7157777472947182,0.7134836325340574,0.0022941147606607704
/mmfs1/gscratch/scrubbed/jsomeara/lynx/borzoi-repro/OUTPUTS/basic-model-trainseed42-trackseed42-tracks30pct,human,2770,0.4083921798095371,0.41238815208070306,-0.003995972271165937,0.8281346560954116,0.8271644709902712,0.0009701851051403532
/mmfs1/gscratch/scrubbed/jsomeara/lynx/borzoi-repro/OUTPUTS/basic-model-trainseed42-trackseed42-tracks30pct,human,2775,0.777500969099504,0.7780123538287189,-0.0005113847292149698,0.07849459855479858,0.07807672437436408,0.0004178741804344993
/mmfs1/gscratch/scrubbed/jsomeara/lynx/borzoi-repro/OUTPUTS/basic-model-trainseed42-trackseed42-tracks30pct,human,2776,0.6867913688495343,0.6870140045619727,-0.00022263571243841263,0.4923145189038676,0.4929086439629997,-0.000594125059132089
/mmfs1/gscratch/scrubbed/jsomeara/lynx/borzoi-repro/OUTPUTS/basic-model-trainseed42-trackseed42-tracks30pct,human,2777,0.8566352263962699,0.8572567364350947,-0.000621510038824824,0.0614139981819675,0.05842620725091803,0.0029877909310494707
/mmfs1/gscratch/scrubbed/jsomeara/lynx/borzoi-repro/OUTPUTS/basic-model-trainseed42-trackseed42-tracks30pct,human,2779,0.6946132244848842,0.6989817842239254,-0.004368559739041267,0.2822507525661647,0.27622080632117896,0.006029946244985762
/mmfs1/gscratch/scrubbed/jsomeara/lynx/borzoi-repro/OUTPUTS/basic-model-trainseed42-trackseed42-tracks30pct,human,2782,0.7477936393124023,0.7471649875309851,0.0006286517814171333,0.6726489178900034,0.6729450266500661,-0.0002961087600626966
/mmfs1/gscratch/scrubbed/jsomeara/lynx/borzoi-repro/OUTPUTS/basic-model-trainseed42-trackseed42-tracks30pct,human,2784,0.808769678961402,0.8094362991746912,-0.0006666202132892263,0.7069991385314714,0.7068089638504018,0.00019017468106963253
/mmfs1/gscratch/scrubbed/jsomeara/lynx/borzoi-repro/OUTPUTS/basic-model-trainseed42-trackseed42-tracks30pct,human,2785,0.7308761202309997,0.7334021477613102,-0.002526027530310504,0.107630059524538,0.10387937545458334,0.0037506840699546573
/mmfs1/gscratch/scrubbed/jsomeara/lynx/borzoi-repro/OUTPUTS/basic-model-trainseed42-trackseed42-tracks30pct,human,2786,0.445603825111924,0.447079842468422,-0.001476017356497994,0.8890132563157367,0.8890214497393958,-8.193423659097476e-06
/mmfs1/gscratch/scrubbed/jsomeara/lynx/borzoi-repro/OUTPUTS/basic-model-trainseed42-trackseed42-tracks30pct,human,2790,0.667678319908088,0.6683576260635838,-0.0006793061554958291,0.6946757393099217,0.6941802261533656,0.0004955131565560489
/mmfs1/gscratch/scrubbed/jsomeara/lynx/borzoi-repro/OUTPUTS/basic-model-trainseed42-trackseed42-tracks30pct,human,2791,0.8359990279553496,0.8375042455835433,-0.0015052176281936669,-1.2045614430064369,-1.2092919158296986,0.004730472823261778
/mmfs1/gscratch/scrubbed/jsomeara/lynx/borzoi-repro/OUTPUTS/basic-model-trainseed42-trackseed42-tracks30pct,human,2792,0.3784963191738277,0.37823953342953676,0.0002567857442909438,0.7263708893606309,0.7264539423308993,-8.305297026844904e-05
/mmfs1/gscratch/scrubbed/jsomeara/lynx/borzoi-repro/OUTPUTS/basic-model-trainseed42-trackseed42-tracks30pct,human,2793,0.593764810700385,0.5945304943661562,-0.0007656836657712329,0.20409193887068383,0.19969254614760637,0.004399392723077461
/mmfs1/gscratch/scrubbed/jsomeara/lynx/borzoi-repro/OUTPUTS/basic-model-trainseed42-trackseed42-tracks30pct,human,2794,0.5758881846337146,0.5793523221040776,-0.0034641374703630046,0.7451721016335094,0.7446006725898686,0.0005714290436408254
/mmfs1/gscratch/scrubbed/jsomeara/lynx/borzoi-repro/OUTPUTS/basic-model-trainseed42-trackseed42-tracks30pct,human,2795,0.7067122393812126,0.705653855309455,0.0010583840717576232,0.36965942253530937,0.3688434708756644,0.0008159516596449867
/mmfs1/gscratch/scrubbed/jsomeara/lynx/borzoi-repro/OUTPUTS/basic-model-trainseed42-trackseed42-tracks30pct,human,2796,0.5380398865086571,0.5354137290248258,0.002626157483831326,0.5477499929146684,0.5460502167207287,0.0016997761939396838
/mmfs1/gscratch/scrubbed/jsomeara/lynx/borzoi-repro/OUTPUTS/basic-model-trainseed42-trackseed42-tracks30pct,human,2800,0.692320055455459,0.6930359084687985,-0.0007158530133394292,0.6269511201483076,0.626003881641032,0.0009472385072755163
/mmfs1/gscratch/scrubbed/jsomeara/lynx/borzoi-repro/OUTPUTS/basic-model-trainseed42-trackseed42-tracks30pct,human,2802,0.4556439206099372,0.4525846162717554,0.003059304338181801,0.9409949658476859,0.9446342329615129,-0.003639267113827005
/mmfs1/gscratch/scrubbed/jsomeara/lynx/borzoi-repro/OUTPUTS/basic-model-trainseed42-trackseed42-tracks30pct,human,2808,0.6877203338825834,0.6877224041066398,-2.0702240564052232e-06,0.5135957168114665,0.5129377596449798,0.0006579571664867556
/mmfs1/gscratch/scrubbed/jsomeara/lynx/borzoi-repro/OUTPUTS/basic-model-trainseed42-trackseed42-tracks30pct,human,2810,0.4536824061013083,0.45750076460754685,-0.0038183585062385728,0.7255530014994832,0.7218662906522372,0.003686710847246033
/mmfs1/gscratch/scrubbed/jsomeara/lynx/borzoi-repro/OUTPUTS/basic-model-trainseed42-trackseed42-tracks30pct,human,2812,0.43623013197201455,0.4370381319163006,-0.0008079999442860419,0.8635186323540983,0.8636577355995393,-0.00013910324544097463
/mmfs1/gscratch/scrubbed/jsomeara/lynx/borzoi-repro/OUTPUTS/basic-model-trainseed42-trackseed42-tracks30pct,human,2820,0.49782498227225597,0.49825381502704924,-0.00042883275479327354,0.6650058968123195,0.6651455385963299,-0.0001396417840103803
/mmfs1/gscratch/scrubbed/jsomeara/lynx/borzoi-repro/OUTPUTS/basic-model-trainseed42-trackseed42-tracks30pct,human,2821,0.7486385819303325,0.7504381412020179,-0.0017995592716854025,-0.4709032996939102,-0.47605016187328214,0.005146862179371936
/mmfs1/gscratch/scrubbed/jsomeara/lynx/borzoi-repro/OUTPUTS/basic-model-trainseed42-trackseed42-tracks30pct,human,2822,0.392872636606759,0.39500062778437156,-0.002127991177612587,0.871666658787474,0.8713935505432684,0.00027310824420556656
/mmfs1/gscratch/scrubbed/jsomeara/lynx/borzoi-repro/OUTPUTS/basic-model-trainseed42-trackseed42-tracks30pct,human,2824,0.5164086126464418,0.5181503977755729,-0.001741785129131146,0.7093212639293233,0.7075391605961944,0.0017821033331288927
/mmfs1/gscratch/scrubbed/jsomeara/lynx/borzoi-repro/OUTPUTS/basic-model-trainseed42-trackseed42-tracks30pct,human,2827,0.5522588589339417,0.5600902646464921,-0.007831405712550477,0.6320784905995903,0.627681640033552,0.004396850566038335
/mmfs1/gscratch/scrubbed/jsomeara/lynx/borzoi-repro/OUTPUTS/basic-model-trainseed42-trackseed42-tracks30pct,human,2856,0.7688250505119233,0.7684485359339654,0.0003765145779578427,-0.08393254261856342,-0.08540385321873872,0.0014713106001753018
/mmfs1/gscratch/scrubbed/jsomeara/lynx/borzoi-repro/OUTPUTS/basic-model-trainseed42-trackseed42-tracks30pct,human,2859,0.5027627156625167,0.5039543032694256,-0.0011915876069088505,0.8522376847154735,0.8526235085196522,-0.00038582380417873097
/mmfs1/gscratch/scrubbed/jsomeara/lynx/borzoi-repro/OUTPUTS/basic-model-trainseed42-trackseed42-tracks30pct,human,2863,0.7736993637406755,0.778503545711228,-0.004804181970552546,0.14475579354235818,0.14111872004759884,0.0036370734947593353
/mmfs1/gscratch/scrubbed/jsomeara/lynx/borzoi-repro/OUTPUTS/basic-model-trainseed42-trackseed42-tracks30pct,human,2866,0.8767930031389541,0.8737624278816482,0.0030305752573059896,0.25903152362561394,0.2612275383580301,-0.0021960147324161516
/mmfs1/gscratch/scrubbed/jsomeara/lynx/borzoi-repro/OUTPUTS/basic-model-trainseed42-trackseed42-tracks30pct,human,2867,0.5729415774495912,0.5741458870152885,-0.0012043095656972813,0.7894881300969101,0.7896492081361383,-0.00016107803922815744
/mmfs1/gscratch/scrubbed/jsomeara/lynx/borzoi-repro/OUTPUTS/basic-model-trainseed42-trackseed42-tracks30pct,human,2870,0.5597234703685385,0.5599787058807877,-0.0002552355122491523,0.7813487291491685,0.7813370641369791,1.1665012189410184e-05
/mmfs1/gscratch/scrubbed/jsomeara/lynx/borzoi-repro/OUTPUTS/basic-model-trainseed42-trackseed42-tracks30pct,human,2873,0.4897291884467027,0.48864901216159795,0.0010801762851047614,0.9081585817590325,0.908866022214277,-0.0007074404552445124
/mmfs1/gscratch/scrubbed/jsomeara/lynx/borzoi-repro/OUTPUTS/basic-model-trainseed42-trackseed42-tracks30pct,human,2875,0.8189755352360599,0.8169184500682543,0.0020570851678056723,0.25439482097367816,0.25471464417472056,-0.0003198232010424018
/mmfs1/gscratch/scrubbed/jsomeara/lynx/borzoi-repro/OUTPUTS/basic-model-trainseed42-trackseed42-tracks30pct,human,2876,0.4584927574575521,0.4573324763883297,0.0011602810692223908,0.9284217635681791,0.9298583924188131,-0.001436628850634003
/mmfs1/gscratch/scrubbed/jsomeara/lynx/borzoi-repro/OUTPUTS/basic-model-trainseed42-trackseed42-tracks30pct,human,2879,0.6003427529838091,0.6006236980279107,-0.00028094504410158816,0.7263853783223923,0.7263458810173126,3.949730507968319e-05
/mmfs1/gscratch/scrubbed/jsomeara/lynx/borzoi-repro/OUTPUTS/basic-model-trainseed42-trackseed42-tracks30pct,human,2881,0.36095525053258076,0.3702392898186792,-0.009284039286098444,0.8733345170511959,0.872538048263481,0.0007964687877148879
/mmfs1/gscratch/scrubbed/jsomeara/lynx/borzoi-repro/OUTPUTS/basic-model-trainseed42-trackseed42-tracks30pct,human,2885,0.7854671010051838,0.7887486258598534,-0.003281524854669593,-0.25675682735959576,-0.2626534436533544,0.00589661629375865
/mmfs1/gscratch/scrubbed/jsomeara/lynx/borzoi-repro/OUTPUTS/basic-model-trainseed42-trackseed42-tracks30pct,human,2888,0.6633625380252445,0.6636248463968671,-0.00026230837162266596,-0.7827487273771303,-0.7905756520459929,0.00782692466886259
/mmfs1/gscratch/scrubbed/jsomeara/lynx/borzoi-repro/OUTPUTS/basic-model-trainseed42-trackseed42-tracks30pct,human,2891,0.6531431041455116,0.6530666655089443,7.643863656725536e-05,0.7441445346685025,0.743811357912849,0.0003331767556534748
/mmfs1/gscratch/scrubbed/jsomeara/lynx/borzoi-repro/OUTPUTS/basic-model-trainseed42-trackseed42-tracks30pct,human,2895,0.7609572007235481,0.7615859143898343,-0.0006287136662861403,0.5216878500343196,0.5213886307569624,0.00029921927735721
/mmfs1/gscratch/scrubbed/jsomeara/lynx/borzoi-repro/OUTPUTS/basic-model-trainseed42-trackseed42-tracks30pct,human,2898,0.6176359114955978,0.6177022785041644,-6.636700856654798e-05,0.5858307788848393,0.5857853162606297,4.5462624209569036e-05
/mmfs1/gscratch/scrubbed/jsomeara/lynx/borzoi-repro/OUTPUTS/basic-model-trainseed42-trackseed42-tracks30pct,human,2899,0.6101502244962731,0.6121449252340068,-0.001994700737733668,0.6992129136484578,0.6973304467029122,0.0018824669455456133
/mmfs1/gscratch/scrubbed/jsomeara/lynx/borzoi-repro/OUTPUTS/basic-model-trainseed42-trackseed42-tracks30pct,human,2901,0.565325757770328,0.564357262138425,0.0009684956319030436,0.7385005281818954,0.7392524060099959,-0.000751877828100489
/mmfs1/gscratch/scrubbed/jsomeara/lynx/borzoi-repro/OUTPUTS/basic-model-trainseed42-trackseed42-tracks30pct,human,2903,0.4656391123366832,0.46836162964050626,-0.0027225173038230577,0.8960206952634104,0.896914817001055,-0.000894121737644582
/mmfs1/gscratch/scrubbed/jsomeara/lynx/borzoi-repro/OUTPUTS/basic-model-trainseed42-trackseed42-tracks30pct,human,2909,0.3927916795367329,0.39219278844228045,0.0005988910944524362,0.8798438924601233,0.879751741346739,9.215111338434223e-05
/mmfs1/gscratch/scrubbed/jsomeara/lynx/borzoi-repro/OUTPUTS/basic-model-trainseed42-trackseed42-tracks30pct,human,2918,0.5905299283133444,0.5957421966474031,-0.005212268334058745,0.6797804826234743,0.6775337976910025,0.0022466849324718208
/mmfs1/gscratch/scrubbed/jsomeara/lynx/borzoi-repro/OUTPUTS/basic-model-trainseed42-trackseed42-tracks30pct,human,2919,0.8532741084430513,0.8542675622343443,-0.0009934537912930086,0.14973681243270967,0.14852817759884562,0.0012086348338640474
/mmfs1/gscratch/scrubbed/jsomeara/lynx/borzoi-repro/OUTPUTS/basic-model-trainseed42-trackseed42-tracks30pct,human,2921,0.5964704841078298,0.595541183164924,0.0009293009429057753,-0.23905571507467005,-0.23820808821377537,-0.0008476268608946791
/mmfs1/gscratch/scrubbed/jsomeara/lynx/borzoi-repro/OUTPUTS/basic-model-trainseed42-trackseed42-tracks30pct,human,2922,0.4813151225328602,0.4849340732020734,-0.0036189506692131945,0.8683764407128189,0.8688512559434554,-0.0004748152306364162
/mmfs1/gscratch/scrubbed/jsomeara/lynx/borzoi-repro/OUTPUTS/basic-model-trainseed42-trackseed42-tracks30pct,human,2935,0.4604601681123299,0.46141214210959514,-0.0009519739972652097,0.8712244685041758,0.8714065299399905,-0.00018206143581467327
/mmfs1/gscratch/scrubbed/jsomeara/lynx/borzoi-repro/OUTPUTS/basic-model-trainseed42-trackseed42-tracks30pct,human,2937,0.5211354271236659,0.5210285281453063,0.00010689897835958195,0.7873297114907102,0.7875097757252827,-0.00018006423457250786
/mmfs1/gscratch/scrubbed/jsomeara/lynx/borzoi-repro/OUTPUTS/basic-model-trainseed42-trackseed42-tracks30pct,human,2940,0.7499618001721633,0.7491768738022196,0.0007849263699436504,0.5205762997403952,0.5203479004288643,0.00022839931153095794
/mmfs1/gscratch/scrubbed/jsomeara/lynx/borzoi-repro/OUTPUTS/basic-model-trainseed42-trackseed42-tracks30pct,human,2942,0.6101664723014005,0.61137377065947,-0.0012072983580694308,0.8266651452528225,0.8266427264432668,2.2418809555779795e-05
/mmfs1/gscratch/scrubbed/jsomeara/lynx/borzoi-repro/OUTPUTS/basic-model-trainseed42-trackseed42-tracks30pct,human,2944,0.6051885602764675,0.6042162258505047,0.0009723344259627842,0.5164558575246277,0.5143374330752464,0.002118424449381373
/mmfs1/gscratch/scrubbed/jsomeara/lynx/borzoi-repro/OUTPUTS/basic-model-trainseed42-trackseed42-tracks30pct,human,2949,0.701799156940019,0.7045810843574707,-0.002781927417451646,0.5644667340870846,0.5635702466188157,0.0008964874682688695
/mmfs1/gscratch/scrubbed/jsomeara/lynx/borzoi-repro/OUTPUTS/basic-model-trainseed42-trackseed42-tracks30pct,human,2952,0.5069529197907094,0.5084783627382837,-0.0015254429475742848,0.8118474339035949,0.811284502289951,0.0005629316136439577
/mmfs1/gscratch/scrubbed/jsomeara/lynx/borzoi-repro/OUTPUTS/basic-model-trainseed42-trackseed42-tracks30pct,human,2964,0.5005871601724378,0.49841026493067214,0.0021768952417656195,0.9093188603577621,0.9110564588318006,-0.0017375984740385375
/mmfs1/gscratch/scrubbed/jsomeara/lynx/borzoi-repro/OUTPUTS/basic-model-trainseed42-trackseed42-tracks30pct,human,2968,0.5761632600095313,0.5744656408265001,0.0016976191830312404,0.8424287803509694,0.8427796878485172,-0.00035090749754784767
/mmfs1/gscratch/scrubbed/jsomeara/lynx/borzoi-repro/OUTPUTS/basic-model-trainseed42-trackseed42-tracks30pct,human,2969,0.4665535599297447,0.4655359415340947,0.0010176183956499552,0.8586409606065133,0.8594007643048293,-0.000759803698315964
/mmfs1/gscratch/scrubbed/jsomeara/lynx/borzoi-repro/OUTPUTS/basic-model-trainseed42-trackseed42-tracks30pct,human,2970,0.5051602689457548,0.504648937107718,0.0005113318380368659,0.20196016607192988,0.20364531011114978,-0.0016851440392199046
/mmfs1/gscratch/scrubbed/jsomeara/lynx/borzoi-repro/OUTPUTS/basic-model-trainseed42-trackseed42-tracks30pct,human,2971,0.7724964433911202,0.7712861898537137,0.0012102535374065582,0.62578884717594,0.6270438095701087,-0.0012549623941687793
/mmfs1/gscratch/scrubbed/jsomeara/lynx/borzoi-repro/OUTPUTS/basic-model-trainseed42-trackseed42-tracks30pct,human,2974,0.6168512326683928,0.6170403324687398,-0.00018909980034698126,0.6343486024774141,0.6344063859033908,-5.7783425976731806e-05
/mmfs1/gscratch/scrubbed/jsomeara/lynx/borzoi-repro/OUTPUTS/basic-model-trainseed42-trackseed42-tracks30pct,human,2975,0.7787793577741947,0.7788114586388145,-3.210086461979955e-05,0.5344273011453251,0.5335712637391757,0.0008560374061493681
/mmfs1/gscratch/scrubbed/jsomeara/lynx/borzoi-repro/OUTPUTS/basic-model-trainseed42-trackseed42-tracks30pct,human,2977,0.5595883749469482,0.5591373788777061,0.00045099606924214886,0.7009280127951046,0.7009320457412329,-4.032946128273984e-06
/mmfs1/gscratch/scrubbed/jsomeara/lynx/borzoi-repro/OUTPUTS/basic-model-trainseed42-trackseed42-tracks30pct,human,2983,0.32575876968885414,0.32664452446621317,-0.0008857547773590269,0.8031109331942655,0.8024557751007384,0.0006551580935271195
/mmfs1/gscratch/scrubbed/jsomeara/lynx/borzoi-repro/OUTPUTS/basic-model-trainseed42-trackseed42-tracks30pct,human,2991,0.5992005211796113,0.5978862668509243,0.0013142543286870367,0.09555930571556547,0.09433483872432623,0.001224466991239237
/mmfs1/gscratch/scrubbed/jsomeara/lynx/borzoi-repro/OUTPUTS/basic-model-trainseed42-trackseed42-tracks30pct,human,2992,0.7229214503968855,0.7244312476002566,-0.0015097972033710771,0.49949674300059504,0.4987944802985852,0.0007022627020098482
/mmfs1/gscratch/scrubbed/jsomeara/lynx/borzoi-repro/OUTPUTS/basic-model-trainseed42-trackseed42-tracks30pct,human,2998,0.5186971041393409,0.5224604146248675,-0.003763310485526583,0.714883974301364,0.7136400906530723,0.0012438836482916438
/mmfs1/gscratch/scrubbed/jsomeara/lynx/borzoi-repro/OUTPUTS/basic-model-trainseed42-trackseed42-tracks30pct,human,3001,0.8159176220238908,0.8160465427252764,-0.00012892070138559308,-0.02303375449953924,-0.025923304617472203,0.002889550117932963
/mmfs1/gscratch/scrubbed/jsomeara/lynx/borzoi-repro/OUTPUTS/basic-model-trainseed42-trackseed42-tracks30pct,human,3003,0.5907882489093805,0.5904972909443209,0.0002909579650596239,0.6702959081225226,0.6705962067940703,-0.00030029867154768297
/mmfs1/gscratch/scrubbed/jsomeara/lynx/borzoi-repro/OUTPUTS/basic-model-trainseed42-trackseed42-tracks30pct,human,3004,0.46292222326802895,0.46365322773169365,-0.0007310044636646973,0.8562825780593784,0.8563087721487983,-2.6194089419950828e-05
/mmfs1/gscratch/scrubbed/jsomeara/lynx/borzoi-repro/OUTPUTS/basic-model-trainseed42-trackseed42-tracks30pct,human,3008,0.5730779778183193,0.5700473246202565,0.003030653198062727,0.7960356063915067,0.7957645054942846,0.000271100897222154
/mmfs1/gscratch/scrubbed/jsomeara/lynx/borzoi-repro/OUTPUTS/basic-model-trainseed42-trackseed42-tracks30pct,human,3010,0.40328620294794654,0.40056591673611436,0.002720286211832179,0.8905824027099005,0.8915722462994911,-0.0009898435895905333
/mmfs1/gscratch/scrubbed/jsomeara/lynx/borzoi-repro/OUTPUTS/basic-model-trainseed42-trackseed42-tracks30pct,human,3016,0.6683555662746486,0.6700246131490218,-0.0016690468743731923,0.78354800671554,0.7823691600816011,0.001178846633938968
/mmfs1/gscratch/scrubbed/jsomeara/lynx/borzoi-repro/OUTPUTS/basic-model-trainseed42-trackseed42-tracks30pct,human,3017,0.8598177688175812,0.8600351226666345,-0.00021735384905330335,-0.5455457244072514,-0.5499695842677083,0.004423859860456902
/mmfs1/gscratch/scrubbed/jsomeara/lynx/borzoi-repro/OUTPUTS/basic-model-trainseed42-trackseed42-tracks30pct,human,3019,0.6446891893957859,0.646559080009922,-0.001869890614136116,0.7094668606161347,0.7083545211683057,0.0011123394478290693
/mmfs1/gscratch/scrubbed/jsomeara/lynx/borzoi-repro/OUTPUTS/basic-model-trainseed42-trackseed42-tracks30pct,human,3022,0.6034444680107524,0.6038025677377014,-0.0003580997269490016,0.7160169941362918,0.7168601042131125,-0.0008431100768206967
/mmfs1/gscratch/scrubbed/jsomeara/lynx/borzoi-repro/OUTPUTS/basic-model-trainseed42-trackseed42-tracks30pct,human,3024,0.48623870627728677,0.4873134438944269,-0.001074737617140109,0.660910305855358,0.6591850002005186,0.0017253056548394152
/mmfs1/gscratch/scrubbed/jsomeara/lynx/borzoi-repro/OUTPUTS/basic-model-trainseed42-trackseed42-tracks30pct,human,3031,0.735712088752556,0.7357421561154048,-3.006736284882905e-05,0.30684423553456436,0.3070291365631981,-0.0001849010286337216
/mmfs1/gscratch/scrubbed/jsomeara/lynx/borzoi-repro/OUTPUTS/basic-model-trainseed42-trackseed42-tracks30pct,human,3032,0.8907999498695958,0.8915520734207178,-0.0007521235511220858,-0.3776621639828004,-0.38030830182557057,0.00264613784277018
/mmfs1/gscratch/scrubbed/jsomeara/lynx/borzoi-repro/OUTPUTS/basic-model-trainseed42-trackseed42-tracks30pct,human,3048,0.41874199284262503,0.4207905294818746,-0.0020485366392495874,0.8533026835507277,0.8527618000946044,0.0005408834561232423
/mmfs1/gscratch/scrubbed/jsomeara/lynx/borzoi-repro/OUTPUTS/basic-model-trainseed42-trackseed42-tracks30pct,human,3051,0.49352559334697893,0.4934674771317649,5.8116215214010225e-05,0.8716647030983071,0.872075191731654,-0.0004104886333469171
/mmfs1/gscratch/scrubbed/jsomeara/lynx/borzoi-repro/OUTPUTS/basic-model-trainseed42-trackseed42-tracks30pct,human,3059,0.4328778612068757,0.43650774981282275,-0.0036298886059470403,0.8711600793439476,0.8707451683995496,0.0004149109443979393
/mmfs1/gscratch/scrubbed/jsomeara/lynx/borzoi-repro/OUTPUTS/basic-model-trainseed42-trackseed42-tracks30pct,human,3060,0.5926099720289514,0.5917714816353442,0.0008384903936071719,0.3983656743625042,0.39914239599294987,-0.0007767216304456759
/mmfs1/gscratch/scrubbed/jsomeara/lynx/borzoi-repro/OUTPUTS/basic-model-trainseed42-trackseed42-tracks30pct,human,3068,0.6663704239907912,0.6624634989195498,0.003906925071241352,0.713357671775473,0.7151461704558406,-0.0017884986803675673
/mmfs1/gscratch/scrubbed/jsomeara/lynx/borzoi-repro/OUTPUTS/basic-model-trainseed42-trackseed42-tracks30pct,human,3070,0.47219748716939175,0.4729735840153611,-0.000776096845969354,0.8344965279292409,0.8347064694781076,-0.0002099415488666656
/mmfs1/gscratch/scrubbed/jsomeara/lynx/borzoi-repro/OUTPUTS/basic-model-trainseed42-trackseed42-tracks30pct,human,3072,0.5365644360351467,0.5377787213050467,-0.0012142852698999729,0.5864909148298133,0.5869774035554064,-0.00048648872559309275
/mmfs1/gscratch/scrubbed/jsomeara/lynx/borzoi-repro/OUTPUTS/basic-model-trainseed42-trackseed42-tracks30pct,human,3076,0.4593748742860942,0.45982024797298376,-0.0004453736868895719,0.8504570029720391,0.8502322904271028,0.00022471254493627857
/mmfs1/gscratch/scrubbed/jsomeara/lynx/borzoi-repro/OUTPUTS/basic-model-trainseed42-trackseed42-tracks30pct,human,3077,0.5172402477367402,0.5168747760542255,0.000365471682514662,0.8468655676810587,0.8478674808069545,-0.0010019131258958147
/mmfs1/gscratch/scrubbed/jsomeara/lynx/borzoi-repro/OUTPUTS/basic-model-trainseed42-trackseed42-tracks30pct,human,3078,0.5156697503999562,0.4586026326349051,0.057067117765051134,0.8870856153848902,0.8957651732157721,-0.008679557830881923
/mmfs1/gscratch/scrubbed/jsomeara/lynx/borzoi-repro/OUTPUTS/basic-model-trainseed42-trackseed42-tracks30pct,human,3083,0.6028895969425065,0.603222920807243,-0.0003333238647365011,0.32508696299219264,0.3234252041802572,0.001661758811935421
/mmfs1/gscratch/scrubbed/jsomeara/lynx/borzoi-repro/OUTPUTS/basic-model-trainseed42-trackseed42-tracks30pct,human,3085,0.4714885906066213,0.4674001538766028,0.004088436730018519,0.808786621295103,0.8106720569199302,-0.0018854356248271253
/mmfs1/gscratch/scrubbed/jsomeara/lynx/borzoi-repro/OUTPUTS/basic-model-trainseed42-trackseed42-tracks30pct,human,3092,0.7987015482209656,0.8000049346783351,-0.001303386457369493,0.18067944590825658,0.17911403765980102,0.001565408248455552
/mmfs1/gscratch/scrubbed/jsomeara/lynx/borzoi-repro/OUTPUTS/basic-model-trainseed42-trackseed42-tracks30pct,human,3093,0.5809659451773366,0.5815797843368219,-0.0006138391594853188,0.8164862944895609,0.8163179713948282,0.00016832309473269191
/mmfs1/gscratch/scrubbed/jsomeara/lynx/borzoi-repro/OUTPUTS/basic-model-trainseed42-trackseed42-tracks30pct,human,3094,0.4347864899600965,0.4315611599851045,0.003225329974991975,0.9203758136747746,0.9222475441427507,-0.0018717304679760627
/mmfs1/gscratch/scrubbed/jsomeara/lynx/borzoi-repro/OUTPUTS/basic-model-trainseed42-trackseed42-tracks30pct,human,3097,0.42494320171594185,0.431857800547329,-0.00691459883138712,0.7615647850215224,0.758591516180663,0.0029732688408593555
/mmfs1/gscratch/scrubbed/jsomeara/lynx/borzoi-repro/OUTPUTS/basic-model-trainseed42-trackseed42-tracks30pct,human,3099,0.45844010504646654,0.4612890118111868,-0.0028489067647202715,0.849420306911664,0.8491435241751576,0.00027678273650644236
/mmfs1/gscratch/scrubbed/jsomeara/lynx/borzoi-repro/OUTPUTS/basic-model-trainseed42-trackseed42-tracks30pct,human,3101,0.6324160584604753,0.631919528444594,0.0004965300158813468,0.7841576872778323,0.7846792486245775,-0.0005215613467451918
/mmfs1/gscratch/scrubbed/jsomeara/lynx/borzoi-repro/OUTPUTS/basic-model-trainseed42-trackseed42-tracks30pct,human,3106,0.417478990140352,0.42375895823856563,-0.0062799680982136286,0.8315234308258393,0.8305497745814255,0.0009736562444138119
/mmfs1/gscratch/scrubbed/jsomeara/lynx/borzoi-repro/OUTPUTS/basic-model-trainseed42-trackseed42-tracks30pct,human,3109,0.6894559065515055,0.6898477262530579,-0.0003918197015524427,0.6612931430691695,0.660771336060788,0.0005218070083815585
/mmfs1/gscratch/scrubbed/jsomeara/lynx/borzoi-repro/OUTPUTS/basic-model-trainseed42-trackseed42-tracks30pct,human,3110,0.8831408145264553,0.8816848814532714,0.0014559330731839237,0.0648082911347197,0.065885219405536,-0.0010769282708163047
/mmfs1/gscratch/scrubbed/jsomeara/lynx/borzoi-repro/OUTPUTS/basic-model-trainseed42-trackseed42-tracks30pct,human,3113,0.43826417333679174,0.4386627220657613,-0.00039854872896954996,0.8360339757550368,0.8360770052588488,-4.3029503811964354e-05
/mmfs1/gscratch/scrubbed/jsomeara/lynx/borzoi-repro/OUTPUTS/basic-model-trainseed42-trackseed42-tracks30pct,human,3116,0.7003779158348107,0.6998210736282916,0.0005568422065190815,0.26327384718337027,0.2623279728355799,0.0009458743477903653
/mmfs1/gscratch/scrubbed/jsomeara/lynx/borzoi-repro/OUTPUTS/basic-model-trainseed42-trackseed42-tracks30pct,human,3120,0.41318330225202554,0.41370122234414763,-0.0005179200921220928,0.8753218077332595,0.8755162284540956,-0.00019442072083608597
/mmfs1/gscratch/scrubbed/jsomeara/lynx/borzoi-repro/OUTPUTS/basic-model-trainseed42-trackseed42-tracks30pct,human,3123,0.5911678589461824,0.4152366154619081,0.1759312434842743,0.8160056128621268,0.848478009642158,-0.03247239678003122
/mmfs1/gscratch/scrubbed/jsomeara/lynx/borzoi-repro/OUTPUTS/basic-model-trainseed42-trackseed42-tracks30pct,human,3124,0.6531029147263772,0.656159272215333,-0.00305635748895583,0.3684419602912386,0.36781050936160026,0.0006314509296383441
/mmfs1/gscratch/scrubbed/jsomeara/lynx/borzoi-repro/OUTPUTS/basic-model-trainseed42-trackseed42-tracks30pct,human,3125,0.47280025278240023,0.46861624442268557,0.004184008359714664,0.9087998281170447,0.9116425662589306,-0.0028427381418858477
/mmfs1/gscratch/scrubbed/jsomeara/lynx/borzoi-repro/OUTPUTS/basic-model-trainseed42-trackseed42-tracks30pct,human,3126,0.5085426704237058,0.5121145588877734,-0.0035718884640675297,0.8358689367215072,0.8346169516076922,0.0012519851138149685
/mmfs1/gscratch/scrubbed/jsomeara/lynx/borzoi-repro/OUTPUTS/basic-model-trainseed42-trackseed42-tracks30pct,human,3127,0.6209678443418241,0.6221499254197643,-0.0011820810779402668,0.47334239782443405,0.4718405860648031,0.0015018117596309333
/mmfs1/gscratch/scrubbed/jsomeara/lynx/borzoi-repro/OUTPUTS/basic-model-trainseed42-trackseed42-tracks30pct,human,3134,0.5020488051073562,0.5012241628423999,0.0008246422649562657,0.8532600357367128,0.8536181127417853,-0.00035807700507251017
/mmfs1/gscratch/scrubbed/jsomeara/lynx/borzoi-repro/OUTPUTS/basic-model-trainseed42-trackseed42-tracks30pct,human,3135,0.4099547342490966,0.42496543702132006,-0.015010702772223439,0.2071301219648901,0.20250657373419464,0.004623548230695468
/mmfs1/gscratch/scrubbed/jsomeara/lynx/borzoi-repro/OUTPUTS/basic-model-trainseed42-trackseed42-tracks30pct,human,3136,0.5287111807348475,0.5277877528919939,0.0009234278428535969,0.8867621609833191,0.8885012673269367,-0.0017391063436176246
/mmfs1/gscratch/scrubbed/jsomeara/lynx/borzoi-repro/OUTPUTS/basic-model-trainseed42-trackseed42-tracks30pct,human,3139,0.6341673969761219,0.6282213312206737,0.005946065755448204,0.5060713990282469,0.5099175657449623,-0.003846166716715338
/mmfs1/gscratch/scrubbed/jsomeara/lynx/borzoi-repro/OUTPUTS/basic-model-trainseed42-trackseed42-tracks30pct,human,3144,0.3974492051638392,0.39663264562859346,0.0008165595352457311,0.8393638231250999,0.8394791791427081,-0.00011535601760814806
/mmfs1/gscratch/scrubbed/jsomeara/lynx/borzoi-repro/OUTPUTS/basic-model-trainseed42-trackseed42-tracks30pct,human,3146,0.45296690804178036,0.4508530474784763,0.0021138605633040375,0.9201481970973137,0.920229753386907,-8.155628959338745e-05
/mmfs1/gscratch/scrubbed/jsomeara/lynx/borzoi-repro/OUTPUTS/basic-model-trainseed42-trackseed42-tracks30pct,human,3148,0.5430996090306336,0.5414164619925179,0.0016831470381156732,0.6920751893065377,0.6938241295293911,-0.0017489402228534345
/mmfs1/gscratch/scrubbed/jsomeara/lynx/borzoi-repro/OUTPUTS/basic-model-trainseed42-trackseed42-tracks30pct,human,3152,0.49723511358293926,0.4982617372594026,-0.001026623676463334,0.8583428085920152,0.8583303942521102,1.2414339904953664e-05
/mmfs1/gscratch/scrubbed/jsomeara/lynx/borzoi-repro/OUTPUTS/basic-model-trainseed42-trackseed42-tracks30pct,human,3154,0.7351778331681105,0.7346687428587216,0.0005090903093888377,0.749469927891244,0.7497352373201395,-0.00026530942889546605
/mmfs1/gscratch/scrubbed/jsomeara/lynx/borzoi-repro/OUTPUTS/basic-model-trainseed42-trackseed42-tracks30pct,human,3155,0.6602970246173988,0.6604785304910302,-0.00018150587363141568,0.638786863538117,0.6385921464860993,0.00019471705201767886
/mmfs1/gscratch/scrubbed/jsomeara/lynx/borzoi-repro/OUTPUTS/basic-model-trainseed42-trackseed42-tracks30pct,human,3156,0.4731912256187846,0.4718636089487261,0.0013276166700585401,0.8136114884430639,0.8138382694950925,-0.00022678105202866838
/mmfs1/gscratch/scrubbed/jsomeara/lynx/borzoi-repro/OUTPUTS/basic-model-trainseed42-trackseed42-tracks30pct,human,3158,0.2942649795610891,0.29495029923724897,-0.0006853196761598679,0.8107660758735432,0.8101641227660035,0.0006019531075397433
/mmfs1/gscratch/scrubbed/jsomeara/lynx/borzoi-repro/OUTPUTS/basic-model-trainseed42-trackseed42-tracks30pct,human,3164,0.7069979639713199,0.7124149361122689,-0.00541697214094905,-0.10387058394461475,-0.11607192077747676,0.012201336832862009
/mmfs1/gscratch/scrubbed/jsomeara/lynx/borzoi-repro/OUTPUTS/basic-model-trainseed42-trackseed42-tracks30pct,human,3167,0.3694230561676022,0.370748374462718,-0.0013253182951158404,0.8268091390926564,0.8263235564603199,0.0004855826323365564
/mmfs1/gscratch/scrubbed/jsomeara/lynx/borzoi-repro/OUTPUTS/basic-model-trainseed42-trackseed42-tracks30pct,human,3173,0.5265911500310858,0.5247376079665115,0.0018535420645743317,0.7709120319702941,0.7714949499956136,-0.0005829180253195121
/mmfs1/gscratch/scrubbed/jsomeara/lynx/borzoi-repro/OUTPUTS/basic-model-trainseed42-trackseed42-tracks30pct,human,3183,0.7585968874225364,0.7571724929393554,0.0014243944831809907,-0.11676511303260757,-0.11764184533360746,0.0008767323009998829
/mmfs1/gscratch/scrubbed/jsomeara/lynx/borzoi-repro/OUTPUTS/basic-model-trainseed42-trackseed42-tracks30pct,human,3187,0.7269369163348072,0.7174131270821119,0.009523789252695258,0.5641703421051569,0.5667931296128681,-0.002622787507711166
/mmfs1/gscratch/scrubbed/jsomeara/lynx/borzoi-repro/OUTPUTS/basic-model-trainseed42-trackseed42-tracks30pct,human,3189,0.446068454390091,0.38142918566444134,0.06463926872564968,0.8321911250758833,0.8365613482680506,-0.0043702231921672885
/mmfs1/gscratch/scrubbed/jsomeara/lynx/borzoi-repro/OUTPUTS/basic-model-trainseed42-trackseed42-tracks30pct,human,3193,0.6301607823843571,0.6321404262306746,-0.001979643846317436,0.40632868261220545,0.4045226323660571,0.0018060502461483274
/mmfs1/gscratch/scrubbed/jsomeara/lynx/borzoi-repro/OUTPUTS/basic-model-trainseed42-trackseed42-tracks30pct,human,3195,0.5299290931138675,0.5287103252686443,0.0012187678452232342,0.5244746015044752,0.5244786940604621,-4.092555986878743e-06
/mmfs1/gscratch/scrubbed/jsomeara/lynx/borzoi-repro/OUTPUTS/basic-model-trainseed42-trackseed42-tracks30pct,human,3199,0.6820863823594688,0.682984376275226,-0.0008979939157571781,0.6375691214073913,0.6374168241291155,0.00015229727827581474
/mmfs1/gscratch/scrubbed/jsomeara/lynx/borzoi-repro/OUTPUTS/basic-model-trainseed42-trackseed42-tracks30pct,human,3201,0.5752003416584096,0.5736992945524128,0.0015010471059968555,0.5605058269415519,0.5653565350960242,-0.004850708154472305
/mmfs1/gscratch/scrubbed/jsomeara/lynx/borzoi-repro/OUTPUTS/basic-model-trainseed42-trackseed42-tracks30pct,human,3202,0.3428963856683631,0.34637711329618753,-0.0034807276278244204,0.6711063731043396,0.6714231779205819,-0.00031680481624229984
/mmfs1/gscratch/scrubbed/jsomeara/lynx/borzoi-repro/OUTPUTS/basic-model-trainseed42-trackseed42-tracks30pct,human,3207,0.4706149555056837,0.4758127540723446,-0.005197798566660861,0.7545935615509916,0.7515254417745307,0.0030681197764608203
/mmfs1/gscratch/scrubbed/jsomeara/lynx/borzoi-repro/OUTPUTS/basic-model-trainseed42-trackseed42-tracks30pct,human,3211,0.6792587075292267,0.6771739679123606,0.0020847396168660604,0.7987928289021757,0.7994574637883733,-0.0006646348861976126
/mmfs1/gscratch/scrubbed/jsomeara/lynx/borzoi-repro/OUTPUTS/basic-model-trainseed42-trackseed42-tracks30pct,human,3218,0.46945446739714,0.4693093813026078,0.00014508609453217636,0.6036240641240364,0.6035512452011451,7.281892289123792e-05
/mmfs1/gscratch/scrubbed/jsomeara/lynx/borzoi-repro/OUTPUTS/basic-model-trainseed42-trackseed42-tracks30pct,human,3219,0.6097962506472268,0.6122062342879191,-0.002409983640692337,0.7401338956844182,0.7385671879011152,0.001566707783303034
/mmfs1/gscratch/scrubbed/jsomeara/lynx/borzoi-repro/OUTPUTS/basic-model-trainseed42-trackseed42-tracks30pct,human,3220,0.807147757246771,0.8047404982530215,0.002407258993749495,0.6321459682032345,0.6332991261332236,-0.001153157929989046
/mmfs1/gscratch/scrubbed/jsomeara/lynx/borzoi-repro/OUTPUTS/basic-model-trainseed42-trackseed42-tracks30pct,human,3227,0.7775299926869491,0.7775653590304031,-3.536634345402412e-05,0.4810638561349205,0.4791132723503009,0.0019505837846195972
/mmfs1/gscratch/scrubbed/jsomeara/lynx/borzoi-repro/OUTPUTS/basic-model-trainseed42-trackseed42-tracks30pct,human,3232,0.4844738453315769,0.48850477028986666,-0.004030924958289772,0.4612712138645679,0.45479897077920856,0.006472243085359319
/mmfs1/gscratch/scrubbed/jsomeara/lynx/borzoi-repro/OUTPUTS/basic-model-trainseed42-trackseed42-tracks30pct,human,3233,0.8615870350674518,0.8616088156346043,-2.1780567152518415e-05,-0.564263918438569,-0.5671417983040542,0.0028778798654851556
/mmfs1/gscratch/scrubbed/jsomeara/lynx/borzoi-repro/OUTPUTS/basic-model-trainseed42-trackseed42-tracks30pct,human,3238,0.7259859407372249,0.7274926687436817,-0.0015067280064567923,0.6846328493961842,0.6837999441870879,0.0008329052090962907
/mmfs1/gscratch/scrubbed/jsomeara/lynx/borzoi-repro/OUTPUTS/basic-model-trainseed42-trackseed42-tracks30pct,human,3241,0.664514776490746,0.6668909907108262,-0.002376214220080275,0.49946335016640764,0.4970477826577204,0.002415567508687211
/mmfs1/gscratch/scrubbed/jsomeara/lynx/borzoi-repro/OUTPUTS/basic-model-trainseed42-trackseed42-tracks30pct,human,3242,0.5885050026469026,0.5902473454777197,-0.0017423428308170896,0.7466686291751841,0.7444673432179199,0.0022012859572642096
/mmfs1/gscratch/scrubbed/jsomeara/lynx/borzoi-repro/OUTPUTS/basic-model-trainseed42-trackseed42-tracks30pct,human,3247,0.48088824793177615,0.4804210609456273,0.0004671869861488376,0.8139411587699116,0.815084028765703,-0.0011428699957913846
/mmfs1/gscratch/scrubbed/jsomeara/lynx/borzoi-repro/OUTPUTS/basic-model-trainseed42-trackseed42-tracks30pct,human,3251,0.6564118845325301,0.6510951304662844,0.005316754066245655,0.18160232304845061,0.18827616700647903,-0.006673843958028419
/mmfs1/gscratch/scrubbed/jsomeara/lynx/borzoi-repro/OUTPUTS/basic-model-trainseed42-trackseed42-tracks30pct,human,3252,0.2875486558059768,0.28629340877948206,0.0012552470264947657,0.8760769560883681,0.8761384682926332,-6.151220426509063e-05
/mmfs1/gscratch/scrubbed/jsomeara/lynx/borzoi-repro/OUTPUTS/basic-model-trainseed42-trackseed42-tracks30pct,human,3253,0.23860666510078607,0.2388108641974416,-0.00020419909665553293,0.8821835626689374,0.8823627219701798,-0.0001791593012424597
/mmfs1/gscratch/scrubbed/jsomeara/lynx/borzoi-repro/OUTPUTS/basic-model-trainseed42-trackseed42-tracks30pct,human,3260,0.7863440783219384,0.7850004304355954,0.0013436478863430024,0.14486038337443424,0.14404100546185222,0.00081937791258202
/mmfs1/gscratch/scrubbed/jsomeara/lynx/borzoi-repro/OUTPUTS/basic-model-trainseed42-trackseed42-tracks30pct,human,3274,0.5336682254110638,0.5330550384997158,0.0006131869113480404,0.7716032667885957,0.773198503318254,-0.001595236529658317
/mmfs1/gscratch/scrubbed/jsomeara/lynx/borzoi-repro/OUTPUTS/basic-model-trainseed42-trackseed42-tracks30pct,human,3281,0.7376274524472499,0.7381993158767302,-0.0005718634294802349,0.48289013009063425,0.4817462579173671,0.0011438721732671686
/mmfs1/gscratch/scrubbed/jsomeara/lynx/borzoi-repro/OUTPUTS/basic-model-trainseed42-trackseed42-tracks30pct,human,3282,0.7550730750086901,0.7569330916379351,-0.0018600166292449538,0.15275296301127778,0.15103814541218635,0.0017148175990914227
/mmfs1/gscratch/scrubbed/jsomeara/lynx/borzoi-repro/OUTPUTS/basic-model-trainseed42-trackseed42-tracks30pct,human,3297,0.519043967066364,0.51921050312988,-0.00016653606351602068,0.8496879396670213,0.8501866260328225,-0.0004986863658011931
/mmfs1/gscratch/scrubbed/jsomeara/lynx/borzoi-repro/OUTPUTS/basic-model-trainseed42-trackseed42-tracks30pct,human,3300,0.575642115429547,0.5755095526959537,0.00013256273359329995,0.1290342127263149,0.13191653064018496,-0.0028823179138700583
/mmfs1/gscratch/scrubbed/jsomeara/lynx/borzoi-repro/OUTPUTS/basic-model-trainseed42-trackseed42-tracks30pct,human,3301,0.2977054670316751,0.2966842963827717,0.0010211706489033912,0.7948349966509004,0.7950552469720641,-0.00022025032116368415
/mmfs1/gscratch/scrubbed/jsomeara/lynx/borzoi-repro/OUTPUTS/basic-model-trainseed42-trackseed42-tracks30pct,human,3302,0.640591834806519,0.6415011109159704,-0.0009092761094513513,0.3062379118862703,0.30591013025072716,0.0003277816355431451
/mmfs1/gscratch/scrubbed/jsomeara/lynx/borzoi-repro/OUTPUTS/basic-model-trainseed42-trackseed42-tracks30pct,human,3309,0.4131750893940967,0.41163838023031973,0.0015367091637769614,0.9281609403243734,0.9295413481431598,-0.0013804078187864555
/mmfs1/gscratch/scrubbed/jsomeara/lynx/borzoi-repro/OUTPUTS/basic-model-trainseed42-trackseed42-tracks30pct,human,3312,0.6258986133386285,0.6281100879306536,-0.0022114745920250867,0.3381638595965643,0.333824568006674,0.004339291589890326
/mmfs1/gscratch/scrubbed/jsomeara/lynx/borzoi-repro/OUTPUTS/basic-model-trainseed42-trackseed42-tracks30pct,human,3314,0.6984524407749144,0.6979145451346864,0.0005378956402279922,0.21322156827854272,0.2137135763977274,-0.0004920081191846781
/mmfs1/gscratch/scrubbed/jsomeara/lynx/borzoi-repro/OUTPUTS/basic-model-trainseed42-trackseed42-tracks30pct,human,3316,0.4619343933657409,0.4633333118388335,-0.0013989184730925919,0.8583000429407732,0.8580745976904007,0.0002254452503724913
/mmfs1/gscratch/scrubbed/jsomeara/lynx/borzoi-repro/OUTPUTS/basic-model-trainseed42-trackseed42-tracks30pct,human,3317,0.42174906210159113,0.4181194036459391,0.0036296584556520517,0.8690510750288494,0.8704218229163052,-0.0013707478874558365
/mmfs1/gscratch/scrubbed/jsomeara/lynx/borzoi-repro/OUTPUTS/basic-model-trainseed42-trackseed42-tracks30pct,human,3320,0.8482675745288268,0.8484200723821439,-0.00015249785331705734,0.22085935698582743,0.21891166193575282,0.0019476950500746104
/mmfs1/gscratch/scrubbed/jsomeara/lynx/borzoi-repro/OUTPUTS/basic-model-trainseed42-trackseed42-tracks30pct,human,3322,0.40412156745705674,0.4030778596760051,0.001043707781051617,0.8786824786070114,0.8789086269966851,-0.0002261483896737193
/mmfs1/gscratch/scrubbed/jsomeara/lynx/borzoi-repro/OUTPUTS/basic-model-trainseed42-trackseed42-tracks30pct,human,3328,0.8794805511779662,0.8794253493030819,5.5201874884280855e-05,-0.8142009904098164,-0.8147894125050968,0.0005884220952804275
/mmfs1/gscratch/scrubbed/jsomeara/lynx/borzoi-repro/OUTPUTS/basic-model-trainseed42-trackseed42-tracks30pct,human,3329,0.7422364738283597,0.7400285619343392,0.0022079118940204756,0.7421828361993912,0.7431056302654815,-0.0009227940660903045
/mmfs1/gscratch/scrubbed/jsomeara/lynx/borzoi-repro/OUTPUTS/basic-model-trainseed42-trackseed42-tracks30pct,human,3333,0.6742381967663139,0.6772581072592939,-0.0030199104929800047,0.5253533785217055,0.5234698114023264,0.0018835671193790926
/mmfs1/gscratch/scrubbed/jsomeara/lynx/borzoi-repro/OUTPUTS/basic-model-trainseed42-trackseed42-tracks30pct,human,3334,0.7715789374393811,0.7775774299368893,-0.005998492497508168,0.06778155248470055,0.06719237623633764,0.0005891762483629104
/mmfs1/gscratch/scrubbed/jsomeara/lynx/borzoi-repro/OUTPUTS/basic-model-trainseed42-trackseed42-tracks30pct,human,3336,0.8770667449287985,0.8756194494013438,0.0014472955274547061,0.1693305865943506,0.17107838673767545,-0.0017478001433248458
/mmfs1/gscratch/scrubbed/jsomeara/lynx/borzoi-repro/OUTPUTS/basic-model-trainseed42-trackseed42-tracks30pct,human,3339,0.5985741561329179,0.5983528461966736,0.00022130993624425166,0.5841031920693381,0.5833647495645483,0.0007384425047898269
/mmfs1/gscratch/scrubbed/jsomeara/lynx/borzoi-repro/OUTPUTS/basic-model-trainseed42-trackseed42-tracks30pct,human,3343,0.5677563024754032,0.5685901883140364,-0.0008338858386331971,0.7382237332507334,0.7379799466427527,0.00024378660798074492
/mmfs1/gscratch/scrubbed/jsomeara/lynx/borzoi-repro/OUTPUTS/basic-model-trainseed42-trackseed42-tracks30pct,human,3345,0.6974965070237824,0.6967665694942031,0.0007299375295792832,0.5377624352818519,0.5380899665489888,-0.0003275312671369157
/mmfs1/gscratch/scrubbed/jsomeara/lynx/borzoi-repro/OUTPUTS/basic-model-trainseed42-trackseed42-tracks30pct,human,3350,0.5928891801121888,0.5920425037468203,0.0008466763653685039,0.8614326567161875,0.8620921940544536,-0.0006595373382660696
/mmfs1/gscratch/scrubbed/jsomeara/lynx/borzoi-repro/OUTPUTS/basic-model-trainseed42-trackseed42-tracks30pct,human,3353,0.42503330579790205,0.42500227733815943,3.102845974262136e-05,0.865425412273512,0.8654476951404318,-2.2282866919853817e-05
/mmfs1/gscratch/scrubbed/jsomeara/lynx/borzoi-repro/OUTPUTS/basic-model-trainseed42-trackseed42-tracks30pct,human,3358,0.8450195302856046,0.8419780151682428,0.003041515117361837,0.3940591405400005,0.3957312081493445,-0.0016720676093439635
/mmfs1/gscratch/scrubbed/jsomeara/lynx/borzoi-repro/OUTPUTS/basic-model-trainseed42-trackseed42-tracks30pct,human,3362,0.6293297913326232,0.6361803527769914,-0.006850561444368131,0.298413077095079,0.28835713040380323,0.010055946691275797
/mmfs1/gscratch/scrubbed/jsomeara/lynx/borzoi-repro/OUTPUTS/basic-model-trainseed42-trackseed42-tracks30pct,human,3368,0.4761627275822383,0.4729019961841989,0.003260731398039396,0.8969521477155985,0.8998390718519291,-0.0028869241363306264
/mmfs1/gscratch/scrubbed/jsomeara/lynx/borzoi-repro/OUTPUTS/basic-model-trainseed42-trackseed42-tracks30pct,human,3370,0.7951129412039548,0.8002655101014651,-0.005152568897510257,0.0817724760756061,0.07494969626096905,0.006822779814637053
/mmfs1/gscratch/scrubbed/jsomeara/lynx/borzoi-repro/OUTPUTS/basic-model-trainseed42-trackseed42-tracks30pct,human,3380,0.553150558566565,0.5504222737005633,0.00272828486600174,0.7076929622348032,0.7099230111005926,-0.00223004886578948
/mmfs1/gscratch/scrubbed/jsomeara/lynx/borzoi-repro/OUTPUTS/basic-model-trainseed42-trackseed42-tracks30pct,human,3381,0.5694602889858661,0.5730662848477168,-0.0036059958618507304,0.7170961693083491,0.7162001536911576,0.0008960156171914369
/mmfs1/gscratch/scrubbed/jsomeara/lynx/borzoi-repro/OUTPUTS/basic-model-trainseed42-trackseed42-tracks30pct,human,3385,0.6993126913608665,0.7042935024551713,-0.004980811094304816,0.5000871695171695,0.4946368261977005,0.0054503433194689754
/mmfs1/gscratch/scrubbed/jsomeara/lynx/borzoi-repro/OUTPUTS/basic-model-trainseed42-trackseed42-tracks30pct,human,3386,0.5951371869214334,0.5951068726990746,3.031422235877379e-05,0.7292357949324122,0.7294428156309058,-0.000207020698493654
/mmfs1/gscratch/scrubbed/jsomeara/lynx/borzoi-repro/OUTPUTS/basic-model-trainseed42-trackseed42-tracks30pct,human,3392,0.5491205378376693,0.5085365893502553,0.04058394848741409,0.8645661527457073,0.8792805343486257,-0.014714381602918492
/mmfs1/gscratch/scrubbed/jsomeara/lynx/borzoi-repro/OUTPUTS/basic-model-trainseed42-trackseed42-tracks30pct,human,3393,0.8492848935491615,0.8494374593530067,-0.00015256580384526153,0.2365416892166918,0.2353719221026166,0.0011697671140752097
/mmfs1/gscratch/scrubbed/jsomeara/lynx/borzoi-repro/OUTPUTS/basic-model-trainseed42-trackseed42-tracks30pct,human,3394,0.7121080378214675,0.7154080484932805,-0.0033000106718130695,0.02562754492652521,0.020146943570042427,0.005480601356482782
/mmfs1/gscratch/scrubbed/jsomeara/lynx/borzoi-repro/OUTPUTS/basic-model-trainseed42-trackseed42-tracks30pct,human,3397,0.46971819368420237,0.4672944220646496,0.0024237716195527614,0.9392920859048596,0.9414546907928085,-0.002162604887948949
/mmfs1/gscratch/scrubbed/jsomeara/lynx/borzoi-repro/OUTPUTS/basic-model-trainseed42-trackseed42-tracks30pct,human,3401,0.6595028111461692,0.6603747188872722,-0.0008719077411030174,0.510726291084281,0.5105294783982968,0.00019681268598426005
/mmfs1/gscratch/scrubbed/jsomeara/lynx/borzoi-repro/OUTPUTS/basic-model-trainseed42-trackseed42-tracks30pct,human,3404,0.3751322904218404,0.37462665541003687,0.0005056350118035069,0.8336587022909946,0.8339838369270024,-0.0003251346360078067
/mmfs1/gscratch/scrubbed/jsomeara/lynx/borzoi-repro/OUTPUTS/basic-model-trainseed42-trackseed42-tracks30pct,human,3405,0.4640423196350787,0.4617704414972628,0.0022718781378158748,0.9217998322595435,0.9242471397626646,-0.0024473075031210545
/mmfs1/gscratch/scrubbed/jsomeara/lynx/borzoi-repro/OUTPUTS/basic-model-trainseed42-trackseed42-tracks30pct,human,3408,0.566942078078729,0.5671455330171034,-0.00020345493837437,0.8085608358941676,0.8084712772676591,8.955862650850133e-05
/mmfs1/gscratch/scrubbed/jsomeara/lynx/borzoi-repro/OUTPUTS/basic-model-trainseed42-trackseed42-tracks30pct,human,3416,0.537998840646314,0.5361293749339378,0.0018694657123762282,0.6968311270200895,0.6987720844422466,-0.0019409574221570525
/mmfs1/gscratch/scrubbed/jsomeara/lynx/borzoi-repro/OUTPUTS/basic-model-trainseed42-trackseed42-tracks30pct,human,3419,0.6757547036976,0.6799579050164407,-0.004203201318840666,0.6087538432911275,0.6058025373156387,0.0029513059754887605
/mmfs1/gscratch/scrubbed/jsomeara/lynx/borzoi-repro/OUTPUTS/basic-model-trainseed42-trackseed42-tracks30pct,human,3420,0.6505161494154779,0.6515321247055483,-0.00101597529007047,0.5470845518298011,0.5453652034811514,0.0017193483486497296
/mmfs1/gscratch/scrubbed/jsomeara/lynx/borzoi-repro/OUTPUTS/basic-model-trainseed42-trackseed42-tracks30pct,human,3421,0.5221646261061385,0.5152764448103904,0.006888181295748086,0.8900342155381091,0.8917744617840888,-0.001740246245979682
/mmfs1/gscratch/scrubbed/jsomeara/lynx/borzoi-repro/OUTPUTS/basic-model-trainseed42-trackseed42-tracks30pct,human,3428,0.5613743584239449,0.5661661744042827,-0.0047918159803378435,0.5011411092294936,0.4988206982502868,0.0023204109792068217
/mmfs1/gscratch/scrubbed/jsomeara/lynx/borzoi-repro/OUTPUTS/basic-model-trainseed42-trackseed42-tracks30pct,human,3431,0.4993060077008651,0.4982637042071358,0.0010423034937293019,0.6594430488671176,0.6593013148292702,0.00014173403784734084
/mmfs1/gscratch/scrubbed/jsomeara/lynx/borzoi-repro/OUTPUTS/basic-model-trainseed42-trackseed42-tracks30pct,human,3432,0.7225763795982642,0.7216517981181192,0.0009245814801449592,0.011677936122109746,0.009483263220227158,0.0021946729018825877
/mmfs1/gscratch/scrubbed/jsomeara/lynx/borzoi-repro/OUTPUTS/basic-model-trainseed42-trackseed42-tracks30pct,human,3437,0.6428204703964057,0.6419769897654883,0.000843480630917326,0.7569030844993341,0.756828753688976,7.433081035812528e-05
/mmfs1/gscratch/scrubbed/jsomeara/lynx/borzoi-repro/OUTPUTS/basic-model-trainseed42-trackseed42-tracks30pct,human,3439,0.8066507961214898,0.8083599542116929,-0.0017091580902031112,0.4764229146107034,0.47490379669651633,0.0015191179141870736
/mmfs1/gscratch/scrubbed/jsomeara/lynx/borzoi-repro/OUTPUTS/basic-model-trainseed42-trackseed42-tracks30pct,human,3440,0.8762525371736061,0.8770382627080854,-0.000785725534479309,-0.11701418261604409,-0.1181543522442242,0.0011401696281801155
/mmfs1/gscratch/scrubbed/jsomeara/lynx/borzoi-repro/OUTPUTS/basic-model-trainseed42-trackseed42-tracks30pct,human,3444,0.6812798130207365,0.6798153313197569,0.0014644817009795696,-0.10433178069341008,-0.10820156411356295,0.0038697834201528725
/mmfs1/gscratch/scrubbed/jsomeara/lynx/borzoi-repro/OUTPUTS/basic-model-trainseed42-trackseed42-tracks30pct,human,3445,0.5441681487505152,0.5486688860818063,-0.0045007373312910826,0.6866156743717019,0.6835467048253324,0.003068969546369482
/mmfs1/gscratch/scrubbed/jsomeara/lynx/borzoi-repro/OUTPUTS/basic-model-trainseed42-trackseed42-tracks30pct,human,3447,0.5154606469811034,0.513249977751662,0.0022106692294413532,0.8433585210507856,0.8442709048171771,-0.0009123837663915779
/mmfs1/gscratch/scrubbed/jsomeara/lynx/borzoi-repro/OUTPUTS/basic-model-trainseed42-trackseed42-tracks30pct,human,3449,0.5064669749114558,0.5070219006397682,-0.0005549257283123943,0.4200301462839215,0.4179289294856474,0.002101216798274075
/mmfs1/gscratch/scrubbed/jsomeara/lynx/borzoi-repro/OUTPUTS/basic-model-trainseed42-trackseed42-tracks30pct,human,3455,0.6685533058347959,0.6610207578346615,0.007532548000134365,0.7527846079170448,0.7553759439513057,-0.0025913360342608716
/mmfs1/gscratch/scrubbed/jsomeara/lynx/borzoi-repro/OUTPUTS/basic-model-trainseed42-trackseed42-tracks30pct,human,3456,0.5077025100360892,0.5068430911282932,0.0008594189077960612,0.7548786637405133,0.7549474438999486,-6.878015943534432e-05
/mmfs1/gscratch/scrubbed/jsomeara/lynx/borzoi-repro/OUTPUTS/basic-model-trainseed42-trackseed42-tracks30pct,human,3457,0.6139975410761462,0.6112583268155277,0.0027392142606185166,0.40727955724748427,0.4086693459243162,-0.0013897886768319268
/mmfs1/gscratch/scrubbed/jsomeara/lynx/borzoi-repro/OUTPUTS/basic-model-trainseed42-trackseed42-tracks30pct,human,3458,0.5183818845010061,0.5192625461387177,-0.0008806616377116105,0.8092830210096286,0.8089418022592898,0.0003412187503387676
/mmfs1/gscratch/scrubbed/jsomeara/lynx/borzoi-repro/OUTPUTS/basic-model-trainseed42-trackseed42-tracks30pct,human,3466,0.5994153862709869,0.6006179080663449,-0.0012025217953579581,0.7702605011396711,0.769979405136896,0.0002810960027751497
/mmfs1/gscratch/scrubbed/jsomeara/lynx/borzoi-repro/OUTPUTS/basic-model-trainseed42-trackseed42-tracks30pct,human,3467,0.6317306377173455,0.6320899606618515,-0.0003593229445060242,0.7884535180279222,0.7886298583861041,-0.00017634035818192562
/mmfs1/gscratch/scrubbed/jsomeara/lynx/borzoi-repro/OUTPUTS/basic-model-trainseed42-trackseed42-tracks30pct,human,3470,0.3138018450974784,0.3158443434455536,-0.002042498348075239,0.8306250509468568,0.8298752953170095,0.0007497556298472485
/mmfs1/gscratch/scrubbed/jsomeara/lynx/borzoi-repro/OUTPUTS/basic-model-trainseed42-trackseed42-tracks30pct,human,3475,0.6535066923002921,0.6526408978052305,0.0008657944950616336,0.005538678070681037,0.008557173366071622,-0.0030184952953905848
/mmfs1/gscratch/scrubbed/jsomeara/lynx/borzoi-repro/OUTPUTS/basic-model-trainseed42-trackseed42-tracks30pct,human,3476,0.4474163396525798,0.4483814826023181,-0.0009651429497382624,0.7853235452967697,0.785234354004293,8.91912924767535e-05
/mmfs1/gscratch/scrubbed/jsomeara/lynx/borzoi-repro/OUTPUTS/basic-model-trainseed42-trackseed42-tracks30pct,human,3479,0.7446250351765705,0.7438975772106601,0.0007274579659104496,0.4958448811332543,0.4962447610576833,-0.0003998799244289697
/mmfs1/gscratch/scrubbed/jsomeara/lynx/borzoi-repro/OUTPUTS/basic-model-trainseed42-trackseed42-tracks30pct,human,3480,0.4457508833883354,0.44236873824989176,0.0033821451384436485,0.9537109325324065,0.956187142438872,-0.0024762099064655763
/mmfs1/gscratch/scrubbed/jsomeara/lynx/borzoi-repro/OUTPUTS/basic-model-trainseed42-trackseed42-tracks30pct,human,3485,0.6651585646527819,0.6649028314693208,0.0002557331834610599,0.23117781268614904,0.22715697039898175,0.004020842287167287
/mmfs1/gscratch/scrubbed/jsomeara/lynx/borzoi-repro/OUTPUTS/basic-model-trainseed42-trackseed42-tracks30pct,human,3490,0.8581337252086358,0.8597596575280332,-0.0016259323193973385,-0.13597758882629565,-0.1425825582100946,0.006604969383798953
/mmfs1/gscratch/scrubbed/jsomeara/lynx/borzoi-repro/OUTPUTS/basic-model-trainseed42-trackseed42-tracks30pct,human,3491,0.3116645341028868,0.3111465738218236,0.0005179602810632122,0.8486012189183029,0.8495415105128437,-0.0009402915945407875
/mmfs1/gscratch/scrubbed/jsomeara/lynx/borzoi-repro/OUTPUTS/basic-model-trainseed42-trackseed42-tracks30pct,human,3495,0.4503180411931278,0.45043970994654803,-0.00012166875342023431,0.7687825808082075,0.7684155960760229,0.00036698473218454986
/mmfs1/gscratch/scrubbed/jsomeara/lynx/borzoi-repro/OUTPUTS/basic-model-trainseed42-trackseed42-tracks30pct,human,3498,0.5879116871107622,0.5890366686024245,-0.0011249814916622913,0.8387852971779721,0.8386333666546285,0.000151930523343613
/mmfs1/gscratch/scrubbed/jsomeara/lynx/borzoi-repro/OUTPUTS/basic-model-trainseed42-trackseed42-tracks30pct,human,3499,0.5010545941817485,0.5007327131929424,0.00032188098880603366,0.7590613726776709,0.7589944523990892,6.692027858168359e-05
/mmfs1/gscratch/scrubbed/jsomeara/lynx/borzoi-repro/OUTPUTS/basic-model-trainseed42-trackseed42-tracks30pct,human,3502,0.8094589722189853,0.8095261786108837,-6.720639189838895e-05,-0.3642405743952029,-0.3667585239140088,0.0025179495188059065
/mmfs1/gscratch/scrubbed/jsomeara/lynx/borzoi-repro/OUTPUTS/basic-model-trainseed42-trackseed42-tracks30pct,human,3503,0.6160042089271619,0.6152867633290883,0.0007174455980736294,0.8092024877017332,0.8093110929592339,-0.00010860525750067129
/mmfs1/gscratch/scrubbed/jsomeara/lynx/borzoi-repro/OUTPUTS/basic-model-trainseed42-trackseed42-tracks30pct,human,3504,0.7878685286899207,0.7861927493786446,0.0016757793112761599,0.6690169384094836,0.670029496840748,-0.0010125584312643543
/mmfs1/gscratch/scrubbed/jsomeara/lynx/borzoi-repro/OUTPUTS/basic-model-trainseed42-trackseed42-tracks30pct,human,3505,0.4900542206606252,0.48935911318933933,0.0006951074712858718,0.29888091347854745,0.30774116648135075,-0.008860253002803298
/mmfs1/gscratch/scrubbed/jsomeara/lynx/borzoi-repro/OUTPUTS/basic-model-trainseed42-trackseed42-tracks30pct,human,3511,0.4264955201829515,0.42343562924620454,0.0030598909367469673,0.920796020277143,0.9229063004107632,-0.002110280133620135
/mmfs1/gscratch/scrubbed/jsomeara/lynx/borzoi-repro/OUTPUTS/basic-model-trainseed42-trackseed42-tracks30pct,human,3517,0.36066876470591686,0.3603046448583006,0.00036411984761625105,0.7380655018130937,0.7400462538803741,-0.0019807520672804335
/mmfs1/gscratch/scrubbed/jsomeara/lynx/borzoi-repro/OUTPUTS/basic-model-trainseed42-trackseed42-tracks30pct,human,3522,0.751229789979086,0.7509329934223814,0.0002967965567045594,0.3521733368761367,0.3523980460189145,-0.0002247091427777792
/mmfs1/gscratch/scrubbed/jsomeara/lynx/borzoi-repro/OUTPUTS/basic-model-trainseed42-trackseed42-tracks30pct,human,3523,0.6770426858593479,0.677096700029175,-5.4014169827087954e-05,0.5161284870407526,0.5160074857268695,0.00012100131388315116
/mmfs1/gscratch/scrubbed/jsomeara/lynx/borzoi-repro/OUTPUTS/basic-model-trainseed42-trackseed42-tracks30pct,human,3528,0.4675204767928957,0.46617099151369856,0.001349485279197149,0.8474709354191616,0.8479103583591617,-0.0004394229400001004
/mmfs1/gscratch/scrubbed/jsomeara/lynx/borzoi-repro/OUTPUTS/basic-model-trainseed42-trackseed42-tracks30pct,human,3531,0.5582550087994073,0.556459086736207,0.0017959220632002282,0.7002297140318463,0.7022539454180252,-0.0020242313861789096
/mmfs1/gscratch/scrubbed/jsomeara/lynx/borzoi-repro/OUTPUTS/basic-model-trainseed42-trackseed42-tracks30pct,human,3534,0.5075829921336441,0.5079415746673758,-0.00035858253373166615,0.7319630371487866,0.7315821338071098,0.0003809033416768415
/mmfs1/gscratch/scrubbed/jsomeara/lynx/borzoi-repro/OUTPUTS/basic-model-trainseed42-trackseed42-tracks30pct,human,3535,0.5216328021254008,0.5246800702305943,-0.0030472681051935124,0.8426759542855834,0.8422355265484799,0.00044042773710351035
/mmfs1/gscratch/scrubbed/jsomeara/lynx/borzoi-repro/OUTPUTS/basic-model-trainseed42-trackseed42-tracks30pct,human,3536,0.5420410598116026,0.5460636286122471,-0.004022568800644555,0.3839219878255924,0.38007426834715324,0.003847719478439149
/mmfs1/gscratch/scrubbed/jsomeara/lynx/borzoi-repro/OUTPUTS/basic-model-trainseed42-trackseed42-tracks30pct,human,3538,0.28621389064694963,0.28635341223607846,-0.0001395215891288326,0.8435017096228189,0.8433922844777583,0.0001094251450606265
/mmfs1/gscratch/scrubbed/jsomeara/lynx/borzoi-repro/OUTPUTS/basic-model-trainseed42-trackseed42-tracks30pct,human,3539,0.7495816695139398,0.7498429623807992,-0.00026129286685938613,-0.4022106214153088,-0.4056683172801579,0.0034576958648491196
/mmfs1/gscratch/scrubbed/jsomeara/lynx/borzoi-repro/OUTPUTS/basic-model-trainseed42-trackseed42-tracks30pct,human,3541,0.519650800339158,0.5185759667582381,0.001074833580919865,0.8352874657250515,0.8364461497916168,-0.0011586840665652742
/mmfs1/gscratch/scrubbed/jsomeara/lynx/borzoi-repro/OUTPUTS/basic-model-trainseed42-trackseed42-tracks30pct,human,3544,0.4882228040305613,0.4961838102908541,-0.007961006260292836,0.2557310683584879,0.24999327473515437,0.0057377936233335425
/mmfs1/gscratch/scrubbed/jsomeara/lynx/borzoi-repro/OUTPUTS/basic-model-trainseed42-trackseed42-tracks30pct,human,3546,0.4262561119032865,0.42716069903949716,-0.0009045871362106661,0.8788799832901343,0.8790169798773362,-0.00013699658720189856
/mmfs1/gscratch/scrubbed/jsomeara/lynx/borzoi-repro/OUTPUTS/basic-model-trainseed42-trackseed42-tracks30pct,human,3547,0.7195652749941084,0.7194015177907758,0.00016375720333261512,0.15229720248388884,0.15013841174036632,0.002158790743522515
/mmfs1/gscratch/scrubbed/jsomeara/lynx/borzoi-repro/OUTPUTS/basic-model-trainseed42-trackseed42-tracks30pct,human,3553,0.4819288888341899,0.4807959772622943,0.0011329115718956007,0.7659258176689717,0.7655495619845286,0.0003762556844431053
/mmfs1/gscratch/scrubbed/jsomeara/lynx/borzoi-repro/OUTPUTS/basic-model-trainseed42-trackseed42-tracks30pct,human,3559,0.6297435477681989,0.630419176054065,-0.0006756282858660922,0.6885351298127973,0.6887028541976346,-0.00016772438483725338
/mmfs1/gscratch/scrubbed/jsomeara/lynx/borzoi-repro/OUTPUTS/basic-model-trainseed42-trackseed42-tracks30pct,human,3567,0.40384390205977816,0.4058213737730779,-0.001977471713299761,0.8151101554958209,0.8137909499504051,0.001319205545415758
/mmfs1/gscratch/scrubbed/jsomeara/lynx/borzoi-repro/OUTPUTS/basic-model-trainseed42-trackseed42-tracks30pct,human,3570,0.644555379410849,0.6464545860663248,-0.001899206655475827,0.7825654193407439,0.781401828668374,0.0011635906723698186
/mmfs1/gscratch/scrubbed/jsomeara/lynx/borzoi-repro/OUTPUTS/basic-model-trainseed42-trackseed42-tracks30pct,human,3571,0.5481845795989708,0.5335374431812474,0.014647136417723416,0.7999612178950485,0.8025377890683232,-0.0025765711732747
/mmfs1/gscratch/scrubbed/jsomeara/lynx/borzoi-repro/OUTPUTS/basic-model-trainseed42-trackseed42-tracks30pct,human,3574,0.7197031777320447,0.7294837988556255,-0.009780621123580802,0.05393897352209467,0.03578036513112513,0.018158608390969534
/mmfs1/gscratch/scrubbed/jsomeara/lynx/borzoi-repro/OUTPUTS/basic-model-trainseed42-trackseed42-tracks30pct,human,3583,0.5884032183546337,0.5882346898636626,0.00016852849097115374,0.8247791895544657,0.8250802576755223,-0.0003010681210565691
/mmfs1/gscratch/scrubbed/jsomeara/lynx/borzoi-repro/OUTPUTS/basic-model-trainseed42-trackseed42-tracks30pct,human,3586,0.6545023147774683,0.6582952581857621,-0.0037929434082937252,0.5354761005421137,0.5312882019023835,0.0041878986397302365
/mmfs1/gscratch/scrubbed/jsomeara/lynx/borzoi-repro/OUTPUTS/basic-model-trainseed42-trackseed42-tracks30pct,human,3587,0.8402711709095921,0.8406932149700905,-0.0004220440604983944,0.1423771753242719,0.14073677220412742,0.0016404031201444902
/mmfs1/gscratch/scrubbed/jsomeara/lynx/borzoi-repro/OUTPUTS/basic-model-trainseed42-trackseed42-tracks30pct,human,3589,0.664506767888597,0.6661214469590436,-0.0016146790704466563,0.6774569989572613,0.6768422335440262,0.0006147654132351299
/mmfs1/gscratch/scrubbed/jsomeara/lynx/borzoi-repro/OUTPUTS/basic-model-trainseed42-trackseed42-tracks30pct,human,3590,0.7465646609821333,0.7424057496465872,0.004158911335546023,0.5829156355317388,0.5839866299623337,-0.0010709944305949959
/mmfs1/gscratch/scrubbed/jsomeara/lynx/borzoi-repro/OUTPUTS/basic-model-trainseed42-trackseed42-tracks30pct,human,3594,0.7873853128541742,0.7920601752171703,-0.0046748623629960795,0.6471540970562497,0.6471014331383718,5.266391787794866e-05
/mmfs1/gscratch/scrubbed/jsomeara/lynx/borzoi-repro/OUTPUTS/basic-model-trainseed42-trackseed42-tracks30pct,human,3596,0.4841082975657933,0.4848287905968358,-0.0007204930310424906,0.7648479230593184,0.764210392622735,0.0006375304365833223
/mmfs1/gscratch/scrubbed/jsomeara/lynx/borzoi-repro/OUTPUTS/basic-model-trainseed42-trackseed42-tracks30pct,human,3597,0.5003507288851282,0.49896123190409963,0.0013894969810285818,0.7761197012787112,0.7776986915964792,-0.001578990317767981
/mmfs1/gscratch/scrubbed/jsomeara/lynx/borzoi-repro/OUTPUTS/basic-model-trainseed42-trackseed42-tracks30pct,human,3598,0.603493543930984,0.5828056445554488,0.020687899375535168,0.7686564428273135,0.7698701843456518,-0.0012137415183383071
/mmfs1/gscratch/scrubbed/jsomeara/lynx/borzoi-repro/OUTPUTS/basic-model-trainseed42-trackseed42-tracks30pct,human,3603,0.8231255782153515,0.8290861320323055,-0.0059605538169540395,-0.917818694421209,-0.9346003004289717,0.016781606007762684
/mmfs1/gscratch/scrubbed/jsomeara/lynx/borzoi-repro/OUTPUTS/basic-model-trainseed42-trackseed42-tracks30pct,human,3604,0.669560705636535,0.6680576903798925,0.001503015256642537,0.8168469341322021,0.8159805164293892,0.0008664177028129272
/mmfs1/gscratch/scrubbed/jsomeara/lynx/borzoi-repro/OUTPUTS/basic-model-trainseed42-trackseed42-tracks30pct,human,3605,0.7647768578889476,0.7642591840540054,0.0005176738349421672,0.6188447194627799,0.6194204413443277,-0.0005757218815478637
/mmfs1/gscratch/scrubbed/jsomeara/lynx/borzoi-repro/OUTPUTS/basic-model-trainseed42-trackseed42-tracks30pct,human,3615,0.6784238115270741,0.6806132968123262,-0.0021894852852520907,0.1596640030438669,0.15306725973074325,0.006596743313123654
/mmfs1/gscratch/scrubbed/jsomeara/lynx/borzoi-repro/OUTPUTS/basic-model-trainseed42-trackseed42-tracks30pct,human,3621,0.5955679869027931,0.5941124654777294,0.001455521425063666,0.8840319673482113,0.8861984243559272,-0.002166457007715894
/mmfs1/gscratch/scrubbed/jsomeara/lynx/borzoi-repro/OUTPUTS/basic-model-trainseed42-trackseed42-tracks30pct,human,3622,0.6704403887554297,0.6695509694484105,0.0008894193070191347,0.5119857843919962,0.511654834103497,0.0003309502884991655
/mmfs1/gscratch/scrubbed/jsomeara/lynx/borzoi-repro/OUTPUTS/basic-model-trainseed42-trackseed42-tracks30pct,human,3623,0.6869093775829143,0.6852207296532455,0.0016886479296687185,0.769418945971915,0.7692341315436461,0.00018481442826889793
/mmfs1/gscratch/scrubbed/jsomeara/lynx/borzoi-repro/OUTPUTS/basic-model-trainseed42-trackseed42-tracks30pct,human,3625,0.6781632596311749,0.6791098868164492,-0.0009466271852743846,0.768681432535452,0.7686553558197445,2.607671570742376e-05
/mmfs1/gscratch/scrubbed/jsomeara/lynx/borzoi-repro/OUTPUTS/basic-model-trainseed42-trackseed42-tracks30pct,human,3627,0.4623240194752336,0.46315140914002473,-0.0008273896647911227,0.8702657031954482,0.8706075872672233,-0.0003418840717751559
/mmfs1/gscratch/scrubbed/jsomeara/lynx/borzoi-repro/OUTPUTS/basic-model-trainseed42-trackseed42-tracks30pct,human,3631,0.5454741764165882,0.5461577214774904,-0.0006835450609021798,0.8332702860540994,0.8332022627570478,6.802329705157817e-05
/mmfs1/gscratch/scrubbed/jsomeara/lynx/borzoi-repro/OUTPUTS/basic-model-trainseed42-trackseed42-tracks30pct,human,3632,0.5856827476138524,0.5882229859290417,-0.002540238315189236,0.7923267374004214,0.7925559390158933,-0.00022920161547190787
/mmfs1/gscratch/scrubbed/jsomeara/lynx/borzoi-repro/OUTPUTS/basic-model-trainseed42-trackseed42-tracks30pct,human,3640,0.4372632888703729,0.43843609619914226,-0.001172807328769343,0.868148989273577,0.8682987433757826,-0.0001497541022056348
/mmfs1/gscratch/scrubbed/jsomeara/lynx/borzoi-repro/OUTPUTS/basic-model-trainseed42-trackseed42-tracks30pct,human,3641,0.6247861485017382,0.621522816939441,0.0032633315622971892,0.8327476471919408,0.8340647593544023,-0.0013171121624614424
/mmfs1/gscratch/scrubbed/jsomeara/lynx/borzoi-repro/OUTPUTS/basic-model-trainseed42-trackseed42-tracks30pct,human,3642,0.4826049212231564,0.48102571537016076,0.0015792058529956465,0.7848425160766618,0.7851072890943049,-0.00026477301764316064
/mmfs1/gscratch/scrubbed/jsomeara/lynx/borzoi-repro/OUTPUTS/basic-model-trainseed42-trackseed42-tracks30pct,human,3644,0.37812523652207775,0.3797802917594464,-0.0016550552373686411,0.7675827008565136,0.7664338170913437,0.0011488837651698613
/mmfs1/gscratch/scrubbed/jsomeara/lynx/borzoi-repro/OUTPUTS/basic-model-trainseed42-trackseed42-tracks30pct,human,3646,0.363548349716186,0.3553284781238077,0.008219871592378303,0.9005666791976528,0.9042801457353804,-0.003713466537727639
/mmfs1/gscratch/scrubbed/jsomeara/lynx/borzoi-repro/OUTPUTS/basic-model-trainseed42-trackseed42-tracks30pct,human,3652,0.6033406596880928,0.6055498794825213,-0.002209219794428452,0.7439937197871035,0.7428675113305259,0.0011262084565776265
/mmfs1/gscratch/scrubbed/jsomeara/lynx/borzoi-repro/OUTPUTS/basic-model-trainseed42-trackseed42-tracks30pct,human,3653,0.8285392211473531,0.8287350614863331,-0.0001958403389800134,-0.2043801825785699,-0.2061264670421432,0.0017462844635733055
/mmfs1/gscratch/scrubbed/jsomeara/lynx/borzoi-repro/OUTPUTS/basic-model-trainseed42-trackseed42-tracks30pct,human,3659,0.6138250475159327,0.6051990451465588,0.008626002369373942,0.7802212258391995,0.7849186541868903,-0.004697428347690824
/mmfs1/gscratch/scrubbed/jsomeara/lynx/borzoi-repro/OUTPUTS/basic-model-trainseed42-trackseed42-tracks30pct,human,3660,0.8913708769250979,0.8906177519444609,0.0007531249806369544,-0.7738377297327838,-0.7733531316208836,-0.00048459811190015856
/mmfs1/gscratch/scrubbed/jsomeara/lynx/borzoi-repro/OUTPUTS/basic-model-trainseed42-trackseed42-tracks30pct,human,3667,0.8631234989198139,0.8633934902543071,-0.00026999133449323587,0.0539556094340036,0.05192165934678877,0.0020339500872148253
/mmfs1/gscratch/scrubbed/jsomeara/lynx/borzoi-repro/OUTPUTS/basic-model-trainseed42-trackseed42-tracks30pct,human,3669,0.7286681798608526,0.7376913173737524,-0.009023137512899737,0.14086428880343047,0.12800075641310035,0.012863532390330112
/mmfs1/gscratch/scrubbed/jsomeara/lynx/borzoi-repro/OUTPUTS/basic-model-trainseed42-trackseed42-tracks30pct,human,3674,0.558536406714968,0.5557182415276354,0.0028181651873325775,-0.0945517538039277,-0.08206520588725578,-0.01248654791667192
/mmfs1/gscratch/scrubbed/jsomeara/lynx/borzoi-repro/OUTPUTS/basic-model-trainseed42-trackseed42-tracks30pct,human,3677,0.5280901760684868,0.5290556658496426,-0.0009654897811557372,0.4035916319292921,0.4025923286604255,0.0009993032688666026
/mmfs1/gscratch/scrubbed/jsomeara/lynx/borzoi-repro/OUTPUTS/basic-model-trainseed42-trackseed42-tracks30pct,human,3681,0.4607028865414855,0.46067257319907795,3.0313342407550792e-05,0.7347566346615457,0.735658486371252,-0.0009018517097062473
/mmfs1/gscratch/scrubbed/jsomeara/lynx/borzoi-repro/OUTPUTS/basic-model-trainseed42-trackseed42-tracks30pct,human,3682,0.4447818801826618,0.44451037265101406,0.00027150753164773,0.883843272737987,0.8847445315788192,-0.000901258840832142
/mmfs1/gscratch/scrubbed/jsomeara/lynx/borzoi-repro/OUTPUTS/basic-model-trainseed42-trackseed42-tracks30pct,human,3683,0.5807448298424718,0.5844171431903723,-0.0036723133479005243,0.6140699757987053,0.6099846125228177,0.004085363275887599
/mmfs1/gscratch/scrubbed/jsomeara/lynx/borzoi-repro/OUTPUTS/basic-model-trainseed42-trackseed42-tracks30pct,human,3684,0.48836545720891494,0.4901445120207039,-0.0017790548117889715,0.7927785311203116,0.7923948056301131,0.00038372549019849433
/mmfs1/gscratch/scrubbed/jsomeara/lynx/borzoi-repro/OUTPUTS/basic-model-trainseed42-trackseed42-tracks30pct,human,3691,0.5540055250800516,0.5568661700798399,-0.00286064499978822,0.6838150644030827,0.6814370227246981,0.0023780416783846237
/mmfs1/gscratch/scrubbed/jsomeara/lynx/borzoi-repro/OUTPUTS/basic-model-trainseed42-trackseed42-tracks30pct,human,3692,0.6425787751547738,0.6446777085030649,-0.002098933348291143,0.23356647997290642,0.22899667927164077,0.004569800701265642
/mmfs1/gscratch/scrubbed/jsomeara/lynx/borzoi-repro/OUTPUTS/basic-model-trainseed42-trackseed42-tracks30pct,human,3693,0.6241345654753209,0.6280596955974715,-0.003925130122150677,0.48425566728084984,0.48108456580135045,0.003171101479499394
/mmfs1/gscratch/scrubbed/jsomeara/lynx/borzoi-repro/OUTPUTS/basic-model-trainseed42-trackseed42-tracks30pct,human,3695,0.44634863567071303,0.5151163791202518,-0.06876774344953873,0.8989104484258756,0.89318749773744,0.005722950688435646
/mmfs1/gscratch/scrubbed/jsomeara/lynx/borzoi-repro/OUTPUTS/basic-model-trainseed42-trackseed42-tracks30pct,human,3697,0.5155229719708291,0.5123967784845783,0.003126193486250761,0.42451679148285876,0.43039300561254407,-0.005876214129685309
/mmfs1/gscratch/scrubbed/jsomeara/lynx/borzoi-repro/OUTPUTS/basic-model-trainseed42-trackseed42-tracks30pct,human,3698,0.6911517721093718,0.7000973332691556,-0.008945561159783733,-0.31606560104810766,-0.32409337691376233,0.008027775865654674
/mmfs1/gscratch/scrubbed/jsomeara/lynx/borzoi-repro/OUTPUTS/basic-model-trainseed42-trackseed42-tracks30pct,human,3699,0.6793955336958707,0.6845711034652302,-0.0051755697693595115,0.5157887326694002,0.5070471528914637,0.008741579777936437
/mmfs1/gscratch/scrubbed/jsomeara/lynx/borzoi-repro/OUTPUTS/basic-model-trainseed42-trackseed42-tracks30pct,human,3705,0.4262312422751364,0.4243577733875737,0.0018734688875627348,0.9300335555017614,0.93146261409831,-0.0014290585965486269
/mmfs1/gscratch/scrubbed/jsomeara/lynx/borzoi-repro/OUTPUTS/basic-model-trainseed42-trackseed42-tracks30pct,human,3706,0.4171919536684763,0.41633954574293475,0.0008524079255415318,0.8214315790863387,0.8216142861313597,-0.0001827070450209911
/mmfs1/gscratch/scrubbed/jsomeara/lynx/borzoi-repro/OUTPUTS/basic-model-trainseed42-trackseed42-tracks30pct,human,3708,0.6022636882379839,0.6024711472540782,-0.0002074590160943135,0.6006834336020126,0.6003707587335047,0.000312674868507945
/mmfs1/gscratch/scrubbed/jsomeara/lynx/borzoi-repro/OUTPUTS/basic-model-trainseed42-trackseed42-tracks30pct,human,3710,0.44175501867080336,0.44353188397844806,-0.0017768653076447039,0.8754090099608048,0.8754061258663229,2.8840944819030767e-06
/mmfs1/gscratch/scrubbed/jsomeara/lynx/borzoi-repro/OUTPUTS/basic-model-trainseed42-trackseed42-tracks30pct,human,3711,0.5492847971885623,0.5472332985823363,0.0020514986062259988,0.632870213904166,0.6334000491603209,-0.0005298352561549091
/mmfs1/gscratch/scrubbed/jsomeara/lynx/borzoi-repro/OUTPUTS/basic-model-trainseed42-trackseed42-tracks30pct,human,3713,0.754436860624281,0.7590637988095272,-0.004626938185246288,-0.014500411244866855,-0.023452975570105738,0.008952564325238882
/mmfs1/gscratch/scrubbed/jsomeara/lynx/borzoi-repro/OUTPUTS/basic-model-trainseed42-trackseed42-tracks30pct,human,3714,0.648529668746804,0.6476829195257554,0.0008467492210485483,0.5258091975221918,0.5251549268467373,0.000654270675454538
/mmfs1/gscratch/scrubbed/jsomeara/lynx/borzoi-repro/OUTPUTS/basic-model-trainseed42-trackseed42-tracks30pct,human,3727,0.697181206646768,0.7025547990554982,-0.0053735924087302545,0.6138897339001277,0.6109201496679317,0.0029695842321959542
/mmfs1/gscratch/scrubbed/jsomeara/lynx/borzoi-repro/OUTPUTS/basic-model-trainseed42-trackseed42-tracks30pct,human,3732,0.4188808301907377,0.41841658302138685,0.00046424716935083987,0.9255592678048198,0.9266716528861136,-0.001112385081293854
/mmfs1/gscratch/scrubbed/jsomeara/lynx/borzoi-repro/OUTPUTS/basic-model-trainseed42-trackseed42-tracks30pct,human,3741,0.5995624113659868,0.5999879190222379,-0.00042550765625115616,0.725590686830204,0.7249459496693016,0.0006447371609024088
/mmfs1/gscratch/scrubbed/jsomeara/lynx/borzoi-repro/OUTPUTS/basic-model-trainseed42-trackseed42-tracks30pct,human,3744,0.4258714362675233,0.42842771919593015,-0.002556282928406872,0.3072697387822314,0.3073691309431744,-9.939216094301262e-05
/mmfs1/gscratch/scrubbed/jsomeara/lynx/borzoi-repro/OUTPUTS/basic-model-trainseed42-trackseed42-tracks30pct,human,3749,0.7719372572057348,0.7799544738520507,-0.008017216646315939,0.34175583778867663,0.3334158551916229,0.008339982597053708
/mmfs1/gscratch/scrubbed/jsomeara/lynx/borzoi-repro/OUTPUTS/basic-model-trainseed42-trackseed42-tracks30pct,human,3754,0.745476870493264,0.7457720412028221,-0.0002951707095580902,0.14218082344063637,0.14095916982203927,0.0012216536185971072
/mmfs1/gscratch/scrubbed/jsomeara/lynx/borzoi-repro/OUTPUTS/basic-model-trainseed42-trackseed42-tracks30pct,human,3757,0.4973861127662127,0.49924517439389066,-0.0018590616276779603,0.7466031938758122,0.7451487437839083,0.001454450091903925
/mmfs1/gscratch/scrubbed/jsomeara/lynx/borzoi-repro/OUTPUTS/basic-model-trainseed42-trackseed42-tracks30pct,human,3759,0.5754716159979629,0.581216677031021,-0.005745061033058052,0.6425234508315714,0.6395027602364756,0.0030206905950957985
/mmfs1/gscratch/scrubbed/jsomeara/lynx/borzoi-repro/OUTPUTS/basic-model-trainseed42-trackseed42-tracks30pct,human,3762,0.44670700358418614,0.44692636738724095,-0.00021936380305481729,0.8737390575183669,0.8740333611342802,-0.0002943036159133161
/mmfs1/gscratch/scrubbed/jsomeara/lynx/borzoi-repro/OUTPUTS/basic-model-trainseed42-trackseed42-tracks30pct,human,3765,0.42657503181964973,0.4261394965648403,0.0004355352548094382,0.8635438040713044,0.8637919127496461,-0.00024810867834168526
/mmfs1/gscratch/scrubbed/jsomeara/lynx/borzoi-repro/OUTPUTS/basic-model-trainseed42-trackseed42-tracks30pct,human,3766,0.4634756774302239,0.46950887035175565,-0.00603319292153176,0.6677719201342283,0.666492516447319,0.001279403686909264
/mmfs1/gscratch/scrubbed/jsomeara/lynx/borzoi-repro/OUTPUTS/basic-model-trainseed42-trackseed42-tracks30pct,human,3774,0.4097669367607553,0.4084705817141735,0.0012963550465818208,0.8737869026360373,0.8745912655448942,-0.0008043629088568816
/mmfs1/gscratch/scrubbed/jsomeara/lynx/borzoi-repro/OUTPUTS/basic-model-trainseed42-trackseed42-tracks30pct,human,3777,0.477241419861077,0.4792863405898512,-0.0020449207287742133,0.8401392274194103,0.8403761370149395,-0.0002369095955292444
/mmfs1/gscratch/scrubbed/jsomeara/lynx/borzoi-repro/OUTPUTS/basic-model-trainseed42-trackseed42-tracks30pct,human,3790,0.5193457198935811,0.5230240483897628,-0.00367832849618166,0.7552289333035145,0.7545043605293853,0.0007245727741291841
/mmfs1/gscratch/scrubbed/jsomeara/lynx/borzoi-repro/OUTPUTS/basic-model-trainseed42-trackseed42-tracks30pct,human,3795,0.41769290656719144,0.41488420313884483,0.002808703428346604,0.9084635577307275,0.9092127703225708,-0.0007492125918432402
/mmfs1/gscratch/scrubbed/jsomeara/lynx/borzoi-repro/OUTPUTS/basic-model-trainseed42-trackseed42-tracks30pct,human,3796,0.6320535209926493,0.6316205023146052,0.0004330186780441281,0.6707191804793574,0.6719535226452162,-0.001234342165858826
/mmfs1/gscratch/scrubbed/jsomeara/lynx/borzoi-repro/OUTPUTS/basic-model-trainseed42-trackseed42-tracks30pct,human,3798,0.5533142214046579,0.5507918284985537,0.0025223929061042316,0.7502552288676295,0.7515396995773717,-0.001284470709742136
/mmfs1/gscratch/scrubbed/jsomeara/lynx/borzoi-repro/OUTPUTS/basic-model-trainseed42-trackseed42-tracks30pct,human,3807,0.45909376372197097,0.4611267072113841,-0.0020329434894131304,0.8654898240180431,0.8652960973649008,0.00019372665314232318
/mmfs1/gscratch/scrubbed/jsomeara/lynx/borzoi-repro/OUTPUTS/basic-model-trainseed42-trackseed42-tracks30pct,human,3810,0.5728718851326872,0.5737177162617761,-0.0008458311290889808,0.6288172625687093,0.6300375710620418,-0.0012203084933325448
/mmfs1/gscratch/scrubbed/jsomeara/lynx/borzoi-repro/OUTPUTS/basic-model-trainseed42-trackseed42-tracks30pct,human,3815,0.4052382590267808,0.4068682408902562,-0.0016299818634754049,0.6957208550361249,0.6960988782990364,-0.0003780232629114755
/mmfs1/gscratch/scrubbed/jsomeara/lynx/borzoi-repro/OUTPUTS/basic-model-trainseed42-trackseed42-tracks30pct,human,3818,0.7409030052504653,0.741202468209117,-0.00029946295865168615,0.40065516894952075,0.39955350948286833,0.001101659466652416
/mmfs1/gscratch/scrubbed/jsomeara/lynx/borzoi-repro/OUTPUTS/basic-model-trainseed42-trackseed42-tracks30pct,human,3819,0.5131423758922682,0.5129884877763636,0.00015388811590455465,0.7860579426632097,0.7860155110584163,4.2431604793446986e-05
/mmfs1/gscratch/scrubbed/jsomeara/lynx/borzoi-repro/OUTPUTS/basic-model-trainseed42-trackseed42-tracks30pct,human,3821,0.4099201912665467,0.4114005674878035,-0.0014803762212567961,0.8724558779203786,0.8723578534281997,9.80244921788831e-05
/mmfs1/gscratch/scrubbed/jsomeara/lynx/borzoi-repro/OUTPUTS/basic-model-trainseed42-trackseed42-tracks30pct,human,3823,0.46691465650039105,0.4665414450205844,0.0003732114798066233,0.8543507494799868,0.8547347265960841,-0.00038397711609727825
/mmfs1/gscratch/scrubbed/jsomeara/lynx/borzoi-repro/OUTPUTS/basic-model-trainseed42-trackseed42-tracks30pct,human,3827,0.5912620919579868,0.5891918550984898,0.002070236859497032,0.6195073787858073,0.6222099804763562,-0.0027026016905489225
/mmfs1/gscratch/scrubbed/jsomeara/lynx/borzoi-repro/OUTPUTS/basic-model-trainseed42-trackseed42-tracks30pct,human,3828,0.7059442785665703,0.7046866149854067,0.0012576635811635262,0.6872214744726858,0.6876781660468552,-0.00045669157416938777
/mmfs1/gscratch/scrubbed/jsomeara/lynx/borzoi-repro/OUTPUTS/basic-model-trainseed42-trackseed42-tracks30pct,human,3832,0.44249061702659614,0.4405907494106512,0.0018998676159449612,0.8590132310014688,0.8598205642423024,-0.0008073332408335965
/mmfs1/gscratch/scrubbed/jsomeara/lynx/borzoi-repro/OUTPUTS/basic-model-trainseed42-trackseed42-tracks30pct,human,3833,0.46378303075792066,0.4628688682402146,0.0009141625177060408,0.7905324137776746,0.7907594901846494,-0.00022707640697483544
/mmfs1/gscratch/scrubbed/jsomeara/lynx/borzoi-repro/OUTPUTS/basic-model-trainseed42-trackseed42-tracks30pct,human,3835,0.5743566478167289,0.5740939991871906,0.0002626486295382868,0.7683690527917908,0.7700776976768172,-0.0017086448850264224
/mmfs1/gscratch/scrubbed/jsomeara/lynx/borzoi-repro/OUTPUTS/basic-model-trainseed42-trackseed42-tracks30pct,human,3838,0.7873079154325069,0.7851615017218583,0.002146413710648609,0.5745040435884664,0.5748585294061178,-0.0003544858176514065
/mmfs1/gscratch/scrubbed/jsomeara/lynx/borzoi-repro/OUTPUTS/basic-model-trainseed42-trackseed42-tracks30pct,human,3841,0.5503045524066197,0.5656388362039514,-0.015334283797331705,0.3280213434571604,0.31135401357629156,0.01666732988086883
/mmfs1/gscratch/scrubbed/jsomeara/lynx/borzoi-repro/OUTPUTS/basic-model-trainseed42-trackseed42-tracks30pct,human,3844,0.6278937210436364,0.6280145411981196,-0.00012082015448322547,0.380401669474873,0.37943612427644546,0.0009655451984275643
/mmfs1/gscratch/scrubbed/jsomeara/lynx/borzoi-repro/OUTPUTS/basic-model-trainseed42-trackseed42-tracks30pct,human,3855,0.6485251111996502,0.6501452963675253,-0.001620185167875099,0.036739489952351594,0.03142891957509556,0.0053105703772560325
/mmfs1/gscratch/scrubbed/jsomeara/lynx/borzoi-repro/OUTPUTS/basic-model-trainseed42-trackseed42-tracks30pct,human,3857,0.4076564914615666,0.40626126487389347,0.001395226587673104,0.8710946846233278,0.8718983228076046,-0.0008036381842767559
/mmfs1/gscratch/scrubbed/jsomeara/lynx/borzoi-repro/OUTPUTS/basic-model-trainseed42-trackseed42-tracks30pct,human,3859,0.8657950088174075,0.8668614131477043,-0.0010664043302968107,-0.13418019554533755,-0.13552215455462685,0.0013419590092892952
/mmfs1/gscratch/scrubbed/jsomeara/lynx/borzoi-repro/OUTPUTS/basic-model-trainseed42-trackseed42-tracks30pct,human,3863,0.45581341672217396,0.4570577158267855,-0.001244299104611546,0.8938518556280723,0.8935175554752783,0.00033430015279400926
/mmfs1/gscratch/scrubbed/jsomeara/lynx/borzoi-repro/OUTPUTS/basic-model-trainseed42-trackseed42-tracks30pct,human,3864,0.8942544343348716,0.8946921335764723,-0.000437699241600642,-1.2592909975905235,-1.261304542286522,0.0020135446959983483
/mmfs1/gscratch/scrubbed/jsomeara/lynx/borzoi-repro/OUTPUTS/basic-model-trainseed42-trackseed42-tracks30pct,human,3865,0.6534613547285931,0.6523532669706047,0.0011080877579884296,0.8005359147368472,0.8005542321553958,-1.8317418548630116e-05
/mmfs1/gscratch/scrubbed/jsomeara/lynx/borzoi-repro/OUTPUTS/basic-model-trainseed42-trackseed42-tracks30pct,human,3866,0.5596202011614344,0.5585113021413439,0.0011088990200904814,0.8160047410789124,0.8167387868583508,-0.0007340457794383637
/mmfs1/gscratch/scrubbed/jsomeara/lynx/borzoi-repro/OUTPUTS/basic-model-trainseed42-trackseed42-tracks30pct,human,3867,0.6692680593692845,0.6736920564548853,-0.004423997085600817,0.5006494449499745,0.49478175511932837,0.005867689830646172
/mmfs1/gscratch/scrubbed/jsomeara/lynx/borzoi-repro/OUTPUTS/basic-model-trainseed42-trackseed42-tracks30pct,human,3878,0.858336735702907,0.8592270448163121,-0.0008903091134050412,-0.12744291465926358,-0.12952868612290935,0.0020857714636457747
/mmfs1/gscratch/scrubbed/jsomeara/lynx/borzoi-repro/OUTPUTS/basic-model-trainseed42-trackseed42-tracks30pct,human,3882,0.6777491640883384,0.6850129137587055,-0.007263749670367137,0.4079580712738469,0.4014498721223466,0.006508199151500305
/mmfs1/gscratch/scrubbed/jsomeara/lynx/borzoi-repro/OUTPUTS/basic-model-trainseed42-trackseed42-tracks30pct,human,3883,0.5787184639921352,0.577372116889764,0.001346347102371248,0.7333190400416975,0.7349454817669718,-0.0016264417252743746
/mmfs1/gscratch/scrubbed/jsomeara/lynx/borzoi-repro/OUTPUTS/basic-model-trainseed42-trackseed42-tracks30pct,human,3886,0.7193654086302865,0.720156661493361,-0.0007912528630744653,0.6193446335011696,0.6180582860419649,0.0012863474592047508
/mmfs1/gscratch/scrubbed/jsomeara/lynx/borzoi-repro/OUTPUTS/basic-model-trainseed42-trackseed42-tracks30pct,human,3887,0.5069799365014273,0.505071022295586,0.0019089142058412722,0.8905691890154445,0.8915340960318713,-0.0009649070164268192
/mmfs1/gscratch/scrubbed/jsomeara/lynx/borzoi-repro/OUTPUTS/basic-model-trainseed42-trackseed42-tracks30pct,human,3890,0.49523545631474225,0.4950333291357201,0.00020212717902212685,0.9021293874364711,0.9032589797030185,-0.0011295922665474079
/mmfs1/gscratch/scrubbed/jsomeara/lynx/borzoi-repro/OUTPUTS/basic-model-trainseed42-trackseed42-tracks30pct,human,3894,0.43418190645992233,0.4368855954991786,-0.002703689039256274,0.8919599752602949,0.8930679571456309,-0.0011079818853360068
/mmfs1/gscratch/scrubbed/jsomeara/lynx/borzoi-repro/OUTPUTS/basic-model-trainseed42-trackseed42-tracks30pct,human,3901,0.8530619270684154,0.854421447628103,-0.001359520559687577,0.15256407166408126,0.1497329814192937,0.0028310902447875597
/mmfs1/gscratch/scrubbed/jsomeara/lynx/borzoi-repro/OUTPUTS/basic-model-trainseed42-trackseed42-tracks30pct,human,3902,0.387086453288861,0.38782645101020136,-0.0007399977213403686,0.8396103224711136,0.8392949977589097,0.00031532471220385716
/mmfs1/gscratch/scrubbed/jsomeara/lynx/borzoi-repro/OUTPUTS/basic-model-trainseed42-trackseed42-tracks30pct,human,3905,0.7391702251149727,0.7390381934887156,0.00013203162625707865,0.44779302694528395,0.44702644387938784,0.0007665830658961093
/mmfs1/gscratch/scrubbed/jsomeara/lynx/borzoi-repro/OUTPUTS/basic-model-trainseed42-trackseed42-tracks30pct,human,3907,0.5995472139624255,0.6004407242682347,-0.0008935103058091975,0.7731021729664207,0.7731214351934675,-1.926222704684566e-05
/mmfs1/gscratch/scrubbed/jsomeara/lynx/borzoi-repro/OUTPUTS/basic-model-trainseed42-trackseed42-tracks30pct,human,3909,0.4606317233618315,0.459868649433152,0.0007630739286795252,0.8214071936084906,0.8223277968984346,-0.0009206032899440331
/mmfs1/gscratch/scrubbed/jsomeara/lynx/borzoi-repro/OUTPUTS/basic-model-trainseed42-trackseed42-tracks30pct,human,3910,0.4120652690919598,0.4104515608457312,0.0016137082462285846,0.794873106019154,0.7952557777165252,-0.00038267169737127293
/mmfs1/gscratch/scrubbed/jsomeara/lynx/borzoi-repro/OUTPUTS/basic-model-trainseed42-trackseed42-tracks30pct,human,3914,0.8625103299430169,0.8629426514949738,-0.0004323215519569379,-0.19352793523985096,-0.19681978981635137,0.0032918545765004137
/mmfs1/gscratch/scrubbed/jsomeara/lynx/borzoi-repro/OUTPUTS/basic-model-trainseed42-trackseed42-tracks30pct,human,3919,0.6325271724714296,0.6352808709967751,-0.0027536985253454604,0.4522225784863318,0.44948814724315644,0.0027344312431753504
/mmfs1/gscratch/scrubbed/jsomeara/lynx/borzoi-repro/OUTPUTS/basic-model-trainseed42-trackseed42-tracks30pct,human,3924,0.6887036573136142,0.6884532622456055,0.0002503950680086131,0.73451347158631,0.7343791511176296,0.00013432046868033787
/mmfs1/gscratch/scrubbed/jsomeara/lynx/borzoi-repro/OUTPUTS/basic-model-trainseed42-trackseed42-tracks30pct,human,3926,0.3867262034122408,0.38574463304529266,0.0009815703669481257,0.8850858753953713,0.8848307696865577,0.0002551057088135966
/mmfs1/gscratch/scrubbed/jsomeara/lynx/borzoi-repro/OUTPUTS/basic-model-trainseed42-trackseed42-tracks30pct,human,3930,0.7927744886616374,0.7915805967134544,0.001193891948182979,0.6855253855109239,0.6858953994030811,-0.00037001389215718383
/mmfs1/gscratch/scrubbed/jsomeara/lynx/borzoi-repro/OUTPUTS/basic-model-trainseed42-trackseed42-tracks30pct,human,3931,0.6105060576773175,0.6068703964834193,0.003635661193898132,0.6693437862620094,0.6657754976545143,0.0035682886074951403
/mmfs1/gscratch/scrubbed/jsomeara/lynx/borzoi-repro/OUTPUTS/basic-model-trainseed42-trackseed42-tracks30pct,human,3932,0.41469199340844237,0.41639538316336344,-0.0017033897549210697,0.8892978834702052,0.8896470209848211,-0.0003491375146158493
/mmfs1/gscratch/scrubbed/jsomeara/lynx/borzoi-repro/OUTPUTS/basic-model-trainseed42-trackseed42-tracks30pct,human,3934,0.7658390950484942,0.7720998527457325,-0.006260757697238217,-0.0061386819382390715,-0.014044087880706107,0.007905405942467036
/mmfs1/gscratch/scrubbed/jsomeara/lynx/borzoi-repro/OUTPUTS/basic-model-trainseed42-trackseed42-tracks30pct,human,3936,0.6756587161091804,0.6767468262052657,-0.0010881100960853374,-0.06700126741288237,-0.06995535064033521,0.0029540832274528445
/mmfs1/gscratch/scrubbed/jsomeara/lynx/borzoi-repro/OUTPUTS/basic-model-trainseed42-trackseed42-tracks30pct,human,3937,0.44238679883541654,0.4400935060653319,0.002293292770084665,0.9105661253434594,0.9123443018437218,-0.0017781765002624628
/mmfs1/gscratch/scrubbed/jsomeara/lynx/borzoi-repro/OUTPUTS/basic-model-trainseed42-trackseed42-tracks30pct,human,3938,0.44106014067544874,0.4398895325673757,0.001170608108073068,0.8181625545937968,0.8184178268081234,-0.0002552722143265296
/mmfs1/gscratch/scrubbed/jsomeara/lynx/borzoi-repro/OUTPUTS/basic-model-trainseed42-trackseed42-tracks30pct,human,3940,0.31893053846458913,0.31898331908474536,-5.278062015623419e-05,0.8795806743414921,0.8798492843521996,-0.0002686100107074374
/mmfs1/gscratch/scrubbed/jsomeara/lynx/borzoi-repro/OUTPUTS/basic-model-trainseed42-trackseed42-tracks30pct,human,3944,0.7084134445663943,0.707610742711196,0.0008027018551983733,0.5183256350962867,0.5204635177561697,-0.002137882659883017
/mmfs1/gscratch/scrubbed/jsomeara/lynx/borzoi-repro/OUTPUTS/basic-model-trainseed42-trackseed42-tracks30pct,human,3945,0.7405554894874689,0.7388248192144602,0.001730670273008661,0.42947731131582784,0.43325065919806083,-0.0037733478822329913
/mmfs1/gscratch/scrubbed/jsomeara/lynx/borzoi-repro/OUTPUTS/basic-model-trainseed42-trackseed42-tracks30pct,human,3947,0.7023730885485381,0.7030963538531778,-0.0007232653046397308,0.17824824262863923,0.17735764480804306,0.0008905978205961673
/mmfs1/gscratch/scrubbed/jsomeara/lynx/borzoi-repro/OUTPUTS/basic-model-trainseed42-trackseed42-tracks30pct,human,3948,0.534575320867348,0.5336681800995418,0.0009071407678062915,0.683918620702747,0.6841649333283868,-0.0002463126256397885
/mmfs1/gscratch/scrubbed/jsomeara/lynx/borzoi-repro/OUTPUTS/basic-model-trainseed42-trackseed42-tracks30pct,human,3949,0.6691467670678704,0.671063508183139,-0.0019167411152686276,0.4638249649597027,0.46229899786644224,0.0015259670932604719
/mmfs1/gscratch/scrubbed/jsomeara/lynx/borzoi-repro/OUTPUTS/basic-model-trainseed42-trackseed42-tracks30pct,human,3952,0.505923590511623,0.5046364283529515,0.0012871621586714177,0.8923278998900276,0.8936047526057544,-0.0012768527157268617
/mmfs1/gscratch/scrubbed/jsomeara/lynx/borzoi-repro/OUTPUTS/basic-model-trainseed42-trackseed42-tracks30pct,human,3953,0.7417057780852299,0.7412047401860247,0.0005010378992051923,0.739286775366294,0.7390590098124469,0.0002277655538470702
/mmfs1/gscratch/scrubbed/jsomeara/lynx/borzoi-repro/OUTPUTS/basic-model-trainseed42-trackseed42-tracks30pct,human,3957,0.46452118607715537,0.4637780275549071,0.0007431585222482662,0.817907547590035,0.8188068191225654,-0.0008992715325303324
/mmfs1/gscratch/scrubbed/jsomeara/lynx/borzoi-repro/OUTPUTS/basic-model-trainseed42-trackseed42-tracks30pct,human,3964,0.8907271585763921,0.8909311154839233,-0.0002039569075312775,-1.178304219324818,-1.177841955088067,-0.0004622642367511087
/mmfs1/gscratch/scrubbed/jsomeara/lynx/borzoi-repro/OUTPUTS/basic-model-trainseed42-trackseed42-tracks30pct,human,3967,0.5556590976710446,0.5564898711555795,-0.0008307734845348635,0.5237678637221108,0.5228574469694954,0.0009104167526153839
/mmfs1/gscratch/scrubbed/jsomeara/lynx/borzoi-repro/OUTPUTS/basic-model-trainseed42-trackseed42-tracks30pct,human,3979,0.6979063257721964,0.7011049625424036,-0.0031986367702072638,0.09184171991852665,0.08587088375671671,0.005970836161809934
/mmfs1/gscratch/scrubbed/jsomeara/lynx/borzoi-repro/OUTPUTS/basic-model-trainseed42-trackseed42-tracks30pct,human,3980,0.38044598008141595,0.3800580165643951,0.00038796351702086174,0.7089303923666578,0.7093922118777202,-0.00046181951106238905
/mmfs1/gscratch/scrubbed/jsomeara/lynx/borzoi-repro/OUTPUTS/basic-model-trainseed42-trackseed42-tracks30pct,human,3983,0.4593428647782934,0.45936084598878235,-1.7981210488959842e-05,0.7841720795358296,0.7840347610044474,0.0001373185313822134
/mmfs1/gscratch/scrubbed/jsomeara/lynx/borzoi-repro/OUTPUTS/basic-model-trainseed42-trackseed42-tracks30pct,human,3984,0.8706120378786815,0.8704758105469338,0.00013622733174767365,-0.14943466153817908,-0.15072652944848686,0.0012918679103077757
/mmfs1/gscratch/scrubbed/jsomeara/lynx/borzoi-repro/OUTPUTS/basic-model-trainseed42-trackseed42-tracks30pct,human,3996,0.47176044753767166,0.47185412409955474,-9.36765618830826e-05,0.8689065222348867,0.8696909392883685,-0.0007844170534817563
/mmfs1/gscratch/scrubbed/jsomeara/lynx/borzoi-repro/OUTPUTS/basic-model-trainseed42-trackseed42-tracks30pct,human,4003,0.3202127614522877,0.32049345981893695,-0.00028069836664923464,0.802828459503883,0.8027879245170592,4.053498682388135e-05
/mmfs1/gscratch/scrubbed/jsomeara/lynx/borzoi-repro/OUTPUTS/basic-model-trainseed42-trackseed42-tracks30pct,human,4007,0.5934778143401511,0.593599246628187,-0.00012143228803584982,0.5591751967408594,0.5576781364726948,0.0014970602681645406
/mmfs1/gscratch/scrubbed/jsomeara/lynx/borzoi-repro/OUTPUTS/basic-model-trainseed42-trackseed42-tracks30pct,human,4009,0.33308935623081176,0.33233804451685633,0.0007513117139554271,0.8876731816294874,0.8885494922031978,-0.0008763105737104038
/mmfs1/gscratch/scrubbed/jsomeara/lynx/borzoi-repro/OUTPUTS/basic-model-trainseed42-trackseed42-tracks30pct,human,4016,0.5418878009109026,0.5466175961509284,-0.004729795240025814,0.6075245347981856,0.6069872722758655,0.0005372625223201144
/mmfs1/gscratch/scrubbed/jsomeara/lynx/borzoi-repro/OUTPUTS/basic-model-trainseed42-trackseed42-tracks30pct,human,4018,0.6371104943109863,0.6381558380629051,-0.0010453437519187814,0.549623704948196,0.5506442417596144,-0.0010205368114183377
/mmfs1/gscratch/scrubbed/jsomeara/lynx/borzoi-repro/OUTPUTS/basic-model-trainseed42-trackseed42-tracks30pct,human,4020,0.4545177567468277,0.4542288944277633,0.00028886231906438686,0.8450205367221987,0.846082651490672,-0.001062114768473288
/mmfs1/gscratch/scrubbed/jsomeara/lynx/borzoi-repro/OUTPUTS/basic-model-trainseed42-trackseed42-tracks30pct,human,4024,0.7860867991380736,0.784003864978915,0.0020829341591585004,0.6159420981974166,0.6168083881594206,-0.0008662899620039965
/mmfs1/gscratch/scrubbed/jsomeara/lynx/borzoi-repro/OUTPUTS/basic-model-trainseed42-trackseed42-tracks30pct,human,4026,0.459126391419231,0.4567451944520276,0.002381196967203403,0.6127851997312175,0.6177677977162509,-0.004982597985033421
/mmfs1/gscratch/scrubbed/jsomeara/lynx/borzoi-repro/OUTPUTS/basic-model-trainseed42-trackseed42-tracks30pct,human,4028,0.5066346142474182,0.5054027881752398,0.0012318260721784213,0.8720697026595252,0.8737609491180377,-0.0016912464585124853
/mmfs1/gscratch/scrubbed/jsomeara/lynx/borzoi-repro/OUTPUTS/basic-model-trainseed42-trackseed42-tracks30pct,human,4029,0.5550247602569284,0.5548636221127918,0.00016113814413654115,0.7940452191940073,0.7940732722157499,-2.8053021742580064e-05
/mmfs1/gscratch/scrubbed/jsomeara/lynx/borzoi-repro/OUTPUTS/basic-model-trainseed42-trackseed42-tracks30pct,human,4031,0.444068744246598,0.44384767300909467,0.00022107123750331192,0.8109013898386132,0.8118691793799103,-0.0009677895412971704
/mmfs1/gscratch/scrubbed/jsomeara/lynx/borzoi-repro/OUTPUTS/basic-model-trainseed42-trackseed42-tracks30pct,human,4035,0.4898344218236723,0.4942203119846366,-0.004385890160964301,0.8629339790800533,0.8630048645416519,-7.08854615986132e-05
/mmfs1/gscratch/scrubbed/jsomeara/lynx/borzoi-repro/OUTPUTS/basic-model-trainseed42-trackseed42-tracks30pct,human,4036,0.7314097638215709,0.7297197001695641,0.0016900636520067458,-0.06660513404559469,-0.0682301552642722,0.001625021218677511
/mmfs1/gscratch/scrubbed/jsomeara/lynx/borzoi-repro/OUTPUTS/basic-model-trainseed42-trackseed42-tracks30pct,human,4038,0.8137527471825048,0.8123703770944527,0.0013823700880520873,0.508647305817528,0.5089194807974947,-0.0002721749799666773
/mmfs1/gscratch/scrubbed/jsomeara/lynx/borzoi-repro/OUTPUTS/basic-model-trainseed42-trackseed42-tracks30pct,human,4039,0.6743475680588276,0.6738552576447526,0.0004923104140749368,0.352574554863893,0.35186644770155406,0.0007081071623389334
/mmfs1/gscratch/scrubbed/jsomeara/lynx/borzoi-repro/OUTPUTS/basic-model-trainseed42-trackseed42-tracks30pct,human,4041,0.5330812167325166,0.5337099530310503,-0.0006287362985336609,0.7986558045683715,0.7981806147958354,0.00047518977253613315
/mmfs1/gscratch/scrubbed/jsomeara/lynx/borzoi-repro/OUTPUTS/basic-model-trainseed42-trackseed42-tracks30pct,human,4045,0.5948620260131583,0.5906528022469701,0.004209223766188153,0.8438406528947267,0.8438861185044375,-4.546560971085967e-05
/mmfs1/gscratch/scrubbed/jsomeara/lynx/borzoi-repro/OUTPUTS/basic-model-trainseed42-trackseed42-tracks30pct,human,4049,0.4938555421637306,0.49431182735658136,-0.0004562851928507361,0.760444595133133,0.7605147452748251,-7.015014169209355e-05
/mmfs1/gscratch/scrubbed/jsomeara/lynx/borzoi-repro/OUTPUTS/basic-model-trainseed42-trackseed42-tracks30pct,human,4051,0.5723747550063304,0.5776636103258563,-0.0052888553195259425,0.5488517792971034,0.5428518218204548,0.00599995747664861
/mmfs1/gscratch/scrubbed/jsomeara/lynx/borzoi-repro/OUTPUTS/basic-model-trainseed42-trackseed42-tracks30pct,human,4056,0.2916542030921468,0.29156660795102024,8.759514112655076e-05,0.8783991970425669,0.8784233060261998,-2.4108983632920022e-05
/mmfs1/gscratch/scrubbed/jsomeara/lynx/borzoi-repro/OUTPUTS/basic-model-trainseed42-trackseed42-tracks30pct,human,4063,0.6312691087408322,0.6309577917589031,0.0003113169819290995,0.782862442735375,0.7826561936114829,0.00020624912389211048
/mmfs1/gscratch/scrubbed/jsomeara/lynx/borzoi-repro/OUTPUTS/basic-model-trainseed42-trackseed42-tracks30pct,human,4064,0.6434836311989419,0.6440436615374108,-0.0005600303384688532,0.5624277836032866,0.5622669929773728,0.000160790625913787
/mmfs1/gscratch/scrubbed/jsomeara/lynx/borzoi-repro/OUTPUTS/basic-model-trainseed42-trackseed42-tracks30pct,human,4066,0.4440368488786413,0.444697935685228,-0.0006610868065866637,0.8653286261431679,0.864394312740061,0.0009343134031069011
/mmfs1/gscratch/scrubbed/jsomeara/lynx/borzoi-repro/OUTPUTS/basic-model-trainseed42-trackseed42-tracks30pct,human,4071,0.8559928914954043,0.8567990149123752,-0.0008061234169709497,-0.049293040254217164,-0.053291627696442856,0.0039985874422256915
/mmfs1/gscratch/scrubbed/jsomeara/lynx/borzoi-repro/OUTPUTS/basic-model-trainseed42-trackseed42-tracks30pct,human,4074,0.7200878307130392,0.7210207129499627,-0.0009328822369235601,0.08747862597266379,0.0852455959877163,0.002233029984947482
/mmfs1/gscratch/scrubbed/jsomeara/lynx/borzoi-repro/OUTPUTS/basic-model-trainseed42-trackseed42-tracks30pct,human,4076,0.30611623624478823,0.30607757144803704,3.8664796751186614e-05,0.8718164861733355,0.8730954510603715,-0.0012789648870359382
/mmfs1/gscratch/scrubbed/jsomeara/lynx/borzoi-repro/OUTPUTS/basic-model-trainseed42-trackseed42-tracks30pct,human,4079,0.4938805470272956,0.49203065528297313,0.001849891744322485,0.947227612480794,0.9497067284422765,-0.0024791159614825364
/mmfs1/gscratch/scrubbed/jsomeara/lynx/borzoi-repro/OUTPUTS/basic-model-trainseed42-trackseed42-tracks30pct,human,4080,0.8421688147455122,0.8417722403236921,0.00039657442182006175,-0.7990441884700035,-0.7981746538480037,-0.0008695346219997901
/mmfs1/gscratch/scrubbed/jsomeara/lynx/borzoi-repro/OUTPUTS/basic-model-trainseed42-trackseed42-tracks30pct,human,4086,0.6696209613169672,0.6707499917117772,-0.0011290303948099378,-0.37211979227733605,-0.377243928494049,0.005124136216712927
/mmfs1/gscratch/scrubbed/jsomeara/lynx/borzoi-repro/OUTPUTS/basic-model-trainseed42-trackseed42-tracks30pct,human,4087,0.4574187660491508,0.4388988253798995,0.018519940669251334,0.8954361275712239,0.8983454758130568,-0.0029093482418328653
/mmfs1/gscratch/scrubbed/jsomeara/lynx/borzoi-repro/OUTPUTS/basic-model-trainseed42-trackseed42-tracks30pct,human,4088,0.5514900910326545,0.5555620342581759,-0.004071943225521402,0.8383186123325301,0.8377784010832764,0.0005402112492537414
/mmfs1/gscratch/scrubbed/jsomeara/lynx/borzoi-repro/OUTPUTS/basic-model-trainseed42-trackseed42-tracks30pct,human,4089,0.7712237068819803,0.7709383662453293,0.000285340636650977,-0.2792054560534938,-0.2812732274924184,0.002067771438924615
/mmfs1/gscratch/scrubbed/jsomeara/lynx/borzoi-repro/OUTPUTS/basic-model-trainseed42-trackseed42-tracks30pct,human,4090,0.670616418465676,0.6628439886226144,0.00777242984306159,0.4042664602365055,0.40649495640042266,-0.002228496163917182
/mmfs1/gscratch/scrubbed/jsomeara/lynx/borzoi-repro/OUTPUTS/basic-model-trainseed42-trackseed42-tracks30pct,human,4095,0.8742479261454025,0.8712467956632266,0.0030011304821758733,0.473444067125713,0.4740499900398219,-0.0006059229141088807
/mmfs1/gscratch/scrubbed/jsomeara/lynx/borzoi-repro/OUTPUTS/basic-model-trainseed42-trackseed42-tracks30pct,human,4097,0.6671784145285538,0.6669513222472586,0.00022709228129513814,0.6278943728540486,0.6276668781159177,0.0002274947381308845
/mmfs1/gscratch/scrubbed/jsomeara/lynx/borzoi-repro/OUTPUTS/basic-model-trainseed42-trackseed42-tracks30pct,human,4099,0.5789903875680109,0.5755016469562266,0.00348874061178428,0.6553819071386796,0.6573641216091985,-0.0019822144705189393
/mmfs1/gscratch/scrubbed/jsomeara/lynx/borzoi-repro/OUTPUTS/basic-model-trainseed42-trackseed42-tracks30pct,human,4100,0.5122395696348797,0.5174191455194784,-0.005179575884598719,0.8067599262255415,0.8051027668328963,0.0016571593926452133
/mmfs1/gscratch/scrubbed/jsomeara/lynx/borzoi-repro/OUTPUTS/basic-model-trainseed42-trackseed42-tracks30pct,human,4101,0.67457036350637,0.6697672604967764,0.0048031030095936345,0.4031555779288938,0.4059552820198911,-0.0027997040909973347
/mmfs1/gscratch/scrubbed/jsomeara/lynx/borzoi-repro/OUTPUTS/basic-model-trainseed42-trackseed42-tracks30pct,human,4105,0.579333781520471,0.5800813952404895,-0.0007476137200185251,0.7215657516123506,0.7211421046732085,0.00042364693914209717
/mmfs1/gscratch/scrubbed/jsomeara/lynx/borzoi-repro/OUTPUTS/basic-model-trainseed42-trackseed42-tracks30pct,human,4108,0.6381144127621275,0.6425645357363378,-0.004450122974210213,0.46349556638725536,0.4613429657898299,0.002152600597425447
/mmfs1/gscratch/scrubbed/jsomeara/lynx/borzoi-repro/OUTPUTS/basic-model-trainseed42-trackseed42-tracks30pct,human,4111,0.4492845487885768,0.4509170983794915,-0.0016325495909146892,0.8000137419191602,0.7994232611649164,0.0005904807542438384
/mmfs1/gscratch/scrubbed/jsomeara/lynx/borzoi-repro/OUTPUTS/basic-model-trainseed42-trackseed42-tracks30pct,human,4113,0.6292269283223081,0.6280689774452957,0.0011579508770124258,0.5078658950557852,0.510170386059629,-0.0023044910038438893
/mmfs1/gscratch/scrubbed/jsomeara/lynx/borzoi-repro/OUTPUTS/basic-model-trainseed42-trackseed42-tracks30pct,human,4115,0.45201367699266215,0.4496471941361813,0.002366482856480834,0.8682873644601807,0.8689052973581978,-0.0006179328980170373
/mmfs1/gscratch/scrubbed/jsomeara/lynx/borzoi-repro/OUTPUTS/basic-model-trainseed42-trackseed42-tracks30pct,human,4116,0.5569834771781627,0.5630574806219725,-0.006074003443809817,0.18544418022162645,0.1819347076571127,0.0035094725645137548
/mmfs1/gscratch/scrubbed/jsomeara/lynx/borzoi-repro/OUTPUTS/basic-model-trainseed42-trackseed42-tracks30pct,human,4118,0.5358972823578405,0.5374113279531597,-0.0015140455953192022,0.8486471199274305,0.8486594488644592,-1.2328937028738274e-05
/mmfs1/gscratch/scrubbed/jsomeara/lynx/borzoi-repro/OUTPUTS/basic-model-trainseed42-trackseed42-tracks30pct,human,4124,0.5255661937664823,0.4051373559848305,0.12042883778165175,0.7971220817560531,0.8161398547467901,-0.019017772990736925
/mmfs1/gscratch/scrubbed/jsomeara/lynx/borzoi-repro/OUTPUTS/basic-model-trainseed42-trackseed42-tracks30pct,human,4125,0.5228590585627435,0.522700617691689,0.00015844087105454374,0.78404012964413,0.7847252483035679,-0.0006851186594379888
/mmfs1/gscratch/scrubbed/jsomeara/lynx/borzoi-repro/OUTPUTS/basic-model-trainseed42-trackseed42-tracks30pct,human,4134,0.7304585363034719,0.7307075517310563,-0.0002490154275843759,0.19126417358876974,0.18899211851735034,0.0022720550714193932
/mmfs1/gscratch/scrubbed/jsomeara/lynx/borzoi-repro/OUTPUTS/basic-model-trainseed42-trackseed42-tracks30pct,human,4138,0.46714711377323676,0.46707952564738536,6.758812585139218e-05,0.8562714583230013,0.8565756347356441,-0.00030417641264279816
/mmfs1/gscratch/scrubbed/jsomeara/lynx/borzoi-repro/OUTPUTS/basic-model-trainseed42-trackseed42-tracks30pct,human,4140,0.7058700121796077,0.7013614313226377,0.004508580856969924,0.6912991264173513,0.6931605837268237,-0.001861457309472403
/mmfs1/gscratch/scrubbed/jsomeara/lynx/borzoi-repro/OUTPUTS/basic-model-trainseed42-trackseed42-tracks30pct,human,4149,0.49284050914468724,0.4929293831975341,-8.887405284685457e-05,0.7927107979680023,0.7922651651937098,0.0004456327742924371
/mmfs1/gscratch/scrubbed/jsomeara/lynx/borzoi-repro/OUTPUTS/basic-model-trainseed42-trackseed42-tracks30pct,human,4158,0.7401906534202723,0.7431489828070728,-0.002958329386800407,0.23909284834201114,0.2364047158282522,0.002688132513758934
/mmfs1/gscratch/scrubbed/jsomeara/lynx/borzoi-repro/OUTPUTS/basic-model-trainseed42-trackseed42-tracks30pct,human,4160,0.602036468237111,0.6038377906030356,-0.0018013223659245625,0.7136384632765369,0.7120978982892588,0.0015405649872780591
/mmfs1/gscratch/scrubbed/jsomeara/lynx/borzoi-repro/OUTPUTS/basic-model-trainseed42-trackseed42-tracks30pct,human,4161,0.8136033887734904,0.8144370040347515,-0.0008336152612611336,0.01616185206124881,0.013889905432208492,0.0022719466290403167
/mmfs1/gscratch/scrubbed/jsomeara/lynx/borzoi-repro/OUTPUTS/basic-model-trainseed42-trackseed42-tracks30pct,human,4167,0.4071663461949293,0.4230589028566029,-0.015892556661673607,0.8580649552180664,0.8579790160664112,8.593915165511223e-05
/mmfs1/gscratch/scrubbed/jsomeara/lynx/borzoi-repro/OUTPUTS/basic-model-trainseed42-trackseed42-tracks30pct,human,4172,0.8075696546750942,0.8084552688015659,-0.000885614126471701,-0.5288453449476073,-0.5301078117997616,0.0012624668521543647
/mmfs1/gscratch/scrubbed/jsomeara/lynx/borzoi-repro/OUTPUTS/basic-model-trainseed42-trackseed42-tracks30pct,human,4176,0.4288288493341875,0.4285465212089322,0.0002823281252553045,0.9122684021263798,0.9145315389143804,-0.002263136788000608
/mmfs1/gscratch/scrubbed/jsomeara/lynx/borzoi-repro/OUTPUTS/basic-model-trainseed42-trackseed42-tracks30pct,human,4177,0.6101078908581564,0.6135718398701497,-0.003463949011993317,0.3855853801329344,0.3801349129866562,0.005450467146278226
/mmfs1/gscratch/scrubbed/jsomeara/lynx/borzoi-repro/OUTPUTS/basic-model-trainseed42-trackseed42-tracks30pct,human,4185,0.3939827231678045,0.3938286479711072,0.00015407519669730085,0.8292179536165902,0.8292528727713945,-3.491915480424712e-05
/mmfs1/gscratch/scrubbed/jsomeara/lynx/borzoi-repro/OUTPUTS/basic-model-trainseed42-trackseed42-tracks30pct,human,4186,0.8870699519318307,0.8867930247155614,0.00027692721626926264,-0.6678047169616292,-0.6687087950763428,0.0009040781147136023
/mmfs1/gscratch/scrubbed/jsomeara/lynx/borzoi-repro/OUTPUTS/basic-model-trainseed42-trackseed42-tracks30pct,human,4188,0.6260154929196474,0.6281537581740916,-0.0021382652544441605,0.6401362028485542,0.6384071709384473,0.0017290319101068707
/mmfs1/gscratch/scrubbed/jsomeara/lynx/borzoi-repro/OUTPUTS/basic-model-trainseed42-trackseed42-tracks30pct,human,4194,0.6023455302025905,0.6052244389768765,-0.002878908774285982,0.334939975331386,0.32880419973302505,0.006135775598360926
/mmfs1/gscratch/scrubbed/jsomeara/lynx/borzoi-repro/OUTPUTS/basic-model-trainseed42-trackseed42-tracks30pct,human,4195,0.30188547556791334,0.3010830821123729,0.000802393455540451,0.8254850634977142,0.8257663343043927,-0.0002812708066785019
/mmfs1/gscratch/scrubbed/jsomeara/lynx/borzoi-repro/OUTPUTS/basic-model-trainseed42-trackseed42-tracks30pct,human,4199,0.7654226781654109,0.7656456972508473,-0.00022301908543642668,0.33826314955252645,0.33688833001456747,0.0013748195379589823
/mmfs1/gscratch/scrubbed/jsomeara/lynx/borzoi-repro/OUTPUTS/basic-model-trainseed42-trackseed42-tracks30pct,human,4203,0.7165997492883829,0.7182415020163488,-0.0016417527279659616,0.37237728499242084,0.37095898172909053,0.0014183032633303116
/mmfs1/gscratch/scrubbed/jsomeara/lynx/borzoi-repro/OUTPUTS/basic-model-trainseed42-trackseed42-tracks30pct,human,4212,0.6761958377371644,0.6760165370650743,0.00017930067209015466,0.3593709912154518,0.3600487637314293,-0.0006777725159775039
/mmfs1/gscratch/scrubbed/jsomeara/lynx/borzoi-repro/OUTPUTS/basic-model-trainseed42-trackseed42-tracks30pct,human,4213,0.32647532394336276,0.3291718724877173,-0.0026965485443545267,0.9055686818372142,0.9063590926277861,-0.0007904107905719604
/mmfs1/gscratch/scrubbed/jsomeara/lynx/borzoi-repro/OUTPUTS/basic-model-trainseed42-trackseed42-tracks30pct,human,4224,0.3890821568193248,0.38833106610163204,0.0007510907176927484,0.8308993082605723,0.8323065241599023,-0.0014072158993299055
/mmfs1/gscratch/scrubbed/jsomeara/lynx/borzoi-repro/OUTPUTS/basic-model-trainseed42-trackseed42-tracks30pct,human,4225,0.7951881086126338,0.7946171099979987,0.0005709986146350543,0.6041772892830739,0.6054462722226607,-0.0012689829395867713
/mmfs1/gscratch/scrubbed/jsomeara/lynx/borzoi-repro/OUTPUTS/basic-model-trainseed42-trackseed42-tracks30pct,human,4233,0.5414640545363212,0.5421216436278076,-0.000657589091486388,0.8217588591587608,0.8217928076044512,-3.394844569037936e-05
/mmfs1/gscratch/scrubbed/jsomeara/lynx/borzoi-repro/OUTPUTS/basic-model-trainseed42-trackseed42-tracks30pct,human,4234,0.604951703307953,0.6054566835720762,-0.000504980264123156,0.5569871552737878,0.5554535700878497,0.0015335851859381577
/mmfs1/gscratch/scrubbed/jsomeara/lynx/borzoi-repro/OUTPUTS/basic-model-trainseed42-trackseed42-tracks30pct,human,4242,0.6928851867342171,0.6949985135546322,-0.0021133268204150957,0.5970070457884042,0.5960713963650451,0.0009356494233591084
/mmfs1/gscratch/scrubbed/jsomeara/lynx/borzoi-repro/OUTPUTS/basic-model-trainseed42-trackseed42-tracks30pct,human,4255,0.49149777531546823,0.4867835651592146,0.004714210156253618,0.9317877102108469,0.9336114076945038,-0.0018236974836568498
/mmfs1/gscratch/scrubbed/jsomeara/lynx/borzoi-repro/OUTPUTS/basic-model-trainseed42-trackseed42-tracks30pct,human,4256,0.5076962582045546,0.5076040316005486,9.222660400598492e-05,0.8633510721744349,0.8633199682584699,3.1103915964947326e-05
/mmfs1/gscratch/scrubbed/jsomeara/lynx/borzoi-repro/OUTPUTS/basic-model-trainseed42-trackseed42-tracks30pct,human,4262,0.5888918650281352,0.5900613740208365,-0.0011695089927012958,0.7995745183160676,0.7974282773435486,0.0021462409725190312
/mmfs1/gscratch/scrubbed/jsomeara/lynx/borzoi-repro/OUTPUTS/basic-model-trainseed42-trackseed42-tracks30pct,human,4279,0.45475338916479235,0.4570565816051949,-0.0023031924404025572,0.6734697727110738,0.6720831045448111,0.00138666816626265
/mmfs1/gscratch/scrubbed/jsomeara/lynx/borzoi-repro/OUTPUTS/basic-model-trainseed42-trackseed42-tracks30pct,human,4280,0.5480326442330575,0.5496622507201706,-0.0016296064871130778,0.6522635730392493,0.6519006889908512,0.0003628840483981266
/mmfs1/gscratch/scrubbed/jsomeara/lynx/borzoi-repro/OUTPUTS/basic-model-trainseed42-trackseed42-tracks30pct,human,4282,0.7144522708473035,0.7144134849472437,3.87859000597901e-05,0.6066759572233434,0.6091846748370726,-0.0025087176137291722
/mmfs1/gscratch/scrubbed/jsomeara/lynx/borzoi-repro/OUTPUTS/basic-model-trainseed42-trackseed42-tracks30pct,human,4290,0.6295164251870253,0.6301339747137318,-0.0006175495267064512,0.6021613921785828,0.6018898329423451,0.00027155923623767286
/mmfs1/gscratch/scrubbed/jsomeara/lynx/borzoi-repro/OUTPUTS/basic-model-trainseed42-trackseed42-tracks30pct,human,4295,0.4974203410245132,0.49861358212834406,-0.0011932411038308444,0.8583568092368105,0.8574369400502463,0.0009198691865641706
/mmfs1/gscratch/scrubbed/jsomeara/lynx/borzoi-repro/OUTPUTS/basic-model-trainseed42-trackseed42-tracks30pct,human,4296,0.8778305951229728,0.8788065178440202,-0.0009759227210474064,-0.8040702686090961,-0.8085731530653509,0.0045028844562547965
/mmfs1/gscratch/scrubbed/jsomeara/lynx/borzoi-repro/OUTPUTS/basic-model-trainseed42-trackseed42-tracks30pct,human,4299,0.7133183712349791,0.7152712301080993,-0.0019528588731202445,0.1507566000131522,0.14776345834486862,0.002993141668283572
/mmfs1/gscratch/scrubbed/jsomeara/lynx/borzoi-repro/OUTPUTS/basic-model-trainseed42-trackseed42-tracks30pct,human,4300,0.32089277900793634,0.32263037578142173,-0.0017375967734853948,0.8654650919261843,0.8653663250418077,9.876688437659986e-05
/mmfs1/gscratch/scrubbed/jsomeara/lynx/borzoi-repro/OUTPUTS/basic-model-trainseed42-trackseed42-tracks30pct,human,4304,0.4273483403007448,0.4271154499938043,0.00023289030694051416,0.8256087359214089,0.8256792403995006,-7.050447809164861e-05
/mmfs1/gscratch/scrubbed/jsomeara/lynx/borzoi-repro/OUTPUTS/basic-model-trainseed42-trackseed42-tracks30pct,human,4313,0.5592878149090114,0.555496370677266,0.003791444231745378,0.5427588162795931,0.542592669216455,0.00016614706313811123
/mmfs1/gscratch/scrubbed/jsomeara/lynx/borzoi-repro/OUTPUTS/basic-model-trainseed42-trackseed42-tracks30pct,human,4319,0.8773587649192109,0.8787594696004435,-0.0014007046812325452,0.14047016349448457,0.1391048392199521,0.0013653242745324812
/mmfs1/gscratch/scrubbed/jsomeara/lynx/borzoi-repro/OUTPUTS/basic-model-trainseed42-trackseed42-tracks30pct,human,4320,0.711325370926096,0.7180245202201374,-0.006699149294041362,0.3434583283214735,0.3351152381370843,0.008343090184389168
/mmfs1/gscratch/scrubbed/jsomeara/lynx/borzoi-repro/OUTPUTS/basic-model-trainseed42-trackseed42-tracks30pct,human,4321,0.2879748605688101,0.2871849431763343,0.000789917392475803,0.5015482504529709,0.5022353690618678,-0.0006871186088969194
/mmfs1/gscratch/scrubbed/jsomeara/lynx/borzoi-repro/OUTPUTS/basic-model-trainseed42-trackseed42-tracks30pct,human,4327,0.44078000972709924,0.4378927474946227,0.0028872622324765396,0.8183931504538438,0.8185301424616851,-0.00013699200784134113
/mmfs1/gscratch/scrubbed/jsomeara/lynx/borzoi-repro/OUTPUTS/basic-model-trainseed42-trackseed42-tracks30pct,human,4328,0.4025871495007546,0.40187034278955713,0.0007168067111974485,0.8483087061384718,0.8481654413506825,0.00014326478778925456
/mmfs1/gscratch/scrubbed/jsomeara/lynx/borzoi-repro/OUTPUTS/basic-model-trainseed42-trackseed42-tracks30pct,human,4333,0.6107851249350723,0.5916528675049846,0.01913225743008773,0.7123383860179365,0.7147697427930494,-0.0024313567751128584
/mmfs1/gscratch/scrubbed/jsomeara/lynx/borzoi-repro/OUTPUTS/basic-model-trainseed42-trackseed42-tracks30pct,human,4334,0.4801611543060293,0.47950482124581384,0.0006563330602154527,0.8821636988802594,0.8829021884555621,-0.0007384895753027587
/mmfs1/gscratch/scrubbed/jsomeara/lynx/borzoi-repro/OUTPUTS/basic-model-trainseed42-trackseed42-tracks30pct,human,4335,0.7847460656948446,0.785259468245033,-0.000513402550188391,-0.17618677974878935,-0.1765707819433103,0.0003840021945209493
/mmfs1/gscratch/scrubbed/jsomeara/lynx/borzoi-repro/OUTPUTS/basic-model-trainseed42-trackseed42-tracks30pct,human,4348,0.8152496525932258,0.8164397360185913,-0.001190083425365529,0.32771502005888653,0.3255557963551058,0.002159223703780744
/mmfs1/gscratch/scrubbed/jsomeara/lynx/borzoi-repro/OUTPUTS/basic-model-trainseed42-trackseed42-tracks30pct,human,4350,0.6682900865361852,0.6713722601452865,-0.0030821736091013463,0.6807440053654593,0.6792660203168371,0.0014779850486221768
/mmfs1/gscratch/scrubbed/jsomeara/lynx/borzoi-repro/OUTPUTS/basic-model-trainseed42-trackseed42-tracks30pct,human,4356,0.4836871636481829,0.4841908294643469,-0.0005036658161639562,0.7803455420024824,0.7806720771234528,-0.0003265351209703615
/mmfs1/gscratch/scrubbed/jsomeara/lynx/borzoi-repro/OUTPUTS/basic-model-trainseed42-trackseed42-tracks30pct,human,4357,0.5059517461473256,0.5075593056040111,-0.0016075594566854479,0.8319095061953605,0.8307975922382802,0.0011119139570803238
/mmfs1/gscratch/scrubbed/jsomeara/lynx/borzoi-repro/OUTPUTS/basic-model-trainseed42-trackseed42-tracks30pct,human,4358,0.5497019287120746,0.5447326554702872,0.00496927324178742,0.8096834960716053,0.8103665064870849,-0.0006830104154795791
/mmfs1/gscratch/scrubbed/jsomeara/lynx/borzoi-repro/OUTPUTS/basic-model-trainseed42-trackseed42-tracks30pct,human,4369,0.5236825857632545,0.5224842485742199,0.001198337189034615,0.8848587210517421,0.8868878202813312,-0.0020290992295890486
/mmfs1/gscratch/scrubbed/jsomeara/lynx/borzoi-repro/OUTPUTS/basic-model-trainseed42-trackseed42-tracks30pct,human,4376,0.7414036983937554,0.7364900600773439,0.004913638316411562,-0.37754400186671866,-0.37634996446988944,-0.0011940373968292173
/mmfs1/gscratch/scrubbed/jsomeara/lynx/borzoi-repro/OUTPUTS/basic-model-trainseed42-trackseed42-tracks30pct,human,4377,0.7693739359007674,0.7690512557342966,0.00032268016647085673,0.6965145614794264,0.6967453861721136,-0.00023082469268720374
/mmfs1/gscratch/scrubbed/jsomeara/lynx/borzoi-repro/OUTPUTS/basic-model-trainseed42-trackseed42-tracks30pct,human,4379,0.6128567006441793,0.6085516946023829,0.0043050060417964,0.5402609852153001,0.5404323963111453,-0.00017141109584517533
/mmfs1/gscratch/scrubbed/jsomeara/lynx/borzoi-repro/OUTPUTS/basic-model-trainseed42-trackseed42-tracks30pct,human,4385,0.6879607987329215,0.6934568545268122,-0.005496055793890675,0.3561169504874173,0.3487540700851364,0.007362880402280891
/mmfs1/gscratch/scrubbed/jsomeara/lynx/borzoi-repro/OUTPUTS/basic-model-trainseed42-trackseed42-tracks30pct,human,4386,0.8875255762184103,0.8881673962555877,-0.0006418200371773874,-1.2103903375093648,-1.2124848414937768,0.0020945039844120217
/mmfs1/gscratch/scrubbed/jsomeara/lynx/borzoi-repro/OUTPUTS/basic-model-trainseed42-trackseed42-tracks30pct,human,4387,0.45094465590122407,0.45096629811060196,-2.1642209377892296e-05,0.8249544013742746,0.8247353761649727,0.00021902520930183744
/mmfs1/gscratch/scrubbed/jsomeara/lynx/borzoi-repro/OUTPUTS/basic-model-trainseed42-trackseed42-tracks30pct,human,4388,0.5143787869071078,0.5076800091663218,0.006698777740785977,0.7381740593135682,0.7389459758491331,-0.0007719165355649649
/mmfs1/gscratch/scrubbed/jsomeara/lynx/borzoi-repro/OUTPUTS/basic-model-trainseed42-trackseed42-tracks30pct,human,4400,0.5988211215776162,0.5965023781215588,0.002318743456057426,0.7248505780076169,0.7250428991493019,-0.00019232114168499237
/mmfs1/gscratch/scrubbed/jsomeara/lynx/borzoi-repro/OUTPUTS/basic-model-trainseed42-trackseed42-tracks30pct,human,4402,0.7105958504827273,0.7113435956571328,-0.0007477451744054564,0.5314581403218298,0.5312289749033475,0.00022916541848228
/mmfs1/gscratch/scrubbed/jsomeara/lynx/borzoi-repro/OUTPUTS/basic-model-trainseed42-trackseed42-tracks30pct,human,4407,0.7756886463747221,0.7748745895370156,0.0008140568377065227,0.6034090366921981,0.6035473249660526,-0.00013828827385442555
/mmfs1/gscratch/scrubbed/jsomeara/lynx/borzoi-repro/OUTPUTS/basic-model-trainseed42-trackseed42-tracks30pct,human,4411,0.6489135491149189,0.6499050949667047,-0.0009915458517857356,-0.39690185327976324,-0.40404909808974804,0.0071472448099847985
/mmfs1/gscratch/scrubbed/jsomeara/lynx/borzoi-repro/OUTPUTS/basic-model-trainseed42-trackseed42-tracks30pct,human,4413,0.6107205319529588,0.6105851494865785,0.00013538246638034046,0.7850732000763819,0.7857245381432223,-0.0006513380668403679
/mmfs1/gscratch/scrubbed/jsomeara/lynx/borzoi-repro/OUTPUTS/basic-model-trainseed42-trackseed42-tracks30pct,human,4416,0.7296657650131093,0.7312740029538655,-0.001608237940756152,-0.47214184499294376,-0.47527772971289356,0.0031358847199497997
/mmfs1/gscratch/scrubbed/jsomeara/lynx/borzoi-repro/OUTPUTS/basic-model-trainseed42-trackseed42-tracks30pct,human,4419,0.6291109089627572,0.6285309931125935,0.0005799158501637036,0.7451020559327878,0.7454248403586117,-0.00032278442582389655
/mmfs1/gscratch/scrubbed/jsomeara/lynx/borzoi-repro/OUTPUTS/basic-model-trainseed42-trackseed42-tracks30pct,human,4423,0.7289589299697767,0.728991807140739,-3.2877170962231084e-05,0.4294418554881575,0.4291545879503916,0.00028726753776592284
/mmfs1/gscratch/scrubbed/jsomeara/lynx/borzoi-repro/OUTPUTS/basic-model-trainseed42-trackseed42-tracks30pct,human,4425,0.45003619299243725,0.44910976235177463,0.0009264306406626122,0.843476827450594,0.8447730217876032,-0.0012961943370091156
/mmfs1/gscratch/scrubbed/jsomeara/lynx/borzoi-repro/OUTPUTS/basic-model-trainseed42-trackseed42-tracks30pct,human,4436,0.23071514029818965,0.2302780953511482,0.0004370449470414428,0.8695678476131657,0.8697050562576403,-0.00013720864447452907
/mmfs1/gscratch/scrubbed/jsomeara/lynx/borzoi-repro/OUTPUTS/basic-model-trainseed42-trackseed42-tracks30pct,human,4440,0.6854692870526562,0.6853150517303026,0.00015423532235359083,0.8125207983616424,0.8124851197710197,3.5678590622700845e-05
/mmfs1/gscratch/scrubbed/jsomeara/lynx/borzoi-repro/OUTPUTS/basic-model-trainseed42-trackseed42-tracks30pct,human,4450,0.6721877378184582,0.6748903911164765,-0.0027026532980183315,0.6819955286601376,0.6797329437568562,0.0022625849032813505
/mmfs1/gscratch/scrubbed/jsomeara/lynx/borzoi-repro/OUTPUTS/basic-model-trainseed42-trackseed42-tracks30pct,human,4459,0.4359080428449049,0.43536339823059667,0.000544644614308254,0.7270439589973643,0.7248874906799606,0.0021564683174036814
/mmfs1/gscratch/scrubbed/jsomeara/lynx/borzoi-repro/OUTPUTS/basic-model-trainseed42-trackseed42-tracks30pct,human,4460,0.7235748933914938,0.71996963980882,0.0036052535826738286,0.7109786544661669,0.711745174546125,-0.000766520079958033
/mmfs1/gscratch/scrubbed/jsomeara/lynx/borzoi-repro/OUTPUTS/basic-model-trainseed42-trackseed42-tracks30pct,human,4469,0.8677111378695959,0.867325559338578,0.00038557853101783834,-0.4904083037265208,-0.49290452657171696,0.002496222845196183
/mmfs1/gscratch/scrubbed/jsomeara/lynx/borzoi-repro/OUTPUTS/basic-model-trainseed42-trackseed42-tracks30pct,human,4473,0.4689864820528466,0.46360808193155356,0.005378400121293037,0.7947808178775412,0.795563926733276,-0.0007831088557348487
/mmfs1/gscratch/scrubbed/jsomeara/lynx/borzoi-repro/OUTPUTS/basic-model-trainseed42-trackseed42-tracks30pct,human,4481,0.7290690420496534,0.728136446095366,0.0009325959542874074,0.61963592429935,0.6191498486181375,0.00048607568121250555
/mmfs1/gscratch/scrubbed/jsomeara/lynx/borzoi-repro/OUTPUTS/basic-model-trainseed42-trackseed42-tracks30pct,human,4484,0.7699818164837394,0.7742652349883407,-0.004283418504601233,-0.09675550435730844,-0.10684262563949809,0.010087121282189651
/mmfs1/gscratch/scrubbed/jsomeara/lynx/borzoi-repro/OUTPUTS/basic-model-trainseed42-trackseed42-tracks30pct,human,4487,0.42180160481814455,0.42253462608551934,-0.0007330212673747893,0.8583666752331472,0.8591279119501112,-0.0007612367169639311
/mmfs1/gscratch/scrubbed/jsomeara/lynx/borzoi-repro/OUTPUTS/basic-model-trainseed42-trackseed42-tracks30pct,human,4488,0.5914112248694414,0.5900030928538641,0.0014081320155773236,0.4726021978637138,0.47390437776772104,-0.0013021799040072168
/mmfs1/gscratch/scrubbed/jsomeara/lynx/borzoi-repro/OUTPUTS/basic-model-trainseed42-trackseed42-tracks30pct,human,4489,0.5089060391983122,0.5069027501896552,0.0020032890086569832,0.9024657577232904,0.9036913402784186,-0.0012255825551281685
/mmfs1/gscratch/scrubbed/jsomeara/lynx/borzoi-repro/OUTPUTS/basic-model-trainseed42-trackseed42-tracks30pct,human,4494,0.3840538963490259,0.3856443562114605,-0.0015904598624345567,0.8961642094988203,0.8965723632666384,-0.0004081537678181091
/mmfs1/gscratch/scrubbed/jsomeara/lynx/borzoi-repro/OUTPUTS/basic-model-trainseed42-trackseed42-tracks30pct,human,4502,0.660967178367194,0.6653016460101352,-0.004334467642941209,0.583906723099727,0.579611987098162,0.004294736001565047
/mmfs1/gscratch/scrubbed/jsomeara/lynx/borzoi-repro/OUTPUTS/basic-model-trainseed42-trackseed42-tracks30pct,human,4509,0.6280790001605505,0.6263597266019711,0.0017192735585793706,0.49496727877081986,0.494849462801165,0.0001178159696548775
/mmfs1/gscratch/scrubbed/jsomeara/lynx/borzoi-repro/OUTPUTS/basic-model-trainseed42-trackseed42-tracks30pct,human,4512,0.7310082413117254,0.7336194999875798,-0.002611258675854433,0.40869094763757485,0.40697316951432694,0.001717778123247915
/mmfs1/gscratch/scrubbed/jsomeara/lynx/borzoi-repro/OUTPUTS/basic-model-trainseed42-trackseed42-tracks30pct,human,4518,0.46285169696684464,0.4622300006693875,0.0006216962974571194,0.7869032383718711,0.7861638444512956,0.0007393939205755373
/mmfs1/gscratch/scrubbed/jsomeara/lynx/borzoi-repro/OUTPUTS/basic-model-trainseed42-trackseed42-tracks30pct,human,4527,0.2961948775374143,0.295008074977705,0.0011868025597093212,0.7482112387077211,0.7483100450941302,-9.880638640913375e-05
/mmfs1/gscratch/scrubbed/jsomeara/lynx/borzoi-repro/OUTPUTS/basic-model-trainseed42-trackseed42-tracks30pct,human,4529,0.36093705697713896,0.3610837196906846,-0.0001466627135456311,0.7825144377265423,0.7821924429836447,0.0003219947428976244
/mmfs1/gscratch/scrubbed/jsomeara/lynx/borzoi-repro/OUTPUTS/basic-model-trainseed42-trackseed42-tracks30pct,human,4530,0.3260512579714997,0.32524489929782974,0.0008063586736699602,0.7923806671549894,0.7925063402227841,-0.0001256730677946516
/mmfs1/gscratch/scrubbed/jsomeara/lynx/borzoi-repro/OUTPUTS/basic-model-trainseed42-trackseed42-tracks30pct,human,4533,0.32390119467954637,0.32317725380379575,0.0007239408757506172,0.7845131293567328,0.784385010805665,0.00012811855106775738
/mmfs1/gscratch/scrubbed/jsomeara/lynx/borzoi-repro/OUTPUTS/basic-model-trainseed42-trackseed42-tracks30pct,human,4542,0.45259820088195524,0.45345598696982997,-0.0008577860878747345,0.7516159227807463,0.7503937262311728,0.001222196549573451
/mmfs1/gscratch/scrubbed/jsomeara/lynx/borzoi-repro/OUTPUTS/basic-model-trainseed42-trackseed42-tracks30pct,human,4544,0.33426785096261763,0.3336520249997839,0.0006158259628337159,0.717845406424285,0.7178804718811388,-3.506545685383333e-05
/mmfs1/gscratch/scrubbed/jsomeara/lynx/borzoi-repro/OUTPUTS/basic-model-trainseed42-trackseed42-tracks30pct,human,4547,0.2861597633756217,0.2849463476627798,0.001213415712841892,0.6530514427143695,0.6531013171656418,-4.98744512722471e-05
/mmfs1/gscratch/scrubbed/jsomeara/lynx/borzoi-repro/OUTPUTS/basic-model-trainseed42-trackseed42-tracks30pct,human,4554,0.2775867432226994,0.27713695027889956,0.0004497929437998205,0.6198141627803079,0.6197245851282978,8.957765201011991e-05
/mmfs1/gscratch/scrubbed/jsomeara/lynx/borzoi-repro/OUTPUTS/basic-model-trainseed42-trackseed42-tracks30pct,human,4556,0.3170862720011195,0.3170117743154784,7.449768564110615e-05,0.5841099877442754,0.5840566649247808,5.332281949455009e-05
/mmfs1/gscratch/scrubbed/jsomeara/lynx/borzoi-repro/OUTPUTS/basic-model-trainseed42-trackseed42-tracks30pct,human,4558,0.3220850318016058,0.32143227890192133,0.0006527528996844723,0.608878955557195,0.6088224562839365,5.649927325845905e-05
/mmfs1/gscratch/scrubbed/jsomeara/lynx/borzoi-repro/OUTPUTS/basic-model-trainseed42-trackseed42-tracks30pct,human,4562,0.3002068529330762,0.2993661271806145,0.0008407257524616907,0.733297677948238,0.7335164823895164,-0.00021880444127841958
/mmfs1/gscratch/scrubbed/jsomeara/lynx/borzoi-repro/OUTPUTS/basic-model-trainseed42-trackseed42-tracks30pct,human,4565,0.3146957026267867,0.3144041724077843,0.0002915302190024116,0.8436498853874023,0.8437524926247826,-0.00010260723738031441
/mmfs1/gscratch/scrubbed/jsomeara/lynx/borzoi-repro/OUTPUTS/basic-model-trainseed42-trackseed42-tracks30pct,human,4570,0.38674308612929464,0.3918317001130322,-0.0050886139837375555,0.6187652430874168,0.6182210641247451,0.0005441789626716709
/mmfs1/gscratch/scrubbed/jsomeara/lynx/borzoi-repro/OUTPUTS/basic-model-trainseed42-trackseed42-tracks30pct,human,4579,0.31587976494377595,0.314095445941147,0.0017843190026289313,0.7740654843602085,0.7743948689240222,-0.00032938456381370607
/mmfs1/gscratch/scrubbed/jsomeara/lynx/borzoi-repro/OUTPUTS/basic-model-trainseed42-trackseed42-tracks30pct,human,4580,0.2880342857767506,0.2874600297748533,0.0005742560018973109,0.7420377859149927,0.7421160602822718,-7.827436727914083e-05
/mmfs1/gscratch/scrubbed/jsomeara/lynx/borzoi-repro/OUTPUTS/basic-model-trainseed42-trackseed42-tracks30pct,human,4581,0.2783788726395029,0.2781000593602187,0.00027881327928419575,0.7449201319756922,0.7449806702942829,-6.053831859076375e-05
/mmfs1/gscratch/scrubbed/jsomeara/lynx/borzoi-repro/OUTPUTS/basic-model-trainseed42-trackseed42-tracks30pct,human,4583,0.19567474094985002,0.1965161721750507,-0.000841431225200695,0.41856806821303816,0.4185708241286058,-2.7559155676426528e-06
/mmfs1/gscratch/scrubbed/jsomeara/lynx/borzoi-repro/OUTPUTS/basic-model-trainseed42-trackseed42-tracks30pct,human,4596,0.3544039628994923,0.35314677204713235,0.001257190852359924,0.8272821862708087,0.8274409997506469,-0.00015881347983814909
/mmfs1/gscratch/scrubbed/jsomeara/lynx/borzoi-repro/OUTPUTS/basic-model-trainseed42-trackseed42-tracks30pct,human,4598,0.36661200532997684,0.36527098970124255,0.0013410156287342878,0.8150407511873662,0.8159182610444099,-0.0008775098570437123
/mmfs1/gscratch/scrubbed/jsomeara/lynx/borzoi-repro/OUTPUTS/basic-model-trainseed42-trackseed42-tracks30pct,human,4601,0.4428933001928831,0.4413336892386374,0.0015596109542456715,0.8643447998342402,0.8651400445752818,-0.0007952447410416452
/mmfs1/gscratch/scrubbed/jsomeara/lynx/borzoi-repro/OUTPUTS/basic-model-trainseed42-trackseed42-tracks30pct,human,4604,0.34283666253787115,0.3415381494675736,0.0012985130702975467,0.9313824175173273,0.932917675111232,-0.0015352575939047153
/mmfs1/gscratch/scrubbed/jsomeara/lynx/borzoi-repro/OUTPUTS/basic-model-trainseed42-trackseed42-tracks30pct,human,4609,0.2722272090424915,0.27077667557344465,0.001450533469046833,0.5038147191364533,0.5039324411519386,-0.00011772201548532202
/mmfs1/gscratch/scrubbed/jsomeara/lynx/borzoi-repro/OUTPUTS/basic-model-trainseed42-trackseed42-tracks30pct,human,4610,0.4162364814370234,0.41534355002450496,0.0008929314125184495,0.8865215804752604,0.8872455803560695,-0.0007239998808090675
/mmfs1/gscratch/scrubbed/jsomeara/lynx/borzoi-repro/OUTPUTS/basic-model-trainseed42-trackseed42-tracks30pct,human,4616,0.330626437630846,0.33098544694728915,-0.0003590093164431707,0.23565621972808534,0.2357296412397614,-7.342151167605282e-05
/mmfs1/gscratch/scrubbed/jsomeara/lynx/borzoi-repro/OUTPUTS/basic-model-trainseed42-trackseed42-tracks30pct,human,4617,0.34936336689051034,0.3482593237083684,0.0011040431821419672,0.8151872665293838,0.815844054776955,-0.000656788247571205
/mmfs1/gscratch/scrubbed/jsomeara/lynx/borzoi-repro/OUTPUTS/basic-model-trainseed42-trackseed42-tracks30pct,human,4621,0.5103551190762868,0.5008375636546083,0.009517555421678536,0.6473373501870509,0.6477064850044026,-0.00036913481735179055
/mmfs1/gscratch/scrubbed/jsomeara/lynx/borzoi-repro/OUTPUTS/basic-model-trainseed42-trackseed42-tracks30pct,human,4629,0.44568496786638817,0.44343913178519445,0.0022458360811937195,0.7551157228332982,0.7559105267964861,-0.0007948039631878734
/mmfs1/gscratch/scrubbed/jsomeara/lynx/borzoi-repro/OUTPUTS/basic-model-trainseed42-trackseed42-tracks30pct,human,4630,0.3386392673116119,0.33716899542220014,0.0014702718894117894,0.7366489382129838,0.7372399502617916,-0.0005910120488077375
/mmfs1/gscratch/scrubbed/jsomeara/lynx/borzoi-repro/OUTPUTS/basic-model-trainseed42-trackseed42-tracks30pct,human,4635,0.7348073705000989,0.7318744338447205,0.0029329366553784153,0.3765408429977409,0.3764885369514151,5.230604632577851e-05
/mmfs1/gscratch/scrubbed/jsomeara/lynx/borzoi-repro/OUTPUTS/basic-model-trainseed42-trackseed42-tracks30pct,human,4641,0.642471655880247,0.629501533894846,0.01297012198540104,0.5379320237244377,0.5456893260725451,-0.007757302348107342
/mmfs1/gscratch/scrubbed/jsomeara/lynx/borzoi-repro/OUTPUTS/basic-model-trainseed42-trackseed42-tracks30pct,human,4643,0.37081693283837414,0.37173120315293023,-0.0009142703145560982,0.8444019338375942,0.8449965105077155,-0.0005945766701213051
/mmfs1/gscratch/scrubbed/jsomeara/lynx/borzoi-repro/OUTPUTS/basic-model-trainseed42-trackseed42-tracks30pct,human,4645,0.6179409408277752,0.6174090657024617,0.0005318751253134968,0.6994912156636346,0.6998015227305009,-0.00031030706686629994
/mmfs1/gscratch/scrubbed/jsomeara/lynx/borzoi-repro/OUTPUTS/basic-model-trainseed42-trackseed42-tracks30pct,human,4648,0.8102278749070587,0.7937242043890014,0.016503670518057345,-0.666735309623279,-0.6329438520774483,-0.03379145754583068
/mmfs1/gscratch/scrubbed/jsomeara/lynx/borzoi-repro/OUTPUTS/basic-model-trainseed42-trackseed42-tracks30pct,human,4650,0.1415379522015466,0.14291461981512457,-0.0013766676135779643,0.9007981524140972,0.9004868780061971,0.0003112744079001306
/mmfs1/gscratch/scrubbed/jsomeara/lynx/borzoi-repro/OUTPUTS/basic-model-trainseed42-trackseed42-tracks30pct,human,4651,0.6876942846758632,0.6697159598336518,0.0179783248422114,0.5212474686187915,0.5260111357610692,-0.004763667142277717
/mmfs1/gscratch/scrubbed/jsomeara/lynx/borzoi-repro/OUTPUTS/basic-model-trainseed42-trackseed42-tracks30pct,human,4653,0.44978456380203874,0.43032629192549315,0.019458271876545585,0.7604938447836719,0.7672296571351351,-0.006735812351463255
/mmfs1/gscratch/scrubbed/jsomeara/lynx/borzoi-repro/OUTPUTS/basic-model-trainseed42-trackseed42-tracks30pct,human,4654,0.17180510101636082,0.16970064003293975,0.0021044609834210692,0.5705548334656435,0.5706461727110255,-9.133924538196059e-05
/mmfs1/gscratch/scrubbed/jsomeara/lynx/borzoi-repro/OUTPUTS/basic-model-trainseed42-trackseed42-tracks30pct,human,4655,0.2812611396893152,0.2688196741786422,0.012441465510672989,0.9554734791112172,0.956865954532526,-0.0013924754213088253
/mmfs1/gscratch/scrubbed/jsomeara/lynx/borzoi-repro/OUTPUTS/basic-model-trainseed42-trackseed42-tracks30pct,human,4661,0.1700880787599729,0.16990196517049838,0.0001861135894745125,0.42861146721708443,0.4287031065335132,-9.163931642874878e-05
/mmfs1/gscratch/scrubbed/jsomeara/lynx/borzoi-repro/OUTPUTS/basic-model-trainseed42-trackseed42-tracks30pct,human,4662,0.23126380250069742,0.2268079399482247,0.004455862552472711,0.46346775356961273,0.4638195611422455,-0.0003518075726327563
/mmfs1/gscratch/scrubbed/jsomeara/lynx/borzoi-repro/OUTPUTS/basic-model-trainseed42-trackseed42-tracks30pct,human,4664,0.7388777471660319,0.7337118871609196,0.005165860005112322,0.22021587241592455,0.22189600478881014,-0.0016801323728855844
/mmfs1/gscratch/scrubbed/jsomeara/lynx/borzoi-repro/OUTPUTS/basic-model-trainseed42-trackseed42-tracks30pct,human,4669,0.5356877403476099,0.5365096622178097,-0.0008219218701998043,0.7074383398744961,0.707136597358842,0.00030174251565406873
/mmfs1/gscratch/scrubbed/jsomeara/lynx/borzoi-repro/OUTPUTS/basic-model-trainseed42-trackseed42-tracks30pct,human,4670,0.5706120101554827,0.57087911280931,-0.00026710265382734466,0.7210803159711466,0.7212441807220712,-0.00016386475092455832
/mmfs1/gscratch/scrubbed/jsomeara/lynx/borzoi-repro/OUTPUTS/basic-model-trainseed42-trackseed42-tracks30pct,human,4674,0.4402438989679064,0.4421598477358346,-0.0019159487679282217,0.6642023776406423,0.6637162985424762,0.0004860790981661145
/mmfs1/gscratch/scrubbed/jsomeara/lynx/borzoi-repro/OUTPUTS/basic-model-trainseed42-trackseed42-tracks30pct,human,4676,0.6433330699945224,0.651128663597328,-0.007795593602805573,-0.19025109338000262,-0.19270141417904743,0.0024503207990448084
/mmfs1/gscratch/scrubbed/jsomeara/lynx/borzoi-repro/OUTPUTS/basic-model-trainseed42-trackseed42-tracks30pct,human,4677,0.6525471016434898,0.660512802529928,-0.00796570088643811,-0.22647556064368032,-0.22985937456631358,0.003383813922633261
/mmfs1/gscratch/scrubbed/jsomeara/lynx/borzoi-repro/OUTPUTS/basic-model-trainseed42-trackseed42-tracks30pct,human,4678,0.6544274628614226,0.661223044981211,-0.006795582119788368,-0.09922816331560975,-0.09946420190167342,0.0002360385860636638
/mmfs1/gscratch/scrubbed/jsomeara/lynx/borzoi-repro/OUTPUTS/basic-model-trainseed42-trackseed42-tracks30pct,human,4680,0.6679640344296263,0.6752116420149714,-0.0072476075853451505,-0.2808450005660899,-0.28693727054420987,0.006092269978119957
/mmfs1/gscratch/scrubbed/jsomeara/lynx/borzoi-repro/OUTPUTS/basic-model-trainseed42-trackseed42-tracks30pct,human,4684,0.5458581613439392,0.5683112346632542,-0.02245307331931501,-0.05848225837729392,-0.06366228776899224,0.005180029391698322
/mmfs1/gscratch/scrubbed/jsomeara/lynx/borzoi-repro/OUTPUTS/basic-model-trainseed42-trackseed42-tracks30pct,human,4686,0.5751130761844666,0.5827840450151804,-0.007670968830713831,-0.13893479461646968,-0.1413753983341896,0.0024406037177199247
/mmfs1/gscratch/scrubbed/jsomeara/lynx/borzoi-repro/OUTPUTS/basic-model-trainseed42-trackseed42-tracks30pct,human,4687,0.6495763458931514,0.6572101729566409,-0.007633827063489473,-0.17666294717092237,-0.17974820264299646,0.0030852554720740832
/mmfs1/gscratch/scrubbed/jsomeara/lynx/borzoi-repro/OUTPUTS/basic-model-trainseed42-trackseed42-tracks30pct,human,4692,0.6581640722361305,0.6665356602607484,-0.008371588024617904,-0.2542285181396061,-0.25867421593557827,0.004445697795972148
/mmfs1/gscratch/scrubbed/jsomeara/lynx/borzoi-repro/OUTPUTS/basic-model-trainseed42-trackseed42-tracks30pct,human,4698,0.70384729565811,0.7103229095132486,-0.006475613855138618,-0.28105882556377515,-0.2811171691692018,5.83436054266695e-05
/mmfs1/gscratch/scrubbed/jsomeara/lynx/borzoi-repro/OUTPUTS/basic-model-trainseed42-trackseed42-tracks30pct,human,4701,0.7123405609035298,0.7192115176595415,-0.006870956756011681,-0.42716375104176973,-0.4330031802967906,0.005839429255020845
/mmfs1/gscratch/scrubbed/jsomeara/lynx/borzoi-repro/OUTPUTS/basic-model-trainseed42-trackseed42-tracks30pct,human,4705,0.7091983729260779,0.7166998306093748,-0.007501457683296908,-0.46397595157820387,-0.4708453783323456,0.006869426754141705
/mmfs1/gscratch/scrubbed/jsomeara/lynx/borzoi-repro/OUTPUTS/basic-model-trainseed42-trackseed42-tracks30pct,human,4709,0.7194698387756864,0.7271519358588645,-0.00768209708317813,-0.35090670931815304,-0.3537330983841619,0.0028263890660088498
/mmfs1/gscratch/scrubbed/jsomeara/lynx/borzoi-repro/OUTPUTS/basic-model-trainseed42-trackseed42-tracks30pct,human,4710,0.6943770506579426,0.6987568275700713,-0.004379776912128652,-0.36380981657767236,-0.369085961329947,0.005276144752274614
/mmfs1/gscratch/scrubbed/jsomeara/lynx/borzoi-repro/OUTPUTS/basic-model-trainseed42-trackseed42-tracks30pct,human,4712,0.7277446269796376,0.7311152540047546,-0.0033706270251170345,-0.3832662461967518,-0.38347836107037314,0.00021211487362132742
/mmfs1/gscratch/scrubbed/jsomeara/lynx/borzoi-repro/OUTPUTS/basic-model-trainseed42-trackseed42-tracks30pct,human,4713,0.7322172057922293,0.7390311243649744,-0.006813918572745159,-0.46597526985997684,-0.46766505676810777,0.0016897869081309302
/mmfs1/gscratch/scrubbed/jsomeara/lynx/borzoi-repro/OUTPUTS/basic-model-trainseed42-trackseed42-tracks30pct,human,4715,0.6789001568153771,0.6851942766339156,-0.006294119818538557,-0.3341264657156365,-0.3318635388690408,-0.002262926846595681
/mmfs1/gscratch/scrubbed/jsomeara/lynx/borzoi-repro/OUTPUTS/basic-model-trainseed42-trackseed42-tracks30pct,human,4725,0.6666379671070051,0.6750123161594263,-0.008374349052421182,-0.07688922056107275,-0.0770316565372931,0.00014243597622035087
/mmfs1/gscratch/scrubbed/jsomeara/lynx/borzoi-repro/OUTPUTS/basic-model-trainseed42-trackseed42-tracks30pct,human,4728,0.7173402645271308,0.727130137173521,-0.009789872646390196,-0.2523915857711479,-0.25251153472508236,0.0001199489539344678
/mmfs1/gscratch/scrubbed/jsomeara/lynx/borzoi-repro/OUTPUTS/basic-model-trainseed42-trackseed42-tracks30pct,human,4729,0.6956551356739035,0.7056020238857309,-0.009946888211827432,-0.24386026419083837,-0.24400329924728276,0.00014303505644439052
/mmfs1/gscratch/scrubbed/jsomeara/lynx/borzoi-repro/OUTPUTS/basic-model-trainseed42-trackseed42-tracks30pct,human,4734,0.6994762947703443,0.7110907783435777,-0.011614483573233358,-0.1652984194206704,-0.16723055113984595,0.001932131719175556
/mmfs1/gscratch/scrubbed/jsomeara/lynx/borzoi-repro/OUTPUTS/basic-model-trainseed42-trackseed42-tracks30pct,human,4738,0.694977724045575,0.7040156276946347,-0.009037903649059653,-0.16438717955226254,-0.1651182287302332,0.0007310491779706774
/mmfs1/gscratch/scrubbed/jsomeara/lynx/borzoi-repro/OUTPUTS/basic-model-trainseed42-trackseed42-tracks30pct,human,4740,0.7129243048874093,0.7246925741277046,-0.011768269240295282,-0.1862251010646582,-0.18794080329041526,0.0017157022257570653
/mmfs1/gscratch/scrubbed/jsomeara/lynx/borzoi-repro/OUTPUTS/basic-model-trainseed42-trackseed42-tracks30pct,human,4741,0.7091602065440304,0.7201887265886905,-0.01102852004466004,-0.2455677535607171,-0.24540548206863186,-0.00016227149208525304
/mmfs1/gscratch/scrubbed/jsomeara/lynx/borzoi-repro/OUTPUTS/basic-model-trainseed42-trackseed42-tracks30pct,human,4743,0.6884650981443026,0.698783840501495,-0.010318742357192434,-0.10576709093819983,-0.10623975378143667,0.00047266284323684016
/mmfs1/gscratch/scrubbed/jsomeara/lynx/borzoi-repro/OUTPUTS/basic-model-trainseed42-trackseed42-tracks30pct,human,4751,0.622623726482612,0.6409404644168372,-0.01831673793422517,-0.0059688128659938,-0.007063176768447111,0.001094363902453311
/mmfs1/gscratch/scrubbed/jsomeara/lynx/borzoi-repro/OUTPUTS/basic-model-trainseed42-trackseed42-tracks30pct,human,4753,0.6419960926779226,0.6555580909573937,-0.013561998279471132,-0.055138772487060485,-0.05596987306053635,0.0008311005734758653
/mmfs1/gscratch/scrubbed/jsomeara/lynx/borzoi-repro/OUTPUTS/basic-model-trainseed42-trackseed42-tracks30pct,human,4761,0.6607271170533651,0.6651482864690079,-0.004421169415642856,-0.13281525102223807,-0.13525052578776997,0.002435274765531903
/mmfs1/gscratch/scrubbed/jsomeara/lynx/borzoi-repro/OUTPUTS/basic-model-trainseed42-trackseed42-tracks30pct,human,4762,0.6812738575538704,0.6910194992514523,-0.009745641697581964,-0.1853820888951554,-0.18819003662793501,0.00280794773277962
/mmfs1/gscratch/scrubbed/jsomeara/lynx/borzoi-repro/OUTPUTS/basic-model-trainseed42-trackseed42-tracks30pct,human,4763,0.6786304158987904,0.683604714414617,-0.004974298515826647,-0.21887314899193455,-0.22230314275398486,0.003429993762050304
/mmfs1/gscratch/scrubbed/jsomeara/lynx/borzoi-repro/OUTPUTS/basic-model-trainseed42-trackseed42-tracks30pct,human,4771,0.7301644204836023,0.7400765931106587,-0.009912172627056348,-0.4782261356773329,-0.48000729880990906,0.0017811631325761468
/mmfs1/gscratch/scrubbed/jsomeara/lynx/borzoi-repro/OUTPUTS/basic-model-trainseed42-trackseed42-tracks30pct,human,4772,0.7321561230983367,0.7447063558426357,-0.012550232744299006,-0.389445780600636,-0.39219152036045196,0.002745739759815957
/mmfs1/gscratch/scrubbed/jsomeara/lynx/borzoi-repro/OUTPUTS/basic-model-trainseed42-trackseed42-tracks30pct,human,4777,0.7371827306268864,0.7492775831151047,-0.012094852488218288,-0.46926076984301107,-0.473950529838637,0.004689759995625931
/mmfs1/gscratch/scrubbed/jsomeara/lynx/borzoi-repro/OUTPUTS/basic-model-trainseed42-trackseed42-tracks30pct,human,4779,0.6838353288362212,0.6924361866430216,-0.008600857806800422,-0.13586057836566912,-0.13540150717829455,-0.00045907118737456565
/mmfs1/gscratch/scrubbed/jsomeara/lynx/borzoi-repro/OUTPUTS/basic-model-trainseed42-trackseed42-tracks30pct,human,4782,0.6788294231981671,0.6953071678474756,-0.016477744649308512,-0.11359010022195506,-0.11767554429615552,0.004085444074200459
/mmfs1/gscratch/scrubbed/jsomeara/lynx/borzoi-repro/OUTPUTS/basic-model-trainseed42-trackseed42-tracks30pct,human,4783,0.6846944472516436,0.6950252780010902,-0.010330830749446518,-0.21274895062290453,-0.21374248679786648,0.000993536174961951
/mmfs1/gscratch/scrubbed/jsomeara/lynx/borzoi-repro/OUTPUTS/basic-model-trainseed42-trackseed42-tracks30pct,human,4789,0.7348503788129952,0.7439682966605126,-0.009117917847517365,-0.17490623393509525,-0.17671607543215007,0.0018098414970548204
/mmfs1/gscratch/scrubbed/jsomeara/lynx/borzoi-repro/OUTPUTS/basic-model-trainseed42-trackseed42-tracks30pct,human,4792,0.691595345560862,0.699393498579031,-0.007798153018168996,0.019551157452080116,0.01825013074074631,0.0013010267113338046
/mmfs1/gscratch/scrubbed/jsomeara/lynx/borzoi-repro/OUTPUTS/basic-model-trainseed42-trackseed42-tracks30pct,human,4793,0.6533358939733186,0.6599195418353735,-0.006583647862054898,-0.21208377501461295,-0.2115423979331281,-0.0005413770814848562
/mmfs1/gscratch/scrubbed/jsomeara/lynx/borzoi-repro/OUTPUTS/basic-model-trainseed42-trackseed42-tracks30pct,human,4794,0.6435263556987815,0.6505577435583436,-0.007031387859562144,-0.13409601710533908,-0.1342393662970752,0.00014334919173611405
/mmfs1/gscratch/scrubbed/jsomeara/lynx/borzoi-repro/OUTPUTS/basic-model-trainseed42-trackseed42-tracks30pct,human,4799,0.6978758906933619,0.7067383356431319,-0.008862444949770065,-0.3741258552909856,-0.37677299029244365,0.0026471350014580786
/mmfs1/gscratch/scrubbed/jsomeara/lynx/borzoi-repro/OUTPUTS/basic-model-trainseed42-trackseed42-tracks30pct,human,4800,0.682135284665376,0.6902912887758684,-0.008156004110492443,-0.25994863255404393,-0.26083532338076093,0.000886690826716996
/mmfs1/gscratch/scrubbed/jsomeara/lynx/borzoi-repro/OUTPUTS/basic-model-trainseed42-trackseed42-tracks30pct,human,4804,0.7295917818561728,0.7384083842648044,-0.00881660240863158,-0.5658308989914567,-0.5686557597825869,0.0028248607911302015
/mmfs1/gscratch/scrubbed/jsomeara/lynx/borzoi-repro/OUTPUTS/basic-model-trainseed42-trackseed42-tracks30pct,human,4805,0.6375952380871176,0.6373578389929734,0.00023739909414421945,-0.06422248542381101,-0.06339406116065177,-0.0008284242631592387
/mmfs1/gscratch/scrubbed/jsomeara/lynx/borzoi-repro/OUTPUTS/basic-model-trainseed42-trackseed42-tracks30pct,human,4814,0.6854558665189255,0.6971138868252565,-0.011658020306331007,-0.17081808378689795,-0.1739902535609588,0.0031721697740608457
/mmfs1/gscratch/scrubbed/jsomeara/lynx/borzoi-repro/OUTPUTS/basic-model-trainseed42-trackseed42-tracks30pct,human,4818,0.6210036092726087,0.6365524430663833,-0.015548833793774586,-0.0826619243595409,-0.08615398772000271,0.0034920633604618168
/mmfs1/gscratch/scrubbed/jsomeara/lynx/borzoi-repro/OUTPUTS/basic-model-trainseed42-trackseed42-tracks30pct,human,4819,0.6736773943146448,0.6859888325657824,-0.012311438251137563,-0.22098017998192376,-0.22624637219867294,0.005266192216749177
/mmfs1/gscratch/scrubbed/jsomeara/lynx/borzoi-repro/OUTPUTS/basic-model-trainseed42-trackseed42-tracks30pct,human,4828,0.6688928301525494,0.6824613017269078,-0.013568471574358365,-0.004452501382499032,-0.005005862381080141,0.0005533609985811094
/mmfs1/gscratch/scrubbed/jsomeara/lynx/borzoi-repro/OUTPUTS/basic-model-trainseed42-trackseed42-tracks30pct,human,4831,0.6913758103433741,0.6963613806407221,-0.004985570297347919,-0.05707912815227325,-0.0569450335149345,-0.0001340946373387525
/mmfs1/gscratch/scrubbed/jsomeara/lynx/borzoi-repro/OUTPUTS/basic-model-trainseed42-trackseed42-tracks30pct,human,4835,0.5444142668553851,0.5660708461396298,-0.021656579284244692,0.08273349158213972,0.08249373923247608,0.00023975234966364112
/mmfs1/gscratch/scrubbed/jsomeara/lynx/borzoi-repro/OUTPUTS/basic-model-trainseed42-trackseed42-tracks30pct,human,4843,0.6115439441387915,0.6267178927651713,-0.015173948626379774,-0.025949498411426637,-0.0268007580302374,0.0008512596188107631
/mmfs1/gscratch/scrubbed/jsomeara/lynx/borzoi-repro/OUTPUTS/basic-model-trainseed42-trackseed42-tracks30pct,human,4848,0.6917465602102193,0.6994741585897897,-0.007727598379570377,-0.13590204879253648,-0.136242369538771,0.0003403207462345237
/mmfs1/gscratch/scrubbed/jsomeara/lynx/borzoi-repro/OUTPUTS/basic-model-trainseed42-trackseed42-tracks30pct,human,4849,0.6962782747220079,0.7079535039107433,-0.011675229188735425,-0.1245196038457657,-0.12522716561648026,0.0007075617707145571
/mmfs1/gscratch/scrubbed/jsomeara/lynx/borzoi-repro/OUTPUTS/basic-model-trainseed42-trackseed42-tracks30pct,human,4852,0.6578154189948506,0.6634164288785007,-0.005601009883650088,-0.10038368549678651,-0.09995533996960368,-0.0004283455271828357
/mmfs1/gscratch/scrubbed/jsomeara/lynx/borzoi-repro/OUTPUTS/basic-model-trainseed42-trackseed42-tracks30pct,human,4853,0.7089186041630114,0.7150219495699758,-0.006103345406964333,-0.10167743801650228,-0.10241054685946274,0.0007331088429604615
/mmfs1/gscratch/scrubbed/jsomeara/lynx/borzoi-repro/OUTPUTS/basic-model-trainseed42-trackseed42-tracks30pct,human,4854,0.6911915192688022,0.7059816111692067,-0.014790091900404478,-0.18801050363414384,-0.1901404993238988,0.0021299956897549432
/mmfs1/gscratch/scrubbed/jsomeara/lynx/borzoi-repro/OUTPUTS/basic-model-trainseed42-trackseed42-tracks30pct,human,4856,0.6757631904270486,0.6841239483770395,-0.008360757949990916,-0.10553101056334512,-0.10466358688793219,-0.0008674236754129261
/mmfs1/gscratch/scrubbed/jsomeara/lynx/borzoi-repro/OUTPUTS/basic-model-trainseed42-trackseed42-tracks30pct,human,4861,0.6979331943108561,0.7044113224541122,-0.006478128143256101,-0.0828374258011584,-0.08278633259098359,-5.1093210174810166e-05
/mmfs1/gscratch/scrubbed/jsomeara/lynx/borzoi-repro/OUTPUTS/basic-model-trainseed42-trackseed42-tracks30pct,human,4862,0.712118373983199,0.7153111239243953,-0.003192749941196338,-0.14837481769447897,-0.1476845182382281,-0.0006902994562508757
/mmfs1/gscratch/scrubbed/jsomeara/lynx/borzoi-repro/OUTPUTS/basic-model-trainseed42-trackseed42-tracks30pct,human,4868,0.6184450925758503,0.6312729703053857,-0.012827877729535309,-0.027659230116592253,-0.028744086335076382,0.0010848562184841287
/mmfs1/gscratch/scrubbed/jsomeara/lynx/borzoi-repro/OUTPUTS/basic-model-trainseed42-trackseed42-tracks30pct,human,4870,0.6538960187748778,0.6627114783637696,-0.00881545958889185,-0.2898109456984522,-0.29188339283145426,0.002072447133002031
/mmfs1/gscratch/scrubbed/jsomeara/lynx/borzoi-repro/OUTPUTS/basic-model-trainseed42-trackseed42-tracks30pct,human,4872,0.7446101081678927,0.755276618911029,-0.010666510743136293,-0.5747848617903889,-0.5792463970497989,0.0044615352594099544
/mmfs1/gscratch/scrubbed/jsomeara/lynx/borzoi-repro/OUTPUTS/basic-model-trainseed42-trackseed42-tracks30pct,human,4875,0.5666875150875695,0.5831391205960867,-0.01645160550851721,-0.017941453162871594,-0.018926747085102072,0.0009852939222304777
/mmfs1/gscratch/scrubbed/jsomeara/lynx/borzoi-repro/OUTPUTS/basic-model-trainseed42-trackseed42-tracks30pct,human,4878,0.6730697608140239,0.6817594050954048,-0.00868964428138086,-0.2760322579322905,-0.27897226826666427,0.002940010334373744
/mmfs1/gscratch/scrubbed/jsomeara/lynx/borzoi-repro/OUTPUTS/basic-model-trainseed42-trackseed42-tracks30pct,human,4883,0.7108138261228297,0.722939987872763,-0.012126161749933306,-0.17648213095521958,-0.17995855257475354,0.0034764216195339592
/mmfs1/gscratch/scrubbed/jsomeara/lynx/borzoi-repro/OUTPUTS/basic-model-trainseed42-trackseed42-tracks30pct,human,4884,0.6420611584253225,0.6515669156092995,-0.009505757183976948,-0.18685616535599586,-0.1886611031399654,0.0018049377839695346
/mmfs1/gscratch/scrubbed/jsomeara/lynx/borzoi-repro/OUTPUTS/basic-model-trainseed42-trackseed42-tracks30pct,human,4885,0.6007757968126595,0.6132681853889104,-0.012492388576250901,-0.11487502252282819,-0.11660635475070612,0.001731332227877927
/mmfs1/gscratch/scrubbed/jsomeara/lynx/borzoi-repro/OUTPUTS/basic-model-trainseed42-trackseed42-tracks30pct,human,4888,0.6578055186680604,0.6729324502886829,-0.015126931620622508,-0.11423347888003046,-0.11620827197611736,0.001974793096086891
/mmfs1/gscratch/scrubbed/jsomeara/lynx/borzoi-repro/OUTPUTS/basic-model-trainseed42-trackseed42-tracks30pct,human,4890,0.6428747277034016,0.6575866719983714,-0.014711944294969803,-0.1514393721682712,-0.15338458140294914,0.001945209234677947
/mmfs1/gscratch/scrubbed/jsomeara/lynx/borzoi-repro/OUTPUTS/basic-model-trainseed42-trackseed42-tracks30pct,human,4891,0.636801560274248,0.6475123366473204,-0.010710776373072495,-0.1754668256165359,-0.1780948061631859,0.002627980546650005
/mmfs1/gscratch/scrubbed/jsomeara/lynx/borzoi-repro/OUTPUTS/basic-model-trainseed42-trackseed42-tracks30pct,human,4892,0.6574098888059391,0.669667200218183,-0.012257311412243954,-0.1771082545052446,-0.17916055308087525,0.002052298575630662
/mmfs1/gscratch/scrubbed/jsomeara/lynx/borzoi-repro/OUTPUTS/basic-model-trainseed42-trackseed42-tracks30pct,human,4893,0.5832630380391531,0.6032420461832653,-0.01997900814411213,0.019046709412118775,0.016913283905311775,0.0021334255068070004
/mmfs1/gscratch/scrubbed/jsomeara/lynx/borzoi-repro/OUTPUTS/basic-model-trainseed42-trackseed42-tracks30pct,human,4894,0.6647407033417193,0.6782288207150707,-0.013488117373351427,0.1368041461243631,0.13334564797734877,0.0034584981470143217
/mmfs1/gscratch/scrubbed/jsomeara/lynx/borzoi-repro/OUTPUTS/basic-model-trainseed42-trackseed42-tracks30pct,human,4896,0.5999770340390411,0.6102457585507234,-0.010268724511682259,-0.06330777085745229,-0.06418500379186215,0.0008772329344098606
/mmfs1/gscratch/scrubbed/jsomeara/lynx/borzoi-repro/OUTPUTS/basic-model-trainseed42-trackseed42-tracks30pct,human,4900,0.6634944602702394,0.6751200439550942,-0.011625583684854779,-0.1022480275707966,-0.10323599510300345,0.0009879675322068543
/mmfs1/gscratch/scrubbed/jsomeara/lynx/borzoi-repro/OUTPUTS/basic-model-trainseed42-trackseed42-tracks30pct,human,4901,0.7149361959518157,0.7246281231768664,-0.009691927225050745,-0.36318009456211964,-0.3656423134545316,0.002462218892411938
/mmfs1/gscratch/scrubbed/jsomeara/lynx/borzoi-repro/OUTPUTS/basic-model-trainseed42-trackseed42-tracks30pct,human,4903,0.6660924085272214,0.6768608259078402,-0.010768417380618844,-0.04271405281471581,-0.04336086074383841,0.0006468079291225975
/mmfs1/gscratch/scrubbed/jsomeara/lynx/borzoi-repro/OUTPUTS/basic-model-trainseed42-trackseed42-tracks30pct,human,4906,0.6497486772209861,0.6639489743968634,-0.014200297175877341,-0.07841674520552994,-0.08082077915533031,0.002404033949800377
/mmfs1/gscratch/scrubbed/jsomeara/lynx/borzoi-repro/OUTPUTS/basic-model-trainseed42-trackseed42-tracks30pct,human,4908,0.7375663800897106,0.7487666690137299,-0.011200288924019253,-0.4814314458175055,-0.4871526561467824,0.00572121032927686
/mmfs1/gscratch/scrubbed/jsomeara/lynx/borzoi-repro/OUTPUTS/basic-model-trainseed42-trackseed42-tracks30pct,human,4909,0.6453995274410418,0.6591626575319213,-0.013763130090879483,0.08125728066291037,0.07956111995560362,0.001696160707306743
/mmfs1/gscratch/scrubbed/jsomeara/lynx/borzoi-repro/OUTPUTS/basic-model-trainseed42-trackseed42-tracks30pct,human,4910,0.6782542679213657,0.6862379843197197,-0.007983716398354046,-0.1028379954505805,-0.10484444918309696,0.0020064537325164555
/mmfs1/gscratch/scrubbed/jsomeara/lynx/borzoi-repro/OUTPUTS/basic-model-trainseed42-trackseed42-tracks30pct,human,4912,0.6715717479033818,0.6848412434780675,-0.013269495574685708,-0.055297630382633176,-0.05722474268299814,0.0019271123003649637
/mmfs1/gscratch/scrubbed/jsomeara/lynx/borzoi-repro/OUTPUTS/basic-model-trainseed42-trackseed42-tracks30pct,human,4917,0.6207414153758334,0.633723693451588,-0.012982278075754583,0.027780156305544756,0.02735439408728873,0.0004257622182560275
/mmfs1/gscratch/scrubbed/jsomeara/lynx/borzoi-repro/OUTPUTS/basic-model-trainseed42-trackseed42-tracks30pct,human,4920,0.5702708921105077,0.5832619784291144,-0.012991086318606682,-0.019580700623007728,-0.020224196730486636,0.0006434961074789081
/mmfs1/gscratch/scrubbed/jsomeara/lynx/borzoi-repro/OUTPUTS/basic-model-trainseed42-trackseed42-tracks30pct,human,4923,0.5311358338972699,0.553206231381764,-0.02207039748449402,0.04458069924778744,0.04390297141376146,0.0006777278340259763
/mmfs1/gscratch/scrubbed/jsomeara/lynx/borzoi-repro/OUTPUTS/basic-model-trainseed42-trackseed42-tracks30pct,human,4924,0.5574894437368159,0.57916798071815,-0.02167853698133415,0.01322882463944508,0.012032176405646158,0.0011966482337989227
/mmfs1/gscratch/scrubbed/jsomeara/lynx/borzoi-repro/OUTPUTS/basic-model-trainseed42-trackseed42-tracks30pct,human,4927,0.619727460269375,0.6365112140434492,-0.01678375377407426,-0.0017591376525088827,-0.0021644095713016487,0.00040527191879276606
/mmfs1/gscratch/scrubbed/jsomeara/lynx/borzoi-repro/OUTPUTS/basic-model-trainseed42-trackseed42-tracks30pct,human,4931,0.6681335239487168,0.6761810149409266,-0.008047490992209805,0.054159848837850674,0.053324660658512095,0.0008351881793385793
/mmfs1/gscratch/scrubbed/jsomeara/lynx/borzoi-repro/OUTPUTS/basic-model-trainseed42-trackseed42-tracks30pct,human,4932,0.6037426979408632,0.6243621928342854,-0.020619494893422186,0.013688799995273676,0.013150719686707963,0.0005380803085657127
/mmfs1/gscratch/scrubbed/jsomeara/lynx/borzoi-repro/OUTPUTS/basic-model-trainseed42-trackseed42-tracks30pct,human,4939,0.7048519002171116,0.7098631765225184,-0.005011276305406764,0.008555812322147766,0.008331366587838762,0.00022444573430900443
/mmfs1/gscratch/scrubbed/jsomeara/lynx/borzoi-repro/OUTPUTS/basic-model-trainseed42-trackseed42-tracks30pct,human,4940,0.6372742753301834,0.6496544561377958,-0.012380180807612384,-0.024236508991001594,-0.02448078640431842,0.0002442774133168263
/mmfs1/gscratch/scrubbed/jsomeara/lynx/borzoi-repro/OUTPUTS/basic-model-trainseed42-trackseed42-tracks30pct,human,4941,0.5912988825602492,0.6081108710828594,-0.016811988522610233,0.03799353746111621,0.03637416105003676,0.001619376411079447
/mmfs1/gscratch/scrubbed/jsomeara/lynx/borzoi-repro/OUTPUTS/basic-model-trainseed42-trackseed42-tracks30pct,human,4943,0.6235276445797887,0.6375565625347475,-0.014028917954958753,-0.018389921548969027,-0.01871384909991002,0.0003239275509409924
/mmfs1/gscratch/scrubbed/jsomeara/lynx/borzoi-repro/OUTPUTS/basic-model-trainseed42-trackseed42-tracks30pct,human,4944,0.6735925548848795,0.6800022440019295,-0.006409689117050088,0.19594573751277802,0.19546076030615123,0.00048497720662679655
/mmfs1/gscratch/scrubbed/jsomeara/lynx/borzoi-repro/OUTPUTS/basic-model-trainseed42-trackseed42-tracks30pct,human,4952,0.6133438585829756,0.6329811831400404,-0.019637324557064795,0.036994607169354016,0.036244978198079605,0.0007496289712744103
/mmfs1/gscratch/scrubbed/jsomeara/lynx/borzoi-repro/OUTPUTS/basic-model-trainseed42-trackseed42-tracks30pct,human,4964,0.5507968068016166,0.5662795488750724,-0.01548274207345579,0.0769065120376968,0.0767719540796771,0.00013455795801969872
/mmfs1/gscratch/scrubbed/jsomeara/lynx/borzoi-repro/OUTPUTS/basic-model-trainseed42-trackseed42-tracks30pct,human,4965,0.411611701035993,0.4307116267924643,-0.019099925756471292,0.08347694506500766,0.08211431840872453,0.0013626266562831307
/mmfs1/gscratch/scrubbed/jsomeara/lynx/borzoi-repro/OUTPUTS/basic-model-trainseed42-trackseed42-tracks30pct,human,4969,0.6325508030530105,0.6361415609106114,-0.003590757857600879,0.09423117386302794,0.09275176168524418,0.0014794121777837593
/mmfs1/gscratch/scrubbed/jsomeara/lynx/borzoi-repro/OUTPUTS/basic-model-trainseed42-trackseed42-tracks30pct,human,4971,0.539365983389823,0.5566314845212591,-0.0172655011314361,0.0943376050709953,0.09278292339674479,0.0015546816742505049
/mmfs1/gscratch/scrubbed/jsomeara/lynx/borzoi-repro/OUTPUTS/basic-model-trainseed42-trackseed42-tracks30pct,human,4977,0.4325470331497671,0.440451596266424,-0.007904563116656882,0.01647303524075926,0.01624416712715239,0.00022886811360687057
/mmfs1/gscratch/scrubbed/jsomeara/lynx/borzoi-repro/OUTPUTS/basic-model-trainseed42-trackseed42-tracks30pct,human,4978,0.495147638803347,0.495712887159552,-0.0005652483562049726,0.04496092582873013,0.044837308759334144,0.00012361706939598843
/mmfs1/gscratch/scrubbed/jsomeara/lynx/borzoi-repro/OUTPUTS/basic-model-trainseed42-trackseed42-tracks30pct,human,4981,0.5135068106674459,0.5177792292739128,-0.004272418606466988,0.028413667187238572,0.028271682067616204,0.0001419851196223683
/mmfs1/gscratch/scrubbed/jsomeara/lynx/borzoi-repro/OUTPUTS/basic-model-trainseed42-trackseed42-tracks30pct,human,4985,0.6872796872099474,0.6944953527670178,-0.0072156655570704276,-0.0487490914267414,-0.04918036617673731,0.000431274749995908
/mmfs1/gscratch/scrubbed/jsomeara/lynx/borzoi-repro/OUTPUTS/basic-model-trainseed42-trackseed42-tracks30pct,human,4991,0.6373084292777985,0.6537576920181849,-0.016449262740386383,-0.04389760863364851,-0.044440246281865825,0.0005426376482173118
/mmfs1/gscratch/scrubbed/jsomeara/lynx/borzoi-repro/OUTPUTS/basic-model-trainseed42-trackseed42-tracks30pct,human,4992,0.5123645012412588,0.5259518068227779,-0.013587305581519105,0.03006158679582122,0.029734382239716126,0.0003272045561050936
/mmfs1/gscratch/scrubbed/jsomeara/lynx/borzoi-repro/OUTPUTS/basic-model-trainseed42-trackseed42-tracks30pct,human,4993,0.6229276436140989,0.6306400723960699,-0.007712428781970981,-0.0069485689842743205,-0.006480789468195474,-0.0004677795160788461
/mmfs1/gscratch/scrubbed/jsomeara/lynx/borzoi-repro/OUTPUTS/basic-model-trainseed42-trackseed42-tracks30pct,human,4994,0.6472625012731411,0.6580796422839483,-0.010817141010807219,-0.06818195769180543,-0.06824472163556174,6.276394375630268e-05
/mmfs1/gscratch/scrubbed/jsomeara/lynx/borzoi-repro/OUTPUTS/basic-model-trainseed42-trackseed42-tracks30pct,human,4997,0.5268278019022783,0.550357707190381,-0.023529905288102726,0.03307963828329166,0.03280138832804197,0.0002782499552496931
/mmfs1/gscratch/scrubbed/jsomeara/lynx/borzoi-repro/OUTPUTS/basic-model-trainseed42-trackseed42-tracks30pct,human,4998,0.654527179261361,0.6633498422364218,-0.008822662975060847,0.0217274503246106,0.022338427820716537,-0.0006109774961059362
/mmfs1/gscratch/scrubbed/jsomeara/lynx/borzoi-repro/OUTPUTS/basic-model-trainseed42-trackseed42-tracks30pct,human,5001,0.6643178374201834,0.6704848875041399,-0.006167050083956571,0.18219791393303358,0.18164910805605158,0.0005488058769820003
/mmfs1/gscratch/scrubbed/jsomeara/lynx/borzoi-repro/OUTPUTS/basic-model-trainseed42-trackseed42-tracks30pct,human,5003,0.5544942382735897,0.5660925933323775,-0.011598355058787813,0.019522207290330225,0.019523010928011453,-8.036376812278756e-07
/mmfs1/gscratch/scrubbed/jsomeara/lynx/borzoi-repro/OUTPUTS/basic-model-trainseed42-trackseed42-tracks30pct,human,5009,0.6400212258428698,0.6538597052147542,-0.013838479371884427,-0.0007704586505983299,-0.0014840537122420491,0.0007135950616437192
/mmfs1/gscratch/scrubbed/jsomeara/lynx/borzoi-repro/OUTPUTS/basic-model-trainseed42-trackseed42-tracks30pct,human,5013,0.6228983488198544,0.6358243958717554,-0.012926047051901035,-0.019306306825998834,-0.01927888735098199,-2.741947501684258e-05
/mmfs1/gscratch/scrubbed/jsomeara/lynx/borzoi-repro/OUTPUTS/basic-model-trainseed42-trackseed42-tracks30pct,human,5015,0.695531340646988,0.7074790539140428,-0.011947713267054794,-0.1584249920722936,-0.16053611823607122,0.0021111261637776213
/mmfs1/gscratch/scrubbed/jsomeara/lynx/borzoi-repro/OUTPUTS/basic-model-trainseed42-trackseed42-tracks30pct,human,5018,0.5911041572453297,0.6112668062085596,-0.020162648963229834,-0.010085173217297693,-0.011222911996994713,0.0011377387796970197
/mmfs1/gscratch/scrubbed/jsomeara/lynx/borzoi-repro/OUTPUTS/basic-model-trainseed42-trackseed42-tracks30pct,human,5022,0.6933879862906024,0.7080192339787165,-0.01463124768811408,-0.17787864765208913,-0.17982229326316196,0.001943645611072825
/mmfs1/gscratch/scrubbed/jsomeara/lynx/borzoi-repro/OUTPUTS/basic-model-trainseed42-trackseed42-tracks30pct,human,5024,0.6749291539826668,0.686901030566286,-0.011971876583619201,-0.12685931064088157,-0.12731796062581463,0.0004586499849330572
/mmfs1/gscratch/scrubbed/jsomeara/lynx/borzoi-repro/OUTPUTS/basic-model-trainseed42-trackseed42-tracks30pct,human,5028,0.6983283874825621,0.7062610529326038,-0.007932665450041676,-0.046225437128470596,-0.04696796251935609,0.0007425253908854915
/mmfs1/gscratch/scrubbed/jsomeara/lynx/borzoi-repro/OUTPUTS/basic-model-trainseed42-trackseed42-tracks30pct,human,5035,0.6562274370742196,0.6598403584302743,-0.0036129213560547324,-0.09927371905458965,-0.09977513886333896,0.0005014198087493066
/mmfs1/gscratch/scrubbed/jsomeara/lynx/borzoi-repro/OUTPUTS/basic-model-trainseed42-trackseed42-tracks30pct,human,5044,0.6356900613700323,0.6431616900091984,-0.007471628639166172,-0.04806600420209132,-0.04798679490109994,-7.920930099138135e-05
/mmfs1/gscratch/scrubbed/jsomeara/lynx/borzoi-repro/OUTPUTS/basic-model-trainseed42-trackseed42-tracks30pct,human,5055,0.6853692723552279,0.696227385228534,-0.01085811287330607,-0.34157732191491924,-0.3441113369561185,0.002534015041199267
/mmfs1/gscratch/scrubbed/jsomeara/lynx/borzoi-repro/OUTPUTS/basic-model-trainseed42-trackseed42-tracks30pct,human,5059,0.5286944195652136,0.5502478963920368,-0.02155347682682318,0.02708748109752581,0.026800436567224015,0.0002870445303017957
/mmfs1/gscratch/scrubbed/jsomeara/lynx/borzoi-repro/OUTPUTS/basic-model-trainseed42-trackseed42-tracks30pct,human,5062,0.6983289605663999,0.7084522595721936,-0.010123299005793673,-0.11955738008917675,-0.12156241969246037,0.0020050396032836176
/mmfs1/gscratch/scrubbed/jsomeara/lynx/borzoi-repro/OUTPUTS/basic-model-trainseed42-trackseed42-tracks30pct,human,5068,0.6005576859913985,0.6144950036643363,-0.013937317672937821,0.010849237947051452,0.0100552459743749,0.000793991972676553
/mmfs1/gscratch/scrubbed/jsomeara/lynx/borzoi-repro/OUTPUTS/basic-model-trainseed42-trackseed42-tracks30pct,human,5069,0.6132522138068155,0.6305628520272817,-0.01731063822046619,-0.033845545961284855,-0.034356235049392385,0.0005106890881075299
/mmfs1/gscratch/scrubbed/jsomeara/lynx/borzoi-repro/OUTPUTS/basic-model-trainseed42-trackseed42-tracks30pct,human,5071,0.6750591296314459,0.685690205673718,-0.010631076042272092,-0.30382500621611824,-0.30538279963392034,0.0015577934178021002
/mmfs1/gscratch/scrubbed/jsomeara/lynx/borzoi-repro/OUTPUTS/basic-model-trainseed42-trackseed42-tracks30pct,human,5084,0.7139419747527705,0.7204269153697852,-0.006484940617014656,-0.19486902033591624,-0.19401313689228267,-0.000855883443633576
/mmfs1/gscratch/scrubbed/jsomeara/lynx/borzoi-repro/OUTPUTS/basic-model-trainseed42-trackseed42-tracks30pct,human,5088,0.6123309122563136,0.6145884887052244,-0.002257576448910781,0.025438957484949513,0.025605230615751436,-0.00016627313080192288
/mmfs1/gscratch/scrubbed/jsomeara/lynx/borzoi-repro/OUTPUTS/basic-model-trainseed42-trackseed42-tracks30pct,human,5092,0.6363389982901612,0.6444760603879099,-0.008137062097748782,0.08814084641769723,0.08684964881237134,0.0012911976053258944
/mmfs1/gscratch/scrubbed/jsomeara/lynx/borzoi-repro/OUTPUTS/basic-model-trainseed42-trackseed42-tracks30pct,human,5094,0.6662705965012318,0.6750390488454994,-0.008768452344267597,-0.1690552146601994,-0.1758370149256646,0.006781800265465182
/mmfs1/gscratch/scrubbed/jsomeara/lynx/borzoi-repro/OUTPUTS/basic-model-trainseed42-trackseed42-tracks30pct,human,5096,0.6487169347762923,0.6571614447687537,-0.00844450999246138,-0.062119881005919156,-0.0696851915231357,0.007565310517216539
/mmfs1/gscratch/scrubbed/jsomeara/lynx/borzoi-repro/OUTPUTS/basic-model-trainseed42-trackseed42-tracks30pct,human,5097,0.6559035075238084,0.66182139851649,-0.005917890992681585,-0.06764861537364938,-0.0730614299020911,0.005412814528441709
/mmfs1/gscratch/scrubbed/jsomeara/lynx/borzoi-repro/OUTPUTS/basic-model-trainseed42-trackseed42-tracks30pct,human,5104,0.6526033353366947,0.6615508825760339,-0.008947547239339215,-0.11958555355737568,-0.1255837161390738,0.005998162581698108
/mmfs1/gscratch/scrubbed/jsomeara/lynx/borzoi-repro/OUTPUTS/basic-model-trainseed42-trackseed42-tracks30pct,human,5109,0.7021428036910146,0.7105847356609438,-0.008441931969929262,-0.7656647556433668,-0.775232324162524,0.009567568519157188
/mmfs1/gscratch/scrubbed/jsomeara/lynx/borzoi-repro/OUTPUTS/basic-model-trainseed42-trackseed42-tracks30pct,human,5118,0.7454260518812413,0.7568751212378053,-0.011449069356563979,-0.5558742280163557,-0.5586069845756528,0.002732756559297167
/mmfs1/gscratch/scrubbed/jsomeara/lynx/borzoi-repro/OUTPUTS/basic-model-trainseed42-trackseed42-tracks30pct,human,5120,0.674026162785494,0.6874339912524741,-0.013407828466980076,-0.1286369757195294,-0.13083255469639923,0.0021955789768698386
/mmfs1/gscratch/scrubbed/jsomeara/lynx/borzoi-repro/OUTPUTS/basic-model-trainseed42-trackseed42-tracks30pct,human,5121,0.6886267755465395,0.7000206253262931,-0.011393849779753551,-0.2521061825531649,-0.25443786177777034,0.0023316792246054208
/mmfs1/gscratch/scrubbed/jsomeara/lynx/borzoi-repro/OUTPUTS/basic-model-trainseed42-trackseed42-tracks30pct,human,5129,0.6992200455486607,0.7106771377218832,-0.01145709217322255,-0.29087873992710594,-0.2943344375156314,0.0034556975885254304
/mmfs1/gscratch/scrubbed/jsomeara/lynx/borzoi-repro/OUTPUTS/basic-model-trainseed42-trackseed42-tracks30pct,human,5137,0.5228863827093724,0.5231359840964929,-0.0002496013871204905,0.026605677077981314,0.02668212280488139,-7.644572690007623e-05
/mmfs1/gscratch/scrubbed/jsomeara/lynx/borzoi-repro/OUTPUTS/basic-model-trainseed42-trackseed42-tracks30pct,human,5141,0.7147497526948284,0.7260800644553069,-0.011330311760478495,-0.20660431494331424,-0.20914226825408236,0.002537953310768115
/mmfs1/gscratch/scrubbed/jsomeara/lynx/borzoi-repro/OUTPUTS/basic-model-trainseed42-trackseed42-tracks30pct,human,5147,0.586348591179823,0.6110946332874173,-0.024746042107594346,0.04951108401232364,0.048693725717809846,0.0008173582945137925
/mmfs1/gscratch/scrubbed/jsomeara/lynx/borzoi-repro/OUTPUTS/basic-model-trainseed42-trackseed42-tracks30pct,human,5149,0.6583819662606795,0.6718510746921851,-0.013469108431505616,0.1900325402408252,0.1886308455163322,0.0014016947244930023
/mmfs1/gscratch/scrubbed/jsomeara/lynx/borzoi-repro/OUTPUTS/basic-model-trainseed42-trackseed42-tracks30pct,human,5151,0.5720092248032863,0.5780087742152918,-0.005999549412005534,-0.0354756103524237,-0.03842343100301638,0.0029478206505926807
/mmfs1/gscratch/scrubbed/jsomeara/lynx/borzoi-repro/OUTPUTS/basic-model-trainseed42-trackseed42-tracks30pct,human,5154,0.6915925005420093,0.6970855036656307,-0.005493003123621443,-0.034827192961327934,-0.035027688226804465,0.00020049526547653157
/mmfs1/gscratch/scrubbed/jsomeara/lynx/borzoi-repro/OUTPUTS/basic-model-trainseed42-trackseed42-tracks30pct,human,5161,0.7018894919951448,0.7083049194886274,-0.006415427493482562,-0.08011425308195444,-0.08114961192890319,0.0010353588469487474
/mmfs1/gscratch/scrubbed/jsomeara/lynx/borzoi-repro/OUTPUTS/basic-model-trainseed42-trackseed42-tracks30pct,human,5163,0.6033173194452865,0.6122697761997055,-0.008952456754418914,0.01977910286147778,0.018817713207897917,0.0009613896535798638
/mmfs1/gscratch/scrubbed/jsomeara/lynx/borzoi-repro/OUTPUTS/basic-model-trainseed42-trackseed42-tracks30pct,human,5167,0.5850541901345772,0.5970931547832787,-0.012038964648701578,0.1069486207000035,0.10650284822861524,0.0004457724713882588
/mmfs1/gscratch/scrubbed/jsomeara/lynx/borzoi-repro/OUTPUTS/basic-model-trainseed42-trackseed42-tracks30pct,human,5169,0.6003816639604161,0.6144999877173623,-0.014118323756946105,-0.03385539388882466,-0.035317278744777934,0.001461884855953277
/mmfs1/gscratch/scrubbed/jsomeara/lynx/borzoi-repro/OUTPUTS/basic-model-trainseed42-trackseed42-tracks30pct,human,5173,0.5154341018521932,0.5235021695444472,-0.008068067692253988,0.09066599361858704,0.09097128566827346,-0.0003052920496864203
/mmfs1/gscratch/scrubbed/jsomeara/lynx/borzoi-repro/OUTPUTS/basic-model-trainseed42-trackseed42-tracks30pct,human,5174,0.5705965373195855,0.5836843249131856,-0.013087787593600075,-0.0219231480646418,-0.022808823553868006,0.0008856754892262071
/mmfs1/gscratch/scrubbed/jsomeara/lynx/borzoi-repro/OUTPUTS/basic-model-trainseed42-trackseed42-tracks30pct,human,5185,0.6284015489961531,0.6449974260707785,-0.016595877074625398,0.01659513057229892,0.014377238892473427,0.0022178916798254924
/mmfs1/gscratch/scrubbed/jsomeara/lynx/borzoi-repro/OUTPUTS/basic-model-trainseed42-trackseed42-tracks30pct,human,5192,0.6449480331424667,0.6548662350145802,-0.009918201872113452,-0.014833294227536717,-0.015489823050499613,0.0006565288229628957
/mmfs1/gscratch/scrubbed/jsomeara/lynx/borzoi-repro/OUTPUTS/basic-model-trainseed42-trackseed42-tracks30pct,human,5193,0.5088307777736246,0.5329999253286984,-0.024169147555073822,0.022945938124349797,0.02220718208262891,0.0007387560417208873
/mmfs1/gscratch/scrubbed/jsomeara/lynx/borzoi-repro/OUTPUTS/basic-model-trainseed42-trackseed42-tracks30pct,human,5198,0.671741232587414,0.6825704654580155,-0.010829232870601446,-0.13131034440413017,-0.13372349415965967,0.0024131497555295034
/mmfs1/gscratch/scrubbed/jsomeara/lynx/borzoi-repro/OUTPUTS/basic-model-trainseed42-trackseed42-tracks30pct,human,5206,0.6145934450623546,0.628783747587447,-0.014190302525092457,-2.9051339528354173e-05,-0.00047762658305986383,0.0004485752435315097
/mmfs1/gscratch/scrubbed/jsomeara/lynx/borzoi-repro/OUTPUTS/basic-model-trainseed42-trackseed42-tracks30pct,human,5208,0.6023350389076956,0.6272351304227989,-0.024900091515103306,0.05715521764359721,0.055972117579450406,0.0011831000641468054
/mmfs1/gscratch/scrubbed/jsomeara/lynx/borzoi-repro/OUTPUTS/basic-model-trainseed42-trackseed42-tracks30pct,human,5209,0.6866432396636094,0.6926116514542012,-0.005968411790591821,0.05509949761278889,0.05455843844968214,0.0005410591631067538
/mmfs1/gscratch/scrubbed/jsomeara/lynx/borzoi-repro/OUTPUTS/basic-model-trainseed42-trackseed42-tracks30pct,human,5211,0.696987293279051,0.7025360079461334,-0.0055487146670823995,-0.17624153861683514,-0.1761975688880093,-4.396972882583783e-05
/mmfs1/gscratch/scrubbed/jsomeara/lynx/borzoi-repro/OUTPUTS/basic-model-trainseed42-trackseed42-tracks30pct,human,5214,0.6861955338130127,0.6926075354629093,-0.006412001649896637,-0.15222027342392663,-0.15700866910882216,0.00478839568489553
/mmfs1/gscratch/scrubbed/jsomeara/lynx/borzoi-repro/OUTPUTS/basic-model-trainseed42-trackseed42-tracks30pct,human,5215,0.6801345343995617,0.6844990075629025,-0.004364473163340765,-0.09734401632941465,-0.10297142456858455,0.005627408239169893
/mmfs1/gscratch/scrubbed/jsomeara/lynx/borzoi-repro/OUTPUTS/basic-model-trainseed42-trackseed42-tracks30pct,human,5219,0.6767538774518513,0.6854307520028762,-0.008676874551024838,0.12483395719665442,0.12375472729704784,0.0010792298996065847
/mmfs1/gscratch/scrubbed/jsomeara/lynx/borzoi-repro/OUTPUTS/basic-model-trainseed42-trackseed42-tracks30pct,human,5220,0.6751253790281222,0.6880824715656418,-0.012957092537519643,-0.03083609885497439,-0.032744692011432625,0.0019085931564582354
/mmfs1/gscratch/scrubbed/jsomeara/lynx/borzoi-repro/OUTPUTS/basic-model-trainseed42-trackseed42-tracks30pct,human,5222,0.40604166582284773,0.4209539828747566,-0.014912317051908874,0.22510102015303587,0.22293203466421332,0.00216898548882255
/mmfs1/gscratch/scrubbed/jsomeara/lynx/borzoi-repro/OUTPUTS/basic-model-trainseed42-trackseed42-tracks30pct,human,5224,0.5142991944369808,0.5300475490870032,-0.015748354650022445,0.2865820188787297,0.2865317651540742,5.0253724655502374e-05
/mmfs1/gscratch/scrubbed/jsomeara/lynx/borzoi-repro/OUTPUTS/basic-model-trainseed42-trackseed42-tracks30pct,human,5227,0.35964230379049467,0.37663619012192545,-0.016993886331430785,0.22571933318507087,0.22467547602324303,0.001043857161827838
/mmfs1/gscratch/scrubbed/jsomeara/lynx/borzoi-repro/OUTPUTS/basic-model-trainseed42-trackseed42-tracks30pct,human,5228,0.37549697091446677,0.38583006133152764,-0.010333090417060875,0.42301175814025455,0.4221633495649842,0.0008484085752703541
/mmfs1/gscratch/scrubbed/jsomeara/lynx/borzoi-repro/OUTPUTS/basic-model-trainseed42-trackseed42-tracks30pct,human,5231,0.41544829029616986,0.4278830859662893,-0.012434795670119458,0.23934167793252514,0.23694336332595567,0.002398314606569474
/mmfs1/gscratch/scrubbed/jsomeara/lynx/borzoi-repro/OUTPUTS/basic-model-trainseed42-trackseed42-tracks30pct,human,5235,0.6155489436060787,0.6151806975555576,0.0003682460505211038,-0.2666322808766672,-0.27106382389447353,0.00443154301780635
/mmfs1/gscratch/scrubbed/jsomeara/lynx/borzoi-repro/OUTPUTS/basic-model-trainseed42-trackseed42-tracks30pct,human,5238,0.6701633984363505,0.6691787537786086,0.000984644657741951,-0.28769458706683737,-0.2895454418829046,0.0018508548160672267
/mmfs1/gscratch/scrubbed/jsomeara/lynx/borzoi-repro/OUTPUTS/basic-model-trainseed42-trackseed42-tracks30pct,human,5241,0.5800067442687308,0.5812053425490152,-0.0011985982802844575,-0.10060474641334129,-0.10970418117957967,0.009099434766238382
/mmfs1/gscratch/scrubbed/jsomeara/lynx/borzoi-repro/OUTPUTS/basic-model-trainseed42-trackseed42-tracks30pct,human,5242,0.6492202571159629,0.6511258562880817,-0.0019055991721188548,-0.30470983719389805,-0.3101827056363891,0.005472868442491063
/mmfs1/gscratch/scrubbed/jsomeara/lynx/borzoi-repro/OUTPUTS/basic-model-trainseed42-trackseed42-tracks30pct,human,5243,0.5792788531293561,0.5807769722802884,-0.0014981191509322311,-0.07246988437615896,-0.080426655690254,0.007956771314095043
/mmfs1/gscratch/scrubbed/jsomeara/lynx/borzoi-repro/OUTPUTS/basic-model-trainseed42-trackseed42-tracks30pct,human,5251,0.6627182826222784,0.674453403576991,-0.01173512095471263,-0.027168686363625814,-0.02929763695820669,0.002128950594580875
/mmfs1/gscratch/scrubbed/jsomeara/lynx/borzoi-repro/OUTPUTS/basic-model-trainseed42-trackseed42-tracks30pct,human,5265,0.5715739965902059,0.5804054503804719,-0.008831453790265953,0.09282951088303723,0.09244319036488706,0.0003863205181501711
/mmfs1/gscratch/scrubbed/jsomeara/lynx/borzoi-repro/OUTPUTS/basic-model-trainseed42-trackseed42-tracks30pct,human,5266,0.5173115711909979,0.5266138582729496,-0.009302287081951688,0.06787673804391474,0.0668788609050173,0.0009978771388974433
/mmfs1/gscratch/scrubbed/jsomeara/lynx/borzoi-repro/OUTPUTS/basic-model-trainseed42-trackseed42-tracks30pct,human,5276,0.7140225486689071,0.7238977766863702,-0.0098752280174631,-0.15892206422273839,-0.16641160208761843,0.007489537864880047
/mmfs1/gscratch/scrubbed/jsomeara/lynx/borzoi-repro/OUTPUTS/basic-model-trainseed42-trackseed42-tracks30pct,human,5277,0.7068083525007793,0.7176637099114667,-0.010855357410687327,-0.1220980808203668,-0.12854772739628953,0.0064496465759227295
/mmfs1/gscratch/scrubbed/jsomeara/lynx/borzoi-repro/OUTPUTS/basic-model-trainseed42-trackseed42-tracks30pct,human,5278,0.7109316347110076,0.7207750714288901,-0.009843436717882459,-0.26207326140273574,-0.26473822435246835,0.002664962949732619
/mmfs1/gscratch/scrubbed/jsomeara/lynx/borzoi-repro/OUTPUTS/basic-model-trainseed42-trackseed42-tracks30pct,human,5282,0.6088146726331838,0.6156965755036599,-0.006881902870476075,0.022993136159982115,0.02118149682778842,0.0018116393321936965
/mmfs1/gscratch/scrubbed/jsomeara/lynx/borzoi-repro/OUTPUTS/basic-model-trainseed42-trackseed42-tracks30pct,human,5283,0.6100533638383397,0.6179505747945574,-0.007897210956217648,0.07690262591117238,0.07548105153888254,0.0014215743722898327
/mmfs1/gscratch/scrubbed/jsomeara/lynx/borzoi-repro/OUTPUTS/basic-model-trainseed42-trackseed42-tracks30pct,human,5287,0.6203910767060078,0.6308762233824196,-0.01048514667641176,0.09006793322586923,0.08840538577575281,0.0016625474501164167
/mmfs1/gscratch/scrubbed/jsomeara/lynx/borzoi-repro/OUTPUTS/basic-model-trainseed42-trackseed42-tracks30pct,human,5290,0.5913873695193207,0.6010354535991523,-0.009648084079831643,0.08158651476958866,0.0800363665633222,0.0015501482062664496
/mmfs1/gscratch/scrubbed/jsomeara/lynx/borzoi-repro/OUTPUTS/basic-model-trainseed42-trackseed42-tracks30pct,human,5291,0.5465533521888033,0.5617836749155899,-0.015230322726786594,0.07172321057127298,0.07089017759412691,0.0008330329771460698
/mmfs1/gscratch/scrubbed/jsomeara/lynx/borzoi-repro/OUTPUTS/basic-model-trainseed42-trackseed42-tracks30pct,human,5292,0.5524433427788318,0.5594913915318117,-0.00704804875297993,0.07870077866096988,0.0780452967403935,0.0006554819205763784
/mmfs1/gscratch/scrubbed/jsomeara/lynx/borzoi-repro/OUTPUTS/basic-model-trainseed42-trackseed42-tracks30pct,human,5294,0.6793934668302501,0.6906608246905402,-0.011267357860290095,-0.15139073624425636,-0.15274635708949916,0.0013556208452427942
/mmfs1/gscratch/scrubbed/jsomeara/lynx/borzoi-repro/OUTPUTS/basic-model-trainseed42-trackseed42-tracks30pct,human,5295,0.7290791364721344,0.7389862911520558,-0.009907154679921426,-0.4624953278749089,-0.4651119811314434,0.00261665325653454
/mmfs1/gscratch/scrubbed/jsomeara/lynx/borzoi-repro/OUTPUTS/basic-model-trainseed42-trackseed42-tracks30pct,human,5297,0.6080806967602277,0.6240342768296121,-0.01595358006938441,-0.021381032835834257,-0.022038268234742312,0.000657235398908055
/mmfs1/gscratch/scrubbed/jsomeara/lynx/borzoi-repro/OUTPUTS/basic-model-trainseed42-trackseed42-tracks30pct,human,5312,0.6450460188559428,0.6541138162805131,-0.009067797424570312,-0.09460464857910006,-0.09347782120736486,-0.001126827371735195
/mmfs1/gscratch/scrubbed/jsomeara/lynx/borzoi-repro/OUTPUTS/basic-model-trainseed42-trackseed42-tracks30pct,mouse,0,0.7667728499292333,0.7658737367746844,0.0008991131545489361,0.1904167821425126,0.19054028031912107,-0.0001234981766084775
/mmfs1/gscratch/scrubbed/jsomeara/lynx/borzoi-repro/OUTPUTS/basic-model-trainseed42-trackseed42-tracks30pct,mouse,3,0.833579014603653,0.8356107944434842,-0.0020317798398311604,0.20476801512707568,0.20415164951254905,0.0006163656145266316
/mmfs1/gscratch/scrubbed/jsomeara/lynx/borzoi-repro/OUTPUTS/basic-model-trainseed42-trackseed42-tracks30pct,mouse,6,0.835149655080079,0.8318237791239826,0.003325875956096347,0.2634076716276242,0.2639978441423042,-0.0005901725146800207
/mmfs1/gscratch/scrubbed/jsomeara/lynx/borzoi-repro/OUTPUTS/basic-model-trainseed42-trackseed42-tracks30pct,mouse,10,0.824802355574993,0.8230517594398332,0.001750596135159821,0.24323581386116752,0.24329901233208812,-6.319847092059461e-05
/mmfs1/gscratch/scrubbed/jsomeara/lynx/borzoi-repro/OUTPUTS/basic-model-trainseed42-trackseed42-tracks30pct,mouse,20,0.8058917674343143,0.8072587115447819,-0.0013669441104675606,0.23966070897807,0.23967209034172707,-1.1381363657081423e-05
/mmfs1/gscratch/scrubbed/jsomeara/lynx/borzoi-repro/OUTPUTS/basic-model-trainseed42-trackseed42-tracks30pct,mouse,23,0.8591302417559414,0.8567221126858362,0.002408129070105236,0.255098059781433,0.2556956771573956,-0.0005976173759625891
/mmfs1/gscratch/scrubbed/jsomeara/lynx/borzoi-repro/OUTPUTS/basic-model-trainseed42-trackseed42-tracks30pct,mouse,27,0.8719394955215997,0.8724333162319653,-0.0004938207103656334,0.21556537639735887,0.21535322987936018,0.00021214651799869588
/mmfs1/gscratch/scrubbed/jsomeara/lynx/borzoi-repro/OUTPUTS/basic-model-trainseed42-trackseed42-tracks30pct,mouse,29,0.7605823966894445,0.7535296596716333,0.007052737017811173,0.1911991329782407,0.19297432131291453,-0.0017751883346738273
/mmfs1/gscratch/scrubbed/jsomeara/lynx/borzoi-repro/OUTPUTS/basic-model-trainseed42-trackseed42-tracks30pct,mouse,38,0.8570544983881547,0.8578360225244412,-0.0007815241362865155,0.20229767430706658,0.20236672488205817,-6.905057499159706e-05
/mmfs1/gscratch/scrubbed/jsomeara/lynx/borzoi-repro/OUTPUTS/basic-model-trainseed42-trackseed42-tracks30pct,mouse,39,0.8509669763115205,0.8510222473408604,-5.5271029339887257e-05,0.22051198653774587,0.22097722574169598,-0.000465239203950113
/mmfs1/gscratch/scrubbed/jsomeara/lynx/borzoi-repro/OUTPUTS/basic-model-trainseed42-trackseed42-tracks30pct,mouse,40,0.8539326188998357,0.8541764165867738,-0.00024379768693805204,0.22026292771877637,0.2205031756302342,-0.00024024791145782487
/mmfs1/gscratch/scrubbed/jsomeara/lynx/borzoi-repro/OUTPUTS/basic-model-trainseed42-trackseed42-tracks30pct,mouse,42,0.8194782571207118,0.8191871128198176,0.0002911443008941639,0.21591435833074285,0.21562249370452163,0.00029186462622121656
/mmfs1/gscratch/scrubbed/jsomeara/lynx/borzoi-repro/OUTPUTS/basic-model-trainseed42-trackseed42-tracks30pct,mouse,46,0.8342954385300435,0.8337867113456144,0.0005087271844290697,0.26102486964207194,0.2609540709913786,7.07986506933711e-05
/mmfs1/gscratch/scrubbed/jsomeara/lynx/borzoi-repro/OUTPUTS/basic-model-trainseed42-trackseed42-tracks30pct,mouse,50,0.8926317706366282,0.8921965131707225,0.00043525746590578063,0.2261557697943405,0.2261275255144474,2.824427989309153e-05
/mmfs1/gscratch/scrubbed/jsomeara/lynx/borzoi-repro/OUTPUTS/basic-model-trainseed42-trackseed42-tracks30pct,mouse,52,0.8818565011122258,0.8825145710553728,-0.0006580699431469883,0.2664698970779381,0.2662574377254071,0.00021245935253100257
/mmfs1/gscratch/scrubbed/jsomeara/lynx/borzoi-repro/OUTPUTS/basic-model-trainseed42-trackseed42-tracks30pct,mouse,54,0.8971017043536251,0.8953835678479428,0.0017181365056823106,0.21013799274562894,0.2101322721941361,5.720551492838233e-06
/mmfs1/gscratch/scrubbed/jsomeara/lynx/borzoi-repro/OUTPUTS/basic-model-trainseed42-trackseed42-tracks30pct,mouse,58,0.8103515506111912,0.8087842704241727,0.0015672801870185715,0.23551099780969809,0.23557086373274702,-5.986592304893512e-05
/mmfs1/gscratch/scrubbed/jsomeara/lynx/borzoi-repro/OUTPUTS/basic-model-trainseed42-trackseed42-tracks30pct,mouse,63,0.8991485913462056,0.8985140740425439,0.000634517303661708,0.26300363459964043,0.26305668298803797,-5.304838839753634e-05
/mmfs1/gscratch/scrubbed/jsomeara/lynx/borzoi-repro/OUTPUTS/basic-model-trainseed42-trackseed42-tracks30pct,mouse,73,0.7706982744486393,0.7690833943652702,0.0016148800833690746,0.24080660009108332,0.24097852970851652,-0.000171929617433203
/mmfs1/gscratch/scrubbed/jsomeara/lynx/borzoi-repro/OUTPUTS/basic-model-trainseed42-trackseed42-tracks30pct,mouse,77,0.8564363713410753,0.8566781632469587,-0.00024179190588335953,0.22286431245722324,0.22273456964149832,0.0001297428157249203
/mmfs1/gscratch/scrubbed/jsomeara/lynx/borzoi-repro/OUTPUTS/basic-model-trainseed42-trackseed42-tracks30pct,mouse,79,0.9023627199817549,0.9025245390568426,-0.0001618190750877213,0.2771988701418537,0.27712129190317186,7.757823868181912e-05
/mmfs1/gscratch/scrubbed/jsomeara/lynx/borzoi-repro/OUTPUTS/basic-model-trainseed42-trackseed42-tracks30pct,mouse,82,0.8944994862890571,0.8950541407001601,-0.0005546544111030283,0.2265846670060322,0.2264201135131529,0.00016455349287930465
/mmfs1/gscratch/scrubbed/jsomeara/lynx/borzoi-repro/OUTPUTS/basic-model-trainseed42-trackseed42-tracks30pct,mouse,83,0.8992481535049106,0.8985921237335684,0.0006560297713421592,0.21432863639825886,0.21437089598850387,-4.225959024500847e-05
/mmfs1/gscratch/scrubbed/jsomeara/lynx/borzoi-repro/OUTPUTS/basic-model-trainseed42-trackseed42-tracks30pct,mouse,88,0.8343760254411382,0.8336510780037718,0.0007249474373663967,0.26514097350980587,0.2655112979884393,-0.00037032447863344364
/mmfs1/gscratch/scrubbed/jsomeara/lynx/borzoi-repro/OUTPUTS/basic-model-trainseed42-trackseed42-tracks30pct,mouse,90,0.7959198199601094,0.7937857260800144,0.0021340938800950005,0.24471962868839836,0.24481087574236743,-9.124705396906796e-05
/mmfs1/gscratch/scrubbed/jsomeara/lynx/borzoi-repro/OUTPUTS/basic-model-trainseed42-trackseed42-tracks30pct,mouse,93,0.5998024971503804,0.6113933824590494,-0.01159088530866903,0.47724268314402585,0.47267761056772334,0.004565072576302509
/mmfs1/gscratch/scrubbed/jsomeara/lynx/borzoi-repro/OUTPUTS/basic-model-trainseed42-trackseed42-tracks30pct,mouse,103,0.7526906889909593,0.7517975844621533,0.0008931045288059769,0.5825416180623794,0.5827860369646807,-0.00024441890230131325
/mmfs1/gscratch/scrubbed/jsomeara/lynx/borzoi-repro/OUTPUTS/basic-model-trainseed42-trackseed42-tracks30pct,mouse,105,0.8085849475651236,0.8117892189316164,-0.003204271366492817,0.7078926349764104,0.7052382473765049,0.00265438759990555
/mmfs1/gscratch/scrubbed/jsomeara/lynx/borzoi-repro/OUTPUTS/basic-model-trainseed42-trackseed42-tracks30pct,mouse,108,0.7208392289981738,0.7207695993435295,6.962965464429871e-05,0.6295794643566681,0.6287834260030575,0.0007960383536106397
/mmfs1/gscratch/scrubbed/jsomeara/lynx/borzoi-repro/OUTPUTS/basic-model-trainseed42-trackseed42-tracks30pct,mouse,113,0.5949865532592384,0.5949911842570463,-4.63099780789733e-06,0.5792642299339569,0.5788207241849077,0.00044350574904916673
/mmfs1/gscratch/scrubbed/jsomeara/lynx/borzoi-repro/OUTPUTS/basic-model-trainseed42-trackseed42-tracks30pct,mouse,115,0.7790598434553397,0.7819247597439866,-0.002864916288646824,0.5930912184575203,0.5907413835446753,0.002349834912845017
/mmfs1/gscratch/scrubbed/jsomeara/lynx/borzoi-repro/OUTPUTS/basic-model-trainseed42-trackseed42-tracks30pct,mouse,116,0.8175566951784172,0.8195851130751309,-0.002028417896713708,0.6669796462824016,0.664874653537746,0.002104992744655587
/mmfs1/gscratch/scrubbed/jsomeara/lynx/borzoi-repro/OUTPUTS/basic-model-trainseed42-trackseed42-tracks30pct,mouse,129,0.797408781831334,0.7992723185208578,-0.0018635366895237704,0.6671825255641559,0.6648523483986454,0.0023301771655105386
/mmfs1/gscratch/scrubbed/jsomeara/lynx/borzoi-repro/OUTPUTS/basic-model-trainseed42-trackseed42-tracks30pct,mouse,133,0.8216459755705873,0.82487678526552,-0.0032308096949327236,0.6549203302780114,0.6517049543257358,0.003215375952275612
/mmfs1/gscratch/scrubbed/jsomeara/lynx/borzoi-repro/OUTPUTS/basic-model-trainseed42-trackseed42-tracks30pct,mouse,144,0.5850609024263733,0.5832213459379921,0.0018395564883811888,0.2516149495930989,0.2515941966075673,2.075298553155802e-05
/mmfs1/gscratch/scrubbed/jsomeara/lynx/borzoi-repro/OUTPUTS/basic-model-trainseed42-trackseed42-tracks30pct,mouse,145,0.581208105317715,0.5805514795532594,0.0006566257644556872,0.2457496716861591,0.2457192519643538,3.0419721805313715e-05
/mmfs1/gscratch/scrubbed/jsomeara/lynx/borzoi-repro/OUTPUTS/basic-model-trainseed42-trackseed42-tracks30pct,mouse,149,0.7011829836754626,0.7016143407996831,-0.00043135712422048833,0.21116154470198228,0.21138962835775896,-0.000228083655776673
/mmfs1/gscratch/scrubbed/jsomeara/lynx/borzoi-repro/OUTPUTS/basic-model-trainseed42-trackseed42-tracks30pct,mouse,151,0.7322513144026882,0.7324864248282102,-0.00023511042552204486,0.22714008964604157,0.22723538151794703,-9.529187190546184e-05
/mmfs1/gscratch/scrubbed/jsomeara/lynx/borzoi-repro/OUTPUTS/basic-model-trainseed42-trackseed42-tracks30pct,mouse,154,0.7389202134779541,0.7406090349161834,-0.0016888214382292377,0.1983435719215349,0.19883980934280177,-0.0004962374212668652
/mmfs1/gscratch/scrubbed/jsomeara/lynx/borzoi-repro/OUTPUTS/basic-model-trainseed42-trackseed42-tracks30pct,mouse,156,0.4668163678946016,0.4663860228122187,0.00043034508238293245,0.2382025731578209,0.23858310851473932,-0.00038053535691842666
/mmfs1/gscratch/scrubbed/jsomeara/lynx/borzoi-repro/OUTPUTS/basic-model-trainseed42-trackseed42-tracks30pct,mouse,158,0.5711617253290542,0.573488250086068,-0.0023265247570137815,0.23637210631198297,0.2360558181500814,0.0003162881619015734
/mmfs1/gscratch/scrubbed/jsomeara/lynx/borzoi-repro/OUTPUTS/basic-model-trainseed42-trackseed42-tracks30pct,mouse,159,0.43145310880084337,0.43218310924077974,-0.0007300004399363735,0.2341292783670411,0.23401486126767693,0.00011441709936416133
/mmfs1/gscratch/scrubbed/jsomeara/lynx/borzoi-repro/OUTPUTS/basic-model-trainseed42-trackseed42-tracks30pct,mouse,162,0.8052624214157612,0.8042979732189793,0.0009644481967818752,0.20080170353196305,0.20070238785510344,9.931567685961262e-05
/mmfs1/gscratch/scrubbed/jsomeara/lynx/borzoi-repro/OUTPUTS/basic-model-trainseed42-trackseed42-tracks30pct,mouse,164,0.5694007660901451,0.5704567672439074,-0.0010560011537622538,0.24446204357834334,0.24441597986471295,4.606371363038986e-05
/mmfs1/gscratch/scrubbed/jsomeara/lynx/borzoi-repro/OUTPUTS/basic-model-trainseed42-trackseed42-tracks30pct,mouse,166,0.7168313174854068,0.7214285539250053,-0.004597236439598418,0.19876450898027886,0.19818395476817618,0.0005805542121026797
/mmfs1/gscratch/scrubbed/jsomeara/lynx/borzoi-repro/OUTPUTS/basic-model-trainseed42-trackseed42-tracks30pct,mouse,173,0.7411557434443062,0.7424627172417949,-0.0013069737974886753,0.18619528691404205,0.18620809718884312,-1.2810274801072774e-05
/mmfs1/gscratch/scrubbed/jsomeara/lynx/borzoi-repro/OUTPUTS/basic-model-trainseed42-trackseed42-tracks30pct,mouse,175,0.7275940224291818,0.7281366100257013,-0.0005425875965194837,0.1967787767868893,0.19692075927198582,-0.00014198248509653122
/mmfs1/gscratch/scrubbed/jsomeara/lynx/borzoi-repro/OUTPUTS/basic-model-trainseed42-trackseed42-tracks30pct,mouse,181,0.7927054728843002,0.7925674108241149,0.00013806206018529554,0.20250412424095376,0.20302415667897586,-0.0005200324380220944
/mmfs1/gscratch/scrubbed/jsomeara/lynx/borzoi-repro/OUTPUTS/basic-model-trainseed42-trackseed42-tracks30pct,mouse,182,0.7557628559268919,0.7566431059753231,-0.0008802500484312858,0.2154929464508255,0.21536493035962426,0.00012801609120124957
/mmfs1/gscratch/scrubbed/jsomeara/lynx/borzoi-repro/OUTPUTS/basic-model-trainseed42-trackseed42-tracks30pct,mouse,190,0.7080523673606116,0.7088701418883886,-0.0008177745277769821,0.2006414041355265,0.2004706613181398,0.00017074281738671537
/mmfs1/gscratch/scrubbed/jsomeara/lynx/borzoi-repro/OUTPUTS/basic-model-trainseed42-trackseed42-tracks30pct,mouse,192,0.7595906512394298,0.7603245994302208,-0.0007339481907909784,0.22456770739675855,0.22455759033346562,1.0117063292930384e-05
/mmfs1/gscratch/scrubbed/jsomeara/lynx/borzoi-repro/OUTPUTS/basic-model-trainseed42-trackseed42-tracks30pct,mouse,194,0.5744454160227224,0.5778126201468653,-0.0033672041241429307,0.22692058222617237,0.22667399236958147,0.0002465898565909008
/mmfs1/gscratch/scrubbed/jsomeara/lynx/borzoi-repro/OUTPUTS/basic-model-trainseed42-trackseed42-tracks30pct,mouse,208,0.5817604132739831,0.5829396921191381,-0.0011792788451550074,0.1934462158636465,0.19327198205457247,0.00017423380907402586
/mmfs1/gscratch/scrubbed/jsomeara/lynx/borzoi-repro/OUTPUTS/basic-model-trainseed42-trackseed42-tracks30pct,mouse,211,0.7778274656314501,0.7848188558970319,-0.0069913902655818205,0.18060606616226266,0.18013204446283204,0.00047402169943061567
/mmfs1/gscratch/scrubbed/jsomeara/lynx/borzoi-repro/OUTPUTS/basic-model-trainseed42-trackseed42-tracks30pct,mouse,215,0.7162902644217795,0.7169676163583664,-0.0006773519365869118,0.21757253777964616,0.21732312980139062,0.0002494079782555392
/mmfs1/gscratch/scrubbed/jsomeara/lynx/borzoi-repro/OUTPUTS/basic-model-trainseed42-trackseed42-tracks30pct,mouse,219,0.6328705513591438,0.6330297680383421,-0.00015921667919827076,0.21380521254683701,0.21383299631373404,-2.7783766897021556e-05
/mmfs1/gscratch/scrubbed/jsomeara/lynx/borzoi-repro/OUTPUTS/basic-model-trainseed42-trackseed42-tracks30pct,mouse,221,0.7336564176308206,0.7364767957363797,-0.0028203781055591293,0.2234122859619628,0.22321775359691337,0.0001945323650494324
/mmfs1/gscratch/scrubbed/jsomeara/lynx/borzoi-repro/OUTPUTS/basic-model-trainseed42-trackseed42-tracks30pct,mouse,224,0.6772280964351519,0.6787031471980915,-0.0014750507629396337,0.22265087828675453,0.22245834520955166,0.0001925330772028777
/mmfs1/gscratch/scrubbed/jsomeara/lynx/borzoi-repro/OUTPUTS/basic-model-trainseed42-trackseed42-tracks30pct,mouse,226,0.7121637598308314,0.7110129541351383,0.0011508056956930357,0.21565647687156345,0.21577359371266366,-0.0001171168411002177
/mmfs1/gscratch/scrubbed/jsomeara/lynx/borzoi-repro/OUTPUTS/basic-model-trainseed42-trackseed42-tracks30pct,mouse,233,0.564898208139516,0.5608884306963761,0.004009777443139906,0.7584831096821507,0.7604538253484525,-0.0019707156663018033
/mmfs1/gscratch/scrubbed/jsomeara/lynx/borzoi-repro/OUTPUTS/basic-model-trainseed42-trackseed42-tracks30pct,mouse,237,0.7546335196822802,0.7556209256112555,-0.0009874059289752823,0.5882303950080242,0.587056914868255,0.0011734801397692562
/mmfs1/gscratch/scrubbed/jsomeara/lynx/borzoi-repro/OUTPUTS/basic-model-trainseed42-trackseed42-tracks30pct,mouse,241,0.7105058539357323,0.7091868466382949,0.0013190072974373912,0.5617026313696409,0.5624514315419777,-0.0007488001723368054
/mmfs1/gscratch/scrubbed/jsomeara/lynx/borzoi-repro/OUTPUTS/basic-model-trainseed42-trackseed42-tracks30pct,mouse,244,0.8004659294579418,0.8001895194660498,0.00027640999189204596,0.1678657433418378,0.16772187602637312,0.00014386731546467413
/mmfs1/gscratch/scrubbed/jsomeara/lynx/borzoi-repro/OUTPUTS/basic-model-trainseed42-trackseed42-tracks30pct,mouse,246,0.7323333350275417,0.7304954481860442,0.001837886841497549,0.1505548721601665,0.14853417079161318,0.0020207013685533126
/mmfs1/gscratch/scrubbed/jsomeara/lynx/borzoi-repro/OUTPUTS/basic-model-trainseed42-trackseed42-tracks30pct,mouse,247,0.6037048967772589,0.5982578580199537,0.005447038757305234,0.4765209561033322,0.4806561472275841,-0.004135191124251869
/mmfs1/gscratch/scrubbed/jsomeara/lynx/borzoi-repro/OUTPUTS/basic-model-trainseed42-trackseed42-tracks30pct,mouse,248,0.7508851856496346,0.7487954994769637,0.0020896861726709126,-0.19338774033196676,-0.1862338398228242,-0.007153900509142552
/mmfs1/gscratch/scrubbed/jsomeara/lynx/borzoi-repro/OUTPUTS/basic-model-trainseed42-trackseed42-tracks30pct,mouse,251,0.6551810040285362,0.6546649776060626,0.0005160264224736144,0.5839292614593812,0.5840958754697753,-0.00016661401039408386
/mmfs1/gscratch/scrubbed/jsomeara/lynx/borzoi-repro/OUTPUTS/basic-model-trainseed42-trackseed42-tracks30pct,mouse,254,0.5181061400254072,0.5009130298310506,0.017193110194356653,0.47696210527885763,0.4845222904851289,-0.007560185206271275
/mmfs1/gscratch/scrubbed/jsomeara/lynx/borzoi-repro/OUTPUTS/basic-model-trainseed42-trackseed42-tracks30pct,mouse,256,0.4541771350117963,0.3857991685159366,0.0683779664958597,0.8070560820125818,0.821256016222124,-0.014199934209542131
/mmfs1/gscratch/scrubbed/jsomeara/lynx/borzoi-repro/OUTPUTS/basic-model-trainseed42-trackseed42-tracks30pct,mouse,260,0.6653632734037884,0.6628685544247277,0.0024947189790607283,0.5597930912469868,0.5598381222924835,-4.503104549669068e-05
/mmfs1/gscratch/scrubbed/jsomeara/lynx/borzoi-repro/OUTPUTS/basic-model-trainseed42-trackseed42-tracks30pct,mouse,263,0.40968808183866756,0.395196429648754,0.01449165218991355,0.6176351522271238,0.6250136211124615,-0.007378468885337663
/mmfs1/gscratch/scrubbed/jsomeara/lynx/borzoi-repro/OUTPUTS/basic-model-trainseed42-trackseed42-tracks30pct,mouse,266,0.5073057722380234,0.42085565300054495,0.08645011923747847,0.7681181826690395,0.790133678593925,-0.022015495924885498
/mmfs1/gscratch/scrubbed/jsomeara/lynx/borzoi-repro/OUTPUTS/basic-model-trainseed42-trackseed42-tracks30pct,mouse,271,0.5157957735504707,0.4962171125868105,0.019578660963660177,0.7403300941958862,0.7464460852741056,-0.006115991078219363
/mmfs1/gscratch/scrubbed/jsomeara/lynx/borzoi-repro/OUTPUTS/basic-model-trainseed42-trackseed42-tracks30pct,mouse,273,0.7482921631574317,0.7475202760974093,0.0007718870600224026,0.20685714445587425,0.2052079025573037,0.001649241898570547
/mmfs1/gscratch/scrubbed/jsomeara/lynx/borzoi-repro/OUTPUTS/basic-model-trainseed42-trackseed42-tracks30pct,mouse,275,0.6413971535334303,0.6408198150151838,0.0005773385182464841,0.5894141561275771,0.5888493805142389,0.0005647756133382309
/mmfs1/gscratch/scrubbed/jsomeara/lynx/borzoi-repro/OUTPUTS/basic-model-trainseed42-trackseed42-tracks30pct,mouse,280,0.6243218469734879,0.6242884639082711,3.338306521682988e-05,0.5189380181922872,0.518197735045292,0.0007402831469952575
/mmfs1/gscratch/scrubbed/jsomeara/lynx/borzoi-repro/OUTPUTS/basic-model-trainseed42-trackseed42-tracks30pct,mouse,281,0.8512331796236697,0.8499301931957819,0.0013029864278878422,-0.13009089440048172,-0.12903715553037537,-0.0010537388701063466
/mmfs1/gscratch/scrubbed/jsomeara/lynx/borzoi-repro/OUTPUTS/basic-model-trainseed42-trackseed42-tracks30pct,mouse,285,0.6500535605700516,0.6501126362646577,-5.907569460605888e-05,0.5160032311684515,0.5156784932398819,0.00032473792856957395
/mmfs1/gscratch/scrubbed/jsomeara/lynx/borzoi-repro/OUTPUTS/basic-model-trainseed42-trackseed42-tracks30pct,mouse,290,0.8534304417738013,0.851519403748032,0.0019110380257693071,-0.018344519051917977,-0.016501329632101425,-0.0018431894198165516
/mmfs1/gscratch/scrubbed/jsomeara/lynx/borzoi-repro/OUTPUTS/basic-model-trainseed42-trackseed42-tracks30pct,mouse,295,0.6166189424202617,0.6147499437879381,0.001868998632323593,0.7733158649049318,0.7739703135085559,-0.0006544486036241803
/mmfs1/gscratch/scrubbed/jsomeara/lynx/borzoi-repro/OUTPUTS/basic-model-trainseed42-trackseed42-tracks30pct,mouse,296,0.7024481657694285,0.7024282770964779,1.9888672950552078e-05,0.7156879047492459,0.7153479667845174,0.00033993796472853166
/mmfs1/gscratch/scrubbed/jsomeara/lynx/borzoi-repro/OUTPUTS/basic-model-trainseed42-trackseed42-tracks30pct,mouse,299,0.7456069649678574,0.7456109276565877,-3.962688730263508e-06,0.6711820060930606,0.6715277557332627,-0.00034574964020217536
/mmfs1/gscratch/scrubbed/jsomeara/lynx/borzoi-repro/OUTPUTS/basic-model-trainseed42-trackseed42-tracks30pct,mouse,312,0.8601050214780156,0.8577865170911336,0.00231850438688197,-0.2634450126355803,-0.2610393014928747,-0.002405711142705602
/mmfs1/gscratch/scrubbed/jsomeara/lynx/borzoi-repro/OUTPUTS/basic-model-trainseed42-trackseed42-tracks30pct,mouse,314,0.6372176078989245,0.6343999642880674,0.0028176436108570124,0.38112408722264796,0.3829410452409231,-0.0018169580182751388
/mmfs1/gscratch/scrubbed/jsomeara/lynx/borzoi-repro/OUTPUTS/basic-model-trainseed42-trackseed42-tracks30pct,mouse,325,0.6204259420975684,0.6323302365831507,-0.011904294485582279,0.2868684651606624,0.27883359402584407,0.008034871134818322
/mmfs1/gscratch/scrubbed/jsomeara/lynx/borzoi-repro/OUTPUTS/basic-model-trainseed42-trackseed42-tracks30pct,mouse,326,0.6076226531108355,0.6019114934356816,0.0057111596751538984,0.42619233366414105,0.43068198197811136,-0.004489648313970307
/mmfs1/gscratch/scrubbed/jsomeara/lynx/borzoi-repro/OUTPUTS/basic-model-trainseed42-trackseed42-tracks30pct,mouse,329,0.7422948230498145,0.7462122191600498,-0.003917396110235227,0.3323451529924388,0.3293989719683756,0.002946181024063188
/mmfs1/gscratch/scrubbed/jsomeara/lynx/borzoi-repro/OUTPUTS/basic-model-trainseed42-trackseed42-tracks30pct,mouse,331,0.6067566819129606,0.6056729692022882,0.0010837127106724243,0.3519822219289033,0.3538175862912254,-0.0018353643623220672
/mmfs1/gscratch/scrubbed/jsomeara/lynx/borzoi-repro/OUTPUTS/basic-model-trainseed42-trackseed42-tracks30pct,mouse,338,0.7260001299152964,0.7256470874305132,0.0003530424847831837,0.530147332904126,0.5301452535059504,2.0793981755362623e-06
/mmfs1/gscratch/scrubbed/jsomeara/lynx/borzoi-repro/OUTPUTS/basic-model-trainseed42-trackseed42-tracks30pct,mouse,340,0.8069189105958514,0.8008573185978222,0.006061591998029248,0.41379816595165797,0.41615435403447715,-0.0023561880828191772
/mmfs1/gscratch/scrubbed/jsomeara/lynx/borzoi-repro/OUTPUTS/basic-model-trainseed42-trackseed42-tracks30pct,mouse,350,0.6125400228756644,0.6116660392554326,0.000873983620231833,0.5763001008211189,0.5780176356665325,-0.001717534845413593
/mmfs1/gscratch/scrubbed/jsomeara/lynx/borzoi-repro/OUTPUTS/basic-model-trainseed42-trackseed42-tracks30pct,mouse,354,0.5718870094646016,0.5583832091012482,0.013503800363353413,0.2695534083235751,0.2849637082547192,-0.015410299931144067
/mmfs1/gscratch/scrubbed/jsomeara/lynx/borzoi-repro/OUTPUTS/basic-model-trainseed42-trackseed42-tracks30pct,mouse,355,0.6000990305598792,0.5933798299076997,0.006719200652179569,0.4092314768638115,0.4157192346545857,-0.006487757790774207
/mmfs1/gscratch/scrubbed/jsomeara/lynx/borzoi-repro/OUTPUTS/basic-model-trainseed42-trackseed42-tracks30pct,mouse,356,0.8368367175582871,0.8368271798983364,9.537659950709099e-06,-0.5195609562945592,-0.5177384086713696,-0.0018225476231896742
/mmfs1/gscratch/scrubbed/jsomeara/lynx/borzoi-repro/OUTPUTS/basic-model-trainseed42-trackseed42-tracks30pct,mouse,366,0.81015903615209,0.8104553586217628,-0.00029632246967281617,0.40710418030741574,0.40609095319611654,0.0010132271112991975
/mmfs1/gscratch/scrubbed/jsomeara/lynx/borzoi-repro/OUTPUTS/basic-model-trainseed42-trackseed42-tracks30pct,mouse,374,0.7995606118066043,0.799931061578284,-0.00037044977167965953,0.4088992853093499,0.4092857012420961,-0.0003864159327462424
/mmfs1/gscratch/scrubbed/jsomeara/lynx/borzoi-repro/OUTPUTS/basic-model-trainseed42-trackseed42-tracks30pct,mouse,377,0.746413980676378,0.7461243854111889,0.00028959526518912426,0.5865826542542998,0.5876427701487646,-0.0010601158944648637
/mmfs1/gscratch/scrubbed/jsomeara/lynx/borzoi-repro/OUTPUTS/basic-model-trainseed42-trackseed42-tracks30pct,mouse,378,0.47593869696476293,0.4759926258369673,-5.392887220434517e-05,0.7928007829008388,0.7930662182466114,-0.0002654353457726133
/mmfs1/gscratch/scrubbed/jsomeara/lynx/borzoi-repro/OUTPUTS/basic-model-trainseed42-trackseed42-tracks30pct,mouse,381,0.5987991658755231,0.5991608244237383,-0.0003616585482152379,0.7713298099651343,0.7710645572627525,0.0002652527023818685
/mmfs1/gscratch/scrubbed/jsomeara/lynx/borzoi-repro/OUTPUTS/basic-model-trainseed42-trackseed42-tracks30pct,mouse,384,0.6542556900802436,0.6545572149602571,-0.00030152488001344846,0.49529927523449746,0.4958173312512155,-0.0005180560167180603
/mmfs1/gscratch/scrubbed/jsomeara/lynx/borzoi-repro/OUTPUTS/basic-model-trainseed42-trackseed42-tracks30pct,mouse,385,0.6432078507356667,0.6399982868846141,0.0032095638510525326,0.5061338929430791,0.5102950405680232,-0.004161147624944128
/mmfs1/gscratch/scrubbed/jsomeara/lynx/borzoi-repro/OUTPUTS/basic-model-trainseed42-trackseed42-tracks30pct,mouse,388,0.7093151894204065,0.7094306913486117,-0.00011550192820519722,0.5464995609159129,0.5472147872470463,-0.0007152263311334117
/mmfs1/gscratch/scrubbed/jsomeara/lynx/borzoi-repro/OUTPUTS/basic-model-trainseed42-trackseed42-tracks30pct,mouse,389,0.6864250570875363,0.6826267184471967,0.003798338640339627,0.49253473594418823,0.49525473756610455,-0.0027200016219163237
/mmfs1/gscratch/scrubbed/jsomeara/lynx/borzoi-repro/OUTPUTS/basic-model-trainseed42-trackseed42-tracks30pct,mouse,391,0.8814856168356903,0.8808410207700853,0.0006445960656049632,-0.4701898406748769,-0.4686682637247657,-0.0015215769501111809
/mmfs1/gscratch/scrubbed/jsomeara/lynx/borzoi-repro/OUTPUTS/basic-model-trainseed42-trackseed42-tracks30pct,mouse,394,0.7791875416914128,0.7797831021058875,-0.0005955604144747273,0.3664695972459488,0.36518214715929487,0.0012874500866539296
/mmfs1/gscratch/scrubbed/jsomeara/lynx/borzoi-repro/OUTPUTS/basic-model-trainseed42-trackseed42-tracks30pct,mouse,396,0.7907222093576427,0.7911457195229936,-0.00042351016535091546,0.7893458275574216,0.7892335343756927,0.00011229318172889524
/mmfs1/gscratch/scrubbed/jsomeara/lynx/borzoi-repro/OUTPUTS/basic-model-trainseed42-trackseed42-tracks30pct,mouse,398,0.8730991728254156,0.871645767818517,0.0014534050068986115,-0.5913548806250393,-0.5879542914783519,-0.003400589146687394
/mmfs1/gscratch/scrubbed/jsomeara/lynx/borzoi-repro/OUTPUTS/basic-model-trainseed42-trackseed42-tracks30pct,mouse,399,0.7304502154467422,0.7257676832186982,0.004682532228043934,0.5848769758266571,0.5870762267740866,-0.002199250947429454
/mmfs1/gscratch/scrubbed/jsomeara/lynx/borzoi-repro/OUTPUTS/basic-model-trainseed42-trackseed42-tracks30pct,mouse,400,0.8332862906692341,0.8331414264767629,0.00014486419247117244,-0.24003175148288997,-0.24131713698551088,0.0012853855026209171
/mmfs1/gscratch/scrubbed/jsomeara/lynx/borzoi-repro/OUTPUTS/basic-model-trainseed42-trackseed42-tracks30pct,mouse,403,0.7801816842274707,0.7808044314621275,-0.0006227472346568286,-0.4029456252148809,-0.40400833365555605,0.0010627084406751308
/mmfs1/gscratch/scrubbed/jsomeara/lynx/borzoi-repro/OUTPUTS/basic-model-trainseed42-trackseed42-tracks30pct,mouse,407,0.8212794811669041,0.8128349794194173,0.008444501747486788,0.36601836034617546,0.36982317221992184,-0.003804811873746372
/mmfs1/gscratch/scrubbed/jsomeara/lynx/borzoi-repro/OUTPUTS/basic-model-trainseed42-trackseed42-tracks30pct,mouse,414,0.8444666909788611,0.8429292445515867,0.0015374464272743804,-0.16919521269196744,-0.1678798647940213,-0.0013153478979461286
/mmfs1/gscratch/scrubbed/jsomeara/lynx/borzoi-repro/OUTPUTS/basic-model-trainseed42-trackseed42-tracks30pct,mouse,421,0.653858877873271,0.6543409047235198,-0.00048202685024878456,0.6245711007554692,0.6238763427837877,0.0006947579716815033
/mmfs1/gscratch/scrubbed/jsomeara/lynx/borzoi-repro/OUTPUTS/basic-model-trainseed42-trackseed42-tracks30pct,mouse,427,0.48530877209246154,0.4722416462476186,0.01306712584484293,0.7362262013729234,0.7399167878972288,-0.003690586524305428
/mmfs1/gscratch/scrubbed/jsomeara/lynx/borzoi-repro/OUTPUTS/basic-model-trainseed42-trackseed42-tracks30pct,mouse,430,0.8235034668584468,0.8217324702744322,0.0017709965840145836,0.4205655387863776,0.4203357409899866,0.00022979779639098474
/mmfs1/gscratch/scrubbed/jsomeara/lynx/borzoi-repro/OUTPUTS/basic-model-trainseed42-trackseed42-tracks30pct,mouse,434,0.8752135191932352,0.874470181901943,0.0007433372912921676,0.00889924292760629,0.009540493825650937,-0.0006412508980446468
/mmfs1/gscratch/scrubbed/jsomeara/lynx/borzoi-repro/OUTPUTS/basic-model-trainseed42-trackseed42-tracks30pct,mouse,437,0.6888619997848147,0.6883119524548683,0.000550047329946346,0.32496460167841873,0.3262801942360618,-0.001315592557643075
/mmfs1/gscratch/scrubbed/jsomeara/lynx/borzoi-repro/OUTPUTS/basic-model-trainseed42-trackseed42-tracks30pct,mouse,439,0.5439894924831251,0.5427285574700447,0.0012609350130804442,0.8150320304726978,0.8150133685196688,1.8661953029019962e-05
/mmfs1/gscratch/scrubbed/jsomeara/lynx/borzoi-repro/OUTPUTS/basic-model-trainseed42-trackseed42-tracks30pct,mouse,442,0.5062419254321301,0.5057449336933127,0.0004969917388173428,0.8506607992678087,0.8503730797719369,0.0002877194958718077
/mmfs1/gscratch/scrubbed/jsomeara/lynx/borzoi-repro/OUTPUTS/basic-model-trainseed42-trackseed42-tracks30pct,mouse,445,0.5161203713058717,0.5157901420241306,0.0003302292817410901,0.8349781185097251,0.8348169002084835,0.00016121830124160574
/mmfs1/gscratch/scrubbed/jsomeara/lynx/borzoi-repro/OUTPUTS/basic-model-trainseed42-trackseed42-tracks30pct,mouse,447,0.5323897863898993,0.5308165197972964,0.0015732665926029288,0.8156939892749725,0.8158495825387646,-0.0001555932637921087
/mmfs1/gscratch/scrubbed/jsomeara/lynx/borzoi-repro/OUTPUTS/basic-model-trainseed42-trackseed42-tracks30pct,mouse,453,0.5985201402254502,0.5979260862833297,0.0005940539421205315,0.8063095260500169,0.8061952781616322,0.0001142478883847664
/mmfs1/gscratch/scrubbed/jsomeara/lynx/borzoi-repro/OUTPUTS/basic-model-trainseed42-trackseed42-tracks30pct,mouse,456,0.7184798439920203,0.7157790925208154,0.002700751471204854,0.6458471534968441,0.646442023936084,-0.0005948704392398918
/mmfs1/gscratch/scrubbed/jsomeara/lynx/borzoi-repro/OUTPUTS/basic-model-trainseed42-trackseed42-tracks30pct,mouse,460,0.754157990646028,0.751330848500176,0.002827142145852002,0.5063398317559247,0.5079127950880915,-0.0015729633321668324
/mmfs1/gscratch/scrubbed/jsomeara/lynx/borzoi-repro/OUTPUTS/basic-model-trainseed42-trackseed42-tracks30pct,mouse,461,0.5907137521682838,0.5812433801736195,0.009470371994664273,0.8016349561460617,0.8038607010387496,-0.0022257448926878975
/mmfs1/gscratch/scrubbed/jsomeara/lynx/borzoi-repro/OUTPUTS/basic-model-trainseed42-trackseed42-tracks30pct,mouse,463,0.519011982456332,0.5132951867090194,0.005716795747312542,0.7854164939162632,0.7868847393359164,-0.0014682454196531802
/mmfs1/gscratch/scrubbed/jsomeara/lynx/borzoi-repro/OUTPUTS/basic-model-trainseed42-trackseed42-tracks30pct,mouse,465,0.537447442266295,0.5352436113252951,0.0022038309409999624,0.7838513124601039,0.7833666668881077,0.0004846455719961229
/mmfs1/gscratch/scrubbed/jsomeara/lynx/borzoi-repro/OUTPUTS/basic-model-trainseed42-trackseed42-tracks30pct,mouse,468,0.46522391855531486,0.46546193752004233,-0.00023801896472747108,0.8524719716843207,0.8520627283428815,0.0004092433414391028
/mmfs1/gscratch/scrubbed/jsomeara/lynx/borzoi-repro/OUTPUTS/basic-model-trainseed42-trackseed42-tracks30pct,mouse,470,0.5513264271081455,0.550804858821262,0.0005215682868835447,0.8324128765388491,0.8322233667565757,0.00018950978227338933
/mmfs1/gscratch/scrubbed/jsomeara/lynx/borzoi-repro/OUTPUTS/basic-model-trainseed42-trackseed42-tracks30pct,mouse,471,0.6272966999523404,0.6118754407472037,0.015421259205136706,0.7585524494702474,0.7598410869398013,-0.0012886374695539882
/mmfs1/gscratch/scrubbed/jsomeara/lynx/borzoi-repro/OUTPUTS/basic-model-trainseed42-trackseed42-tracks30pct,mouse,474,0.5443577289156163,0.5443636410430844,-5.912127468143957e-06,0.8350795644529271,0.8346099726787177,0.0004695917742093547
/mmfs1/gscratch/scrubbed/jsomeara/lynx/borzoi-repro/OUTPUTS/basic-model-trainseed42-trackseed42-tracks30pct,mouse,475,0.6891695000358025,0.6820278540745824,0.007141645961220022,0.7230402360003987,0.72460017555634,-0.0015599395559413587
/mmfs1/gscratch/scrubbed/jsomeara/lynx/borzoi-repro/OUTPUTS/basic-model-trainseed42-trackseed42-tracks30pct,mouse,480,0.5361543559756218,0.5356518286721959,0.0005025273034259259,0.8260233728366917,0.8260831658253419,-5.97929886502202e-05
/mmfs1/gscratch/scrubbed/jsomeara/lynx/borzoi-repro/OUTPUTS/basic-model-trainseed42-trackseed42-tracks30pct,mouse,482,0.5051641517910979,0.5054390472067688,-0.00027489541567093934,0.8403342514024568,0.8401556468846227,0.00017860451783402453
/mmfs1/gscratch/scrubbed/jsomeara/lynx/borzoi-repro/OUTPUTS/basic-model-trainseed42-trackseed42-tracks30pct,mouse,486,0.49161489586525375,0.48035429406813906,0.011260601797114689,0.7842073254289567,0.7873054689112214,-0.0030981434822647813
/mmfs1/gscratch/scrubbed/jsomeara/lynx/borzoi-repro/OUTPUTS/basic-model-trainseed42-trackseed42-tracks30pct,mouse,487,0.6543979705461159,0.6524822556834605,0.0019157148626554044,0.7555956292821258,0.7560207397158637,-0.0004251104337379408
/mmfs1/gscratch/scrubbed/jsomeara/lynx/borzoi-repro/OUTPUTS/basic-model-trainseed42-trackseed42-tracks30pct,mouse,495,0.538077498278953,0.538597955060759,-0.0005204567818060113,0.8462600202955883,0.8459774996899899,0.0002825206055984131
/mmfs1/gscratch/scrubbed/jsomeara/lynx/borzoi-repro/OUTPUTS/basic-model-trainseed42-trackseed42-tracks30pct,mouse,502,0.543691727921943,0.5317157045720868,0.011976023349856146,0.8071811373573881,0.8101496444419022,-0.002968507084514127
/mmfs1/gscratch/scrubbed/jsomeara/lynx/borzoi-repro/OUTPUTS/basic-model-trainseed42-trackseed42-tracks30pct,mouse,504,0.5687927346513101,0.5611374535133599,0.007655281137950221,0.8266293356642966,0.8283844660716659,-0.0017551304073692986
/mmfs1/gscratch/scrubbed/jsomeara/lynx/borzoi-repro/OUTPUTS/basic-model-trainseed42-trackseed42-tracks30pct,mouse,506,0.4659297993305591,0.4655426024185742,0.0003871969119849106,0.8520688446319665,0.8518884031155083,0.0001804415164582407
/mmfs1/gscratch/scrubbed/jsomeara/lynx/borzoi-repro/OUTPUTS/basic-model-trainseed42-trackseed42-tracks30pct,mouse,507,0.5092320444289491,0.5042695278326651,0.0049625165962839946,0.8044321100141659,0.8058418172455041,-0.0014097072313381531
/mmfs1/gscratch/scrubbed/jsomeara/lynx/borzoi-repro/OUTPUTS/basic-model-trainseed42-trackseed42-tracks30pct,mouse,510,0.5658487606675495,0.5340996015204535,0.03174915914709597,0.6750695179027555,0.6879161137950068,-0.012846595892251345
/mmfs1/gscratch/scrubbed/jsomeara/lynx/borzoi-repro/OUTPUTS/basic-model-trainseed42-trackseed42-tracks30pct,mouse,512,0.6545352166888121,0.649229928500229,0.005305288188583113,0.7244336365834536,0.7264107310371548,-0.0019770944537012003
/mmfs1/gscratch/scrubbed/jsomeara/lynx/borzoi-repro/OUTPUTS/basic-model-trainseed42-trackseed42-tracks30pct,mouse,513,0.7962918556597296,0.7950713189065493,0.0012205367531803457,0.6554210234262456,0.6551109241540446,0.0003100992722010476
/mmfs1/gscratch/scrubbed/jsomeara/lynx/borzoi-repro/OUTPUTS/basic-model-trainseed42-trackseed42-tracks30pct,mouse,514,0.8300759168388204,0.8327394386595979,-0.002663521820777448,0.6198906154167749,0.6184693954710969,0.0014212199456780095
/mmfs1/gscratch/scrubbed/jsomeara/lynx/borzoi-repro/OUTPUTS/basic-model-trainseed42-trackseed42-tracks30pct,mouse,515,0.8544165422988651,0.8524599987262151,0.0019565435726499603,0.29887836745993157,0.30003410443943945,-0.001155736979507882
/mmfs1/gscratch/scrubbed/jsomeara/lynx/borzoi-repro/OUTPUTS/basic-model-trainseed42-trackseed42-tracks30pct,mouse,518,0.6650785032938615,0.6589619684188955,0.006116534874965995,0.6607497152158319,0.6631172224336578,-0.0023675072178258594
/mmfs1/gscratch/scrubbed/jsomeara/lynx/borzoi-repro/OUTPUTS/basic-model-trainseed42-trackseed42-tracks30pct,mouse,519,0.9188763820135736,0.9179684691396189,0.0009079128739546416,-0.4812386325857809,-0.48004076462095346,-0.0011978679648274593
/mmfs1/gscratch/scrubbed/jsomeara/lynx/borzoi-repro/OUTPUTS/basic-model-trainseed42-trackseed42-tracks30pct,mouse,525,0.7558741679941866,0.7535889884538873,0.002285179540299276,0.004804691804750347,0.00932520996991872,-0.004520518165168372
/mmfs1/gscratch/scrubbed/jsomeara/lynx/borzoi-repro/OUTPUTS/basic-model-trainseed42-trackseed42-tracks30pct,mouse,526,0.49856056376808333,0.4960543527880116,0.0025062109800717547,0.8249368403681647,0.825411630374406,-0.000474790006241288
/mmfs1/gscratch/scrubbed/jsomeara/lynx/borzoi-repro/OUTPUTS/basic-model-trainseed42-trackseed42-tracks30pct,mouse,528,0.8260920718656154,0.825439408804887,0.0006526630607284201,0.5244480422825686,0.525518577720388,-0.001070535437819431
/mmfs1/gscratch/scrubbed/jsomeara/lynx/borzoi-repro/OUTPUTS/basic-model-trainseed42-trackseed42-tracks30pct,mouse,531,0.8835135844439177,0.8819763993965276,0.0015371850473900883,0.25270621683257793,0.25338655104856395,-0.0006803342159860115
/mmfs1/gscratch/scrubbed/jsomeara/lynx/borzoi-repro/OUTPUTS/basic-model-trainseed42-trackseed42-tracks30pct,mouse,534,0.7695547462597331,0.7671231763516866,0.0024315699080464936,0.5173714453898693,0.5204289445995149,-0.0030574992096455977
/mmfs1/gscratch/scrubbed/jsomeara/lynx/borzoi-repro/OUTPUTS/basic-model-trainseed42-trackseed42-tracks30pct,mouse,535,0.7172219674737582,0.7171664333328966,5.553414086156838e-05,0.7167400073172471,0.7162941171312526,0.0004458901859945019
/mmfs1/gscratch/scrubbed/jsomeara/lynx/borzoi-repro/OUTPUTS/basic-model-trainseed42-trackseed42-tracks30pct,mouse,536,0.8582155411030701,0.8563551440992782,0.0018603970037919249,0.511503325031786,0.5119942626264311,-0.0004909375946451355
/mmfs1/gscratch/scrubbed/jsomeara/lynx/borzoi-repro/OUTPUTS/basic-model-trainseed42-trackseed42-tracks30pct,mouse,539,0.7489181039412445,0.7471995760687213,0.0017185278725231345,0.5589901935942575,0.5586113270822994,0.00037886651195806476
/mmfs1/gscratch/scrubbed/jsomeara/lynx/borzoi-repro/OUTPUTS/basic-model-trainseed42-trackseed42-tracks30pct,mouse,540,0.9218082067714212,0.9215395179888073,0.0002686887826138795,-0.518291507505874,-0.5164877950085429,-0.0018037124973311336
/mmfs1/gscratch/scrubbed/jsomeara/lynx/borzoi-repro/OUTPUTS/basic-model-trainseed42-trackseed42-tracks30pct,mouse,543,0.9240486030436912,0.9237831544650624,0.0002654485786287575,-0.7004328779870387,-0.6990538487356158,-0.0013790292514228586
/mmfs1/gscratch/scrubbed/jsomeara/lynx/borzoi-repro/OUTPUTS/basic-model-trainseed42-trackseed42-tracks30pct,mouse,549,0.7332937908066104,0.7319759539037309,0.0013178369028794545,0.6809153462612342,0.681571889296166,-0.0006565430349317891
/mmfs1/gscratch/scrubbed/jsomeara/lynx/borzoi-repro/OUTPUTS/basic-model-trainseed42-trackseed42-tracks30pct,mouse,550,0.8258947465047746,0.8252124053440686,0.0006823411607059793,0.5065422635268857,0.5071994173806655,-0.000657153853779846
/mmfs1/gscratch/scrubbed/jsomeara/lynx/borzoi-repro/OUTPUTS/basic-model-trainseed42-trackseed42-tracks30pct,mouse,551,0.7975204264873459,0.7953169102485287,0.0022035162388172047,0.5518631574162198,0.5522701570564867,-0.00040699964026691404
/mmfs1/gscratch/scrubbed/jsomeara/lynx/borzoi-repro/OUTPUTS/basic-model-trainseed42-trackseed42-tracks30pct,mouse,553,0.8444792477967313,0.8443498536326738,0.00012939416405755022,0.4438385769727355,0.44369972916573786,0.00013884780699763288
/mmfs1/gscratch/scrubbed/jsomeara/lynx/borzoi-repro/OUTPUTS/basic-model-trainseed42-trackseed42-tracks30pct,mouse,554,0.8675360559451818,0.8673975256272438,0.00013853031793797932,-0.2818058415853981,-0.2810005345531705,-0.0008053070322276423
/mmfs1/gscratch/scrubbed/jsomeara/lynx/borzoi-repro/OUTPUTS/basic-model-trainseed42-trackseed42-tracks30pct,mouse,557,0.8836706795361826,0.8822333368429561,0.0014373426932264843,0.3511421048573055,0.3522553427469857,-0.0011132378896802075
/mmfs1/gscratch/scrubbed/jsomeara/lynx/borzoi-repro/OUTPUTS/basic-model-trainseed42-trackseed42-tracks30pct,mouse,559,0.6246207065847439,0.6203521311102403,0.004268575474503544,0.7578760571651295,0.7592982160405609,-0.0014221588754314007
/mmfs1/gscratch/scrubbed/jsomeara/lynx/borzoi-repro/OUTPUTS/basic-model-trainseed42-trackseed42-tracks30pct,mouse,562,0.8580373469003546,0.8581013348751054,-6.398797475082318e-05,0.06777560849958837,0.0685347762851655,-0.0007591677855771223
/mmfs1/gscratch/scrubbed/jsomeara/lynx/borzoi-repro/OUTPUTS/basic-model-trainseed42-trackseed42-tracks30pct,mouse,567,0.6871651516239679,0.6841112016217324,0.003053950002235406,0.6649905927165685,0.6652590455124614,-0.00026845279589293725
/mmfs1/gscratch/scrubbed/jsomeara/lynx/borzoi-repro/OUTPUTS/basic-model-trainseed42-trackseed42-tracks30pct,mouse,568,0.8300848599758992,0.8296627047601624,0.00042215521573685244,0.6183766114138652,0.6185012408953254,-0.00012462948146019226
/mmfs1/gscratch/scrubbed/jsomeara/lynx/borzoi-repro/OUTPUTS/basic-model-trainseed42-trackseed42-tracks30pct,mouse,571,0.8359436452666247,0.8353709361827527,0.0005727090838719695,0.6045821170533624,0.6048697472817709,-0.0002876302284084975
/mmfs1/gscratch/scrubbed/jsomeara/lynx/borzoi-repro/OUTPUTS/basic-model-trainseed42-trackseed42-tracks30pct,mouse,573,0.693987028806684,0.6903461456282463,0.0036408831784376927,0.727670960779202,0.729725515708293,-0.0020545549290910126
/mmfs1/gscratch/scrubbed/jsomeara/lynx/borzoi-repro/OUTPUTS/basic-model-trainseed42-trackseed42-tracks30pct,mouse,582,0.8261090913420056,0.8256689721111693,0.0004401192308363111,0.4920091184434081,0.4925115877493262,-0.000502469305918074
/mmfs1/gscratch/scrubbed/jsomeara/lynx/borzoi-repro/OUTPUTS/basic-model-trainseed42-trackseed42-tracks30pct,mouse,584,0.8711773756961171,0.8699574169472396,0.001219958748877481,-0.5730316307254436,-0.5681375830226951,-0.004894047702748483
/mmfs1/gscratch/scrubbed/jsomeara/lynx/borzoi-repro/OUTPUTS/basic-model-trainseed42-trackseed42-tracks30pct,mouse,585,0.9191827025635068,0.9194592155552578,-0.0002765129917510212,-0.7473169571703429,-0.7475797305757592,0.00026277340541636107
/mmfs1/gscratch/scrubbed/jsomeara/lynx/borzoi-repro/OUTPUTS/basic-model-trainseed42-trackseed42-tracks30pct,mouse,587,0.9133990414436289,0.9130520702438838,0.00034697119974513857,-0.6549498802214623,-0.6531191646326785,-0.0018307155887837823
/mmfs1/gscratch/scrubbed/jsomeara/lynx/borzoi-repro/OUTPUTS/basic-model-trainseed42-trackseed42-tracks30pct,mouse,599,0.503348106840601,0.5080917571335342,-0.00474365029293311,0.7796618231302473,0.7783295531157676,0.001332270014479775
/mmfs1/gscratch/scrubbed/jsomeara/lynx/borzoi-repro/OUTPUTS/basic-model-trainseed42-trackseed42-tracks30pct,mouse,600,0.6892394622171838,0.681073684040514,0.008165778176669747,0.4851485378981033,0.49078555901261905,-0.00563702111451575
/mmfs1/gscratch/scrubbed/jsomeara/lynx/borzoi-repro/OUTPUTS/basic-model-trainseed42-trackseed42-tracks30pct,mouse,601,0.6376030868462678,0.6327462770520399,0.004856809794227868,0.7716801152087648,0.773077373715877,-0.0013972585071122534
/mmfs1/gscratch/scrubbed/jsomeara/lynx/borzoi-repro/OUTPUTS/basic-model-trainseed42-trackseed42-tracks30pct,mouse,602,0.7309231616291186,0.7306654907770262,0.00025767085209238427,0.4296293215555558,0.4310336565457841,-0.0014043349902283508
/mmfs1/gscratch/scrubbed/jsomeara/lynx/borzoi-repro/OUTPUTS/basic-model-trainseed42-trackseed42-tracks30pct,mouse,603,0.7622039794722386,0.760251592287401,0.0019523871848375896,0.6062451238523898,0.606857129871137,-0.0006120060187472243
/mmfs1/gscratch/scrubbed/jsomeara/lynx/borzoi-repro/OUTPUTS/basic-model-trainseed42-trackseed42-tracks30pct,mouse,613,0.757189123564686,0.7563945247654382,0.0007945987992478143,0.6270708162451587,0.6271541142323991,-8.329798724038273e-05
/mmfs1/gscratch/scrubbed/jsomeara/lynx/borzoi-repro/OUTPUTS/basic-model-trainseed42-trackseed42-tracks30pct,mouse,615,0.7023992866325546,0.7025426438289994,-0.000143357196444871,0.7341875409245828,0.7335590611261346,0.0006284797984482671
/mmfs1/gscratch/scrubbed/jsomeara/lynx/borzoi-repro/OUTPUTS/basic-model-trainseed42-trackseed42-tracks30pct,mouse,616,0.8682498083321863,0.8680275551178618,0.00022225321432456369,-0.5952341922971849,-0.5950209877093048,-0.00021320458788010033
/mmfs1/gscratch/scrubbed/jsomeara/lynx/borzoi-repro/OUTPUTS/basic-model-trainseed42-trackseed42-tracks30pct,mouse,617,0.854398548823278,0.8512013085215901,0.003197240301687887,0.5085698472800192,0.5095165582156074,-0.0009467109355881798
/mmfs1/gscratch/scrubbed/jsomeara/lynx/borzoi-repro/OUTPUTS/basic-model-trainseed42-trackseed42-tracks30pct,mouse,618,0.9168555580104738,0.9162961666248145,0.0005593913856593025,-0.5351703228950744,-0.5340074925280296,-0.001162830367044787
/mmfs1/gscratch/scrubbed/jsomeara/lynx/borzoi-repro/OUTPUTS/basic-model-trainseed42-trackseed42-tracks30pct,mouse,619,0.9165361587642031,0.9155846207563971,0.0009515380078060076,-0.49028264664534615,-0.4892532848735632,-0.0010293617717829773
/mmfs1/gscratch/scrubbed/jsomeara/lynx/borzoi-repro/OUTPUTS/basic-model-trainseed42-trackseed42-tracks30pct,mouse,626,0.7094925051946858,0.7052302777391731,0.004262227455512635,0.6828280855988905,0.6859961623069935,-0.0031680767081029293
/mmfs1/gscratch/scrubbed/jsomeara/lynx/borzoi-repro/OUTPUTS/basic-model-trainseed42-trackseed42-tracks30pct,mouse,636,0.7308816124993657,0.7319201707632395,-0.001038558263873779,0.4920607449523514,0.4915153156769444,0.0005454292754070167
/mmfs1/gscratch/scrubbed/jsomeara/lynx/borzoi-repro/OUTPUTS/basic-model-trainseed42-trackseed42-tracks30pct,mouse,637,0.6150320914804409,0.6104496872692541,0.00458240421118683,0.753506209054552,0.7548588835653728,-0.0013526745108207727
/mmfs1/gscratch/scrubbed/jsomeara/lynx/borzoi-repro/OUTPUTS/basic-model-trainseed42-trackseed42-tracks30pct,mouse,641,0.8420753584984673,0.8411581873793083,0.0009171711191590104,0.47004331738386673,0.4703869588531219,-0.0003436414692551404
/mmfs1/gscratch/scrubbed/jsomeara/lynx/borzoi-repro/OUTPUTS/basic-model-trainseed42-trackseed42-tracks30pct,mouse,642,0.6778654780293387,0.6753971639077478,0.0024683141215908755,0.7033927526871576,0.7057139231683639,-0.0023211704812062806
/mmfs1/gscratch/scrubbed/jsomeara/lynx/borzoi-repro/OUTPUTS/basic-model-trainseed42-trackseed42-tracks30pct,mouse,647,0.8377950205738781,0.8376728970899204,0.00012212348395768124,0.35601110768095934,0.35657946066690593,-0.0005683529859465963
/mmfs1/gscratch/scrubbed/jsomeara/lynx/borzoi-repro/OUTPUTS/basic-model-trainseed42-trackseed42-tracks30pct,mouse,649,0.8039660840245751,0.8018333100261354,0.0021327739984396965,0.5007992759609927,0.5013092590588112,-0.0005099830978184672
/mmfs1/gscratch/scrubbed/jsomeara/lynx/borzoi-repro/OUTPUTS/basic-model-trainseed42-trackseed42-tracks30pct,mouse,658,0.7610169097163465,0.7582979654836026,0.0027189442327438806,0.5295978211925144,0.5298394160748104,-0.00024159488229602566
/mmfs1/gscratch/scrubbed/jsomeara/lynx/borzoi-repro/OUTPUTS/basic-model-trainseed42-trackseed42-tracks30pct,mouse,662,0.7878042081475018,0.7872351111310447,0.0005690970164571318,0.7157630691834714,0.715533273977602,0.0002297952058694097
/mmfs1/gscratch/scrubbed/jsomeara/lynx/borzoi-repro/OUTPUTS/basic-model-trainseed42-trackseed42-tracks30pct,mouse,666,0.9108887015800631,0.9108379122896383,5.0789290424790856e-05,-0.4395705535252615,-0.43923710922964543,-0.0003334442956160477
/mmfs1/gscratch/scrubbed/jsomeara/lynx/borzoi-repro/OUTPUTS/basic-model-trainseed42-trackseed42-tracks30pct,mouse,667,0.7657495407180981,0.7654188699297161,0.0003306707883820037,0.7597741967349603,0.7596866684643064,8.752827065383606e-05
/mmfs1/gscratch/scrubbed/jsomeara/lynx/borzoi-repro/OUTPUTS/basic-model-trainseed42-trackseed42-tracks30pct,mouse,669,0.8686725786022532,0.8683934974365249,0.0002790811657282788,-0.13194820453428757,-0.13137373951554884,-0.000574465018738729
/mmfs1/gscratch/scrubbed/jsomeara/lynx/borzoi-repro/OUTPUTS/basic-model-trainseed42-trackseed42-tracks30pct,mouse,674,0.7682910730462643,0.7653184865571228,0.00297258648914156,0.5359717219443993,0.5363786349100741,-0.0004069129656747439
/mmfs1/gscratch/scrubbed/jsomeara/lynx/borzoi-repro/OUTPUTS/basic-model-trainseed42-trackseed42-tracks30pct,mouse,680,0.6851295046799363,0.6799973971354906,0.005132107544445708,0.6528374386043189,0.6537400978612306,-0.0009026592569116865
/mmfs1/gscratch/scrubbed/jsomeara/lynx/borzoi-repro/OUTPUTS/basic-model-trainseed42-trackseed42-tracks30pct,mouse,693,0.8422295279406139,0.8414689656613094,0.0007605622793045441,0.442569271989704,0.4434677522361776,-0.0008984802464735986
/mmfs1/gscratch/scrubbed/jsomeara/lynx/borzoi-repro/OUTPUTS/basic-model-trainseed42-trackseed42-tracks30pct,mouse,698,0.9229939285968017,0.9228351090529541,0.00015881954384766583,-0.309213969108201,-0.30827420444353626,-0.0009397646646647217
/mmfs1/gscratch/scrubbed/jsomeara/lynx/borzoi-repro/OUTPUTS/basic-model-trainseed42-trackseed42-tracks30pct,mouse,700,0.6878943906242205,0.6880367644560783,-0.0001423738318577783,0.7559187664613851,0.7555093031659448,0.00040946329544033766
/mmfs1/gscratch/scrubbed/jsomeara/lynx/borzoi-repro/OUTPUTS/basic-model-trainseed42-trackseed42-tracks30pct,mouse,701,0.5822370053661537,0.5763176974876337,0.005919307878520019,0.7817869288476045,0.783488473660563,-0.0017015448129584776
/mmfs1/gscratch/scrubbed/jsomeara/lynx/borzoi-repro/OUTPUTS/basic-model-trainseed42-trackseed42-tracks30pct,mouse,703,0.6776831294985002,0.6752822487445906,0.00240088075390954,0.7833333215065379,0.78422922791112,-0.0008959064045821474
/mmfs1/gscratch/scrubbed/jsomeara/lynx/borzoi-repro/OUTPUTS/basic-model-trainseed42-trackseed42-tracks30pct,mouse,708,0.702141891773892,0.6970580033949346,0.005083888378957346,0.7350402110632293,0.7368360336281767,-0.0017958225649474802
/mmfs1/gscratch/scrubbed/jsomeara/lynx/borzoi-repro/OUTPUTS/basic-model-trainseed42-trackseed42-tracks30pct,mouse,709,0.7381298592077205,0.7365742400382539,0.00155561916946656,0.5939375219042679,0.5947551099065473,-0.0008175880022794901
/mmfs1/gscratch/scrubbed/jsomeara/lynx/borzoi-repro/OUTPUTS/basic-model-trainseed42-trackseed42-tracks30pct,mouse,712,0.7233448789040793,0.7186076301209374,0.004737248783141856,0.5295021353362348,0.530269000703735,-0.0007668653675001469
/mmfs1/gscratch/scrubbed/jsomeara/lynx/borzoi-repro/OUTPUTS/basic-model-trainseed42-trackseed42-tracks30pct,mouse,717,0.8367583274718786,0.8366920387164442,6.628875543446267e-05,0.47035803362209017,0.4703141655018453,4.386812024487208e-05
/mmfs1/gscratch/scrubbed/jsomeara/lynx/borzoi-repro/OUTPUTS/basic-model-trainseed42-trackseed42-tracks30pct,mouse,719,0.8130316887039066,0.811768059506839,0.0012636291970676838,0.6638994604199898,0.6642641904791462,-0.0003647300591563818
/mmfs1/gscratch/scrubbed/jsomeara/lynx/borzoi-repro/OUTPUTS/basic-model-trainseed42-trackseed42-tracks30pct,mouse,735,0.8373610413839042,0.8368390263863558,0.0005220149975484478,0.6125495540274475,0.6127395498014886,-0.00018999577404110735
/mmfs1/gscratch/scrubbed/jsomeara/lynx/borzoi-repro/OUTPUTS/basic-model-trainseed42-trackseed42-tracks30pct,mouse,738,0.7386039411256609,0.7365320928883026,0.002071848237358287,0.6317106367693789,0.6329362532484767,-0.001225616479097802
/mmfs1/gscratch/scrubbed/jsomeara/lynx/borzoi-repro/OUTPUTS/basic-model-trainseed42-trackseed42-tracks30pct,mouse,747,0.6353454283381951,0.6311443063154774,0.004201122022717718,0.7632917851534378,0.764308779714528,-0.0010169945610902786
/mmfs1/gscratch/scrubbed/jsomeara/lynx/borzoi-repro/OUTPUTS/basic-model-trainseed42-trackseed42-tracks30pct,mouse,748,0.9258656101366861,0.9248926501627385,0.0009729599739476402,-0.8624214541292688,-0.8594630227345836,-0.0029584313946852125
/mmfs1/gscratch/scrubbed/jsomeara/lynx/borzoi-repro/OUTPUTS/basic-model-trainseed42-trackseed42-tracks30pct,mouse,750,0.8893801807572707,0.8890084935404194,0.0003716872168512131,-0.1040915310379278,-0.10343129436328019,-0.0006602366746476102
/mmfs1/gscratch/scrubbed/jsomeara/lynx/borzoi-repro/OUTPUTS/basic-model-trainseed42-trackseed42-tracks30pct,mouse,751,0.8646787608138862,0.8630846831333723,0.0015940776805138945,0.3180361902546589,0.3193057357495228,-0.0012695454948639107
/mmfs1/gscratch/scrubbed/jsomeara/lynx/borzoi-repro/OUTPUTS/basic-model-trainseed42-trackseed42-tracks30pct,mouse,753,0.8629380320125127,0.8603859319289714,0.002552100083541342,0.4511809771672139,0.45183751988974014,-0.0006565427225262432
/mmfs1/gscratch/scrubbed/jsomeara/lynx/borzoi-repro/OUTPUTS/basic-model-trainseed42-trackseed42-tracks30pct,mouse,755,0.8002530848737343,0.7992343012746996,0.0010187835990346228,0.7274407739004589,0.7274950935728556,-5.431967239666324e-05
/mmfs1/gscratch/scrubbed/jsomeara/lynx/borzoi-repro/OUTPUTS/basic-model-trainseed42-trackseed42-tracks30pct,mouse,756,0.8807579711971824,0.8810066841723602,-0.00024871297517781166,-0.39970645596621474,-0.39925278585674706,-0.0004536701094676743
/mmfs1/gscratch/scrubbed/jsomeara/lynx/borzoi-repro/OUTPUTS/basic-model-trainseed42-trackseed42-tracks30pct,mouse,757,0.7964231619300879,0.7962592038102647,0.000163958119823171,0.6030937379608853,0.6023378050010708,0.0007559329598144648
/mmfs1/gscratch/scrubbed/jsomeara/lynx/borzoi-repro/OUTPUTS/basic-model-trainseed42-trackseed42-tracks30pct,mouse,758,0.7840778022389986,0.7813882839000563,0.002689518338942265,0.5393569527525734,0.5408775949760661,-0.0015206422234926853
/mmfs1/gscratch/scrubbed/jsomeara/lynx/borzoi-repro/OUTPUTS/basic-model-trainseed42-trackseed42-tracks30pct,mouse,760,0.7292480633581856,0.7290587219308274,0.0001893414273581584,0.7268513380062549,0.7265736276454867,0.0002777103607681797
/mmfs1/gscratch/scrubbed/jsomeara/lynx/borzoi-repro/OUTPUTS/basic-model-trainseed42-trackseed42-tracks30pct,mouse,763,0.8829428103795774,0.8811840871867508,0.0017587231928266611,0.3129331301089402,0.31360243533812016,-0.0006693052291799617
/mmfs1/gscratch/scrubbed/jsomeara/lynx/borzoi-repro/OUTPUTS/basic-model-trainseed42-trackseed42-tracks30pct,mouse,765,0.7076093270748782,0.7064293863985118,0.0011799406763663978,0.7136681709362622,0.7135991232394456,6.904769681659317e-05
/mmfs1/gscratch/scrubbed/jsomeara/lynx/borzoi-repro/OUTPUTS/basic-model-trainseed42-trackseed42-tracks30pct,mouse,768,0.8651668224896281,0.8643321104125345,0.0008347120770935135,0.009295720678087932,0.010264873664995825,-0.0009691529869078931
/mmfs1/gscratch/scrubbed/jsomeara/lynx/borzoi-repro/OUTPUTS/basic-model-trainseed42-trackseed42-tracks30pct,mouse,769,0.6198857687698619,0.6139270349980155,0.005958733771846414,0.7591380406848665,0.7610684902123521,-0.001930449527485667
/mmfs1/gscratch/scrubbed/jsomeara/lynx/borzoi-repro/OUTPUTS/basic-model-trainseed42-trackseed42-tracks30pct,mouse,770,0.8806934973244195,0.8801684336124379,0.0005250637119815771,-0.5878706430526225,-0.5864169563318251,-0.0014536867207973758
/mmfs1/gscratch/scrubbed/jsomeara/lynx/borzoi-repro/OUTPUTS/basic-model-trainseed42-trackseed42-tracks30pct,mouse,775,0.9227145958108094,0.9224525553852193,0.0002620404255900821,-0.6907339241753557,-0.6887169873589013,-0.002016936816454429
/mmfs1/gscratch/scrubbed/jsomeara/lynx/borzoi-repro/OUTPUTS/basic-model-trainseed42-trackseed42-tracks30pct,mouse,777,0.8650698302062478,0.8632578284003801,0.0018120018058677134,0.3169660135522164,0.3175432938180338,-0.000577280265817437
/mmfs1/gscratch/scrubbed/jsomeara/lynx/borzoi-repro/OUTPUTS/basic-model-trainseed42-trackseed42-tracks30pct,mouse,778,0.7661323035939526,0.7656186443487693,0.0005136592451833177,0.5698816627444919,0.5706614018880992,-0.0007797391436072942
/mmfs1/gscratch/scrubbed/jsomeara/lynx/borzoi-repro/OUTPUTS/basic-model-trainseed42-trackseed42-tracks30pct,mouse,780,0.7458599661466652,0.7441470508368072,0.0017129153098579541,0.5521433008270438,0.553045758293221,-0.0009024574661772311
/mmfs1/gscratch/scrubbed/jsomeara/lynx/borzoi-repro/OUTPUTS/basic-model-trainseed42-trackseed42-tracks30pct,mouse,781,0.8288869443071827,0.8295445660810399,-0.0006576217738571977,0.42433920749695636,0.42390366747090863,0.00043554002604773157
/mmfs1/gscratch/scrubbed/jsomeara/lynx/borzoi-repro/OUTPUTS/basic-model-trainseed42-trackseed42-tracks30pct,mouse,785,0.6120642294522249,0.6061816293826348,0.0058826000695901826,0.7206903667809821,0.7224706398187556,-0.0017802730377735054
/mmfs1/gscratch/scrubbed/jsomeara/lynx/borzoi-repro/OUTPUTS/basic-model-trainseed42-trackseed42-tracks30pct,mouse,787,0.7260728126052075,0.721820096487042,0.004252716118165467,0.5099021407856879,0.5114727695014002,-0.001570628715712341
/mmfs1/gscratch/scrubbed/jsomeara/lynx/borzoi-repro/OUTPUTS/basic-model-trainseed42-trackseed42-tracks30pct,mouse,790,0.8220774113101786,0.8218791144572444,0.00019829685293426547,0.5693091937858089,0.5687740847078834,0.000535109077925533
/mmfs1/gscratch/scrubbed/jsomeara/lynx/borzoi-repro/OUTPUTS/basic-model-trainseed42-trackseed42-tracks30pct,mouse,795,0.8362356989567843,0.8353031548997865,0.0009325440569978305,0.5177785205891712,0.5178811447344795,-0.00010262414530837205
/mmfs1/gscratch/scrubbed/jsomeara/lynx/borzoi-repro/OUTPUTS/basic-model-trainseed42-trackseed42-tracks30pct,mouse,796,0.9130066547184982,0.9125637429601531,0.0004429117583450992,-0.430224087393061,-0.42968684667594376,-0.0005372407171172489
/mmfs1/gscratch/scrubbed/jsomeara/lynx/borzoi-repro/OUTPUTS/basic-model-trainseed42-trackseed42-tracks30pct,mouse,800,0.5347124973751289,0.5358655375819256,-0.0011530402067966294,0.8738324995313328,0.8733954079957299,0.00043709153560289593
/mmfs1/gscratch/scrubbed/jsomeara/lynx/borzoi-repro/OUTPUTS/basic-model-trainseed42-trackseed42-tracks30pct,mouse,802,0.6109458929689991,0.6070231975032406,0.003922695465758519,0.779751063820715,0.7810562334256104,-0.001305169604895351
/mmfs1/gscratch/scrubbed/jsomeara/lynx/borzoi-repro/OUTPUTS/basic-model-trainseed42-trackseed42-tracks30pct,mouse,805,0.8456227610900823,0.8437554024359029,0.0018673586541794185,-0.334730682042757,-0.330841214057466,-0.0038894679852909952
/mmfs1/gscratch/scrubbed/jsomeara/lynx/borzoi-repro/OUTPUTS/basic-model-trainseed42-trackseed42-tracks30pct,mouse,807,0.8693694757403582,0.866452629050964,0.0029168466893941813,0.4014478838429741,0.4027455142276522,-0.0012976303846781168
/mmfs1/gscratch/scrubbed/jsomeara/lynx/borzoi-repro/OUTPUTS/basic-model-trainseed42-trackseed42-tracks30pct,mouse,808,0.8551950265517132,0.8544305559315895,0.0007644706201237472,-0.29267711608091596,-0.29141036598710646,-0.0012667500938094989
/mmfs1/gscratch/scrubbed/jsomeara/lynx/borzoi-repro/OUTPUTS/basic-model-trainseed42-trackseed42-tracks30pct,mouse,809,0.6978034193089602,0.6940102945414063,0.0037931247675538904,0.6692439641459502,0.6711314974726471,-0.0018875333266968886
/mmfs1/gscratch/scrubbed/jsomeara/lynx/borzoi-repro/OUTPUTS/basic-model-trainseed42-trackseed42-tracks30pct,mouse,814,0.7773976147421116,0.7758275101847946,0.001570104557316987,0.5109587783834706,0.5125116743558072,-0.0015528959723366542
/mmfs1/gscratch/scrubbed/jsomeara/lynx/borzoi-repro/OUTPUTS/basic-model-trainseed42-trackseed42-tracks30pct,mouse,821,0.8662923042043468,0.8662752102321181,1.7093972228710008e-05,-0.05627059333319627,-0.0550703812532381,-0.0012002120799581711
/mmfs1/gscratch/scrubbed/jsomeara/lynx/borzoi-repro/OUTPUTS/basic-model-trainseed42-trackseed42-tracks30pct,mouse,824,0.7894528324832891,0.7884713864315882,0.0009814460517009183,0.7017632009627826,0.7025110805641218,-0.000747879601339263
/mmfs1/gscratch/scrubbed/jsomeara/lynx/borzoi-repro/OUTPUTS/basic-model-trainseed42-trackseed42-tracks30pct,mouse,825,0.8783914491579249,0.8779448104809787,0.000446638676946165,-0.4103328489204258,-0.40824583580512036,-0.0020870131153054583
/mmfs1/gscratch/scrubbed/jsomeara/lynx/borzoi-repro/OUTPUTS/basic-model-trainseed42-trackseed42-tracks30pct,mouse,826,0.7207800451247984,0.7234512560624435,-0.0026712109376451076,0.6864080257342273,0.6848621226721135,0.0015459030621137737
/mmfs1/gscratch/scrubbed/jsomeara/lynx/borzoi-repro/OUTPUTS/basic-model-trainseed42-trackseed42-tracks30pct,mouse,830,0.6175184906055146,0.6133261570782417,0.0041923335272728846,0.7806681550795108,0.7818103076344737,-0.0011421525549628608
/mmfs1/gscratch/scrubbed/jsomeara/lynx/borzoi-repro/OUTPUTS/basic-model-trainseed42-trackseed42-tracks30pct,mouse,836,0.8336385410712303,0.8333473059305901,0.00029123514064011147,0.5111983326104759,0.5111180433303756,8.028928010028746e-05
/mmfs1/gscratch/scrubbed/jsomeara/lynx/borzoi-repro/OUTPUTS/basic-model-trainseed42-trackseed42-tracks30pct,mouse,839,0.7909469184355039,0.7914176471882295,-0.0004707287527255799,0.6286122058311844,0.6283648223737271,0.00024738345745722867
/mmfs1/gscratch/scrubbed/jsomeara/lynx/borzoi-repro/OUTPUTS/basic-model-trainseed42-trackseed42-tracks30pct,mouse,840,0.8782451562855693,0.8777818909905487,0.00046326529502060954,0.012583636839568493,0.0135749045520981,-0.000991267712529607
/mmfs1/gscratch/scrubbed/jsomeara/lynx/borzoi-repro/OUTPUTS/basic-model-trainseed42-trackseed42-tracks30pct,mouse,841,0.8866187166503514,0.8862316379143101,0.00038707873604126863,-0.776261919650436,-0.7754705253562869,-0.0007913942941490948
/mmfs1/gscratch/scrubbed/jsomeara/lynx/borzoi-repro/OUTPUTS/basic-model-trainseed42-trackseed42-tracks30pct,mouse,842,0.819629339663733,0.8174642951383025,0.0021650445254304262,0.5359739552326648,0.5368154141496306,-0.0008414589169658537
/mmfs1/gscratch/scrubbed/jsomeara/lynx/borzoi-repro/OUTPUTS/basic-model-trainseed42-trackseed42-tracks30pct,mouse,843,0.9250174971335293,0.9249925503389901,2.494679453923787e-05,-0.23306142329664795,-0.2317568487083895,-0.0013045745882584447
/mmfs1/gscratch/scrubbed/jsomeara/lynx/borzoi-repro/OUTPUTS/basic-model-trainseed42-trackseed42-tracks30pct,mouse,848,0.9226253393990854,0.9212134400341415,0.0014118993649439027,-0.3079046577868466,-0.3062613070884566,-0.0016433506983900004
/mmfs1/gscratch/scrubbed/jsomeara/lynx/borzoi-repro/OUTPUTS/basic-model-trainseed42-trackseed42-tracks30pct,mouse,849,0.7711395535069566,0.7696068681338598,0.0015326853730968093,0.6365480501057156,0.6363660940348992,0.00018195607081639142
/mmfs1/gscratch/scrubbed/jsomeara/lynx/borzoi-repro/OUTPUTS/basic-model-trainseed42-trackseed42-tracks30pct,mouse,850,0.514783361002706,0.5161682012324398,-0.0013848402297337303,0.836889610637705,0.8364330437883165,0.00045656684938844005
/mmfs1/gscratch/scrubbed/jsomeara/lynx/borzoi-repro/OUTPUTS/basic-model-trainseed42-trackseed42-tracks30pct,mouse,854,0.9054322701516335,0.9045910220193457,0.0008412481322878085,0.06305381990208471,0.06392187574947071,-0.0008680558473860012
/mmfs1/gscratch/scrubbed/jsomeara/lynx/borzoi-repro/OUTPUTS/basic-model-trainseed42-trackseed42-tracks30pct,mouse,864,0.8458063193219253,0.8402695375850808,0.005536781736844465,0.5381984776028941,0.5392668498776132,-0.0010683722747191204
/mmfs1/gscratch/scrubbed/jsomeara/lynx/borzoi-repro/OUTPUTS/basic-model-trainseed42-trackseed42-tracks30pct,mouse,870,0.8301382589719348,0.8288802700014462,0.001257988970488677,0.09951809321237154,0.10010453684616843,-0.0005864436337968959
/mmfs1/gscratch/scrubbed/jsomeara/lynx/borzoi-repro/OUTPUTS/basic-model-trainseed42-trackseed42-tracks30pct,mouse,871,0.8152666094355718,0.8142961733661005,0.0009704360694713365,0.6763909618467843,0.6771818507276856,-0.000790888880901286
/mmfs1/gscratch/scrubbed/jsomeara/lynx/borzoi-repro/OUTPUTS/basic-model-trainseed42-trackseed42-tracks30pct,mouse,876,0.8472178440167453,0.8424393976117716,0.004778446404973713,0.5553931046149697,0.5563735204107821,-0.0009804157958124282
/mmfs1/gscratch/scrubbed/jsomeara/lynx/borzoi-repro/OUTPUTS/basic-model-trainseed42-trackseed42-tracks30pct,mouse,881,0.8539599017941978,0.8528601625651182,0.001099739229079577,0.5449707438129514,0.5453511214313219,-0.00038037761837050876
/mmfs1/gscratch/scrubbed/jsomeara/lynx/borzoi-repro/OUTPUTS/basic-model-trainseed42-trackseed42-tracks30pct,mouse,883,0.8671052191982282,0.8664190797135092,0.0006861394847190727,-0.33711289859156196,-0.33581452787078087,-0.0012983707207810946
/mmfs1/gscratch/scrubbed/jsomeara/lynx/borzoi-repro/OUTPUTS/basic-model-trainseed42-trackseed42-tracks30pct,mouse,884,0.8531129189274538,0.8532831137277754,-0.00017019480032165468,0.04508602995827321,0.04490093680364981,0.00018509315462340165
/mmfs1/gscratch/scrubbed/jsomeara/lynx/borzoi-repro/OUTPUTS/basic-model-trainseed42-trackseed42-tracks30pct,mouse,885,0.6669188752740589,0.6597002308576573,0.007218644416401632,0.7096961590317401,0.7122786189875361,-0.0025824599557959793
/mmfs1/gscratch/scrubbed/jsomeara/lynx/borzoi-repro/OUTPUTS/basic-model-trainseed42-trackseed42-tracks30pct,mouse,893,0.7794371097492381,0.7782961367572105,0.0011409729920275336,0.6205348642055397,0.6214545430732665,-0.0009196788677268142
/mmfs1/gscratch/scrubbed/jsomeara/lynx/borzoi-repro/OUTPUTS/basic-model-trainseed42-trackseed42-tracks30pct,mouse,894,0.8209698306180852,0.8204151804795334,0.0005546501385517155,0.693558252051124,0.694109430120565,-0.0005511780694410495
/mmfs1/gscratch/scrubbed/jsomeara/lynx/borzoi-repro/OUTPUTS/basic-model-trainseed42-trackseed42-tracks30pct,mouse,896,0.8225875746559023,0.8226162536187687,-2.8678962866401925e-05,0.39326865547007284,0.39311490134966093,0.0001537541204119086
/mmfs1/gscratch/scrubbed/jsomeara/lynx/borzoi-repro/OUTPUTS/basic-model-trainseed42-trackseed42-tracks30pct,mouse,905,0.6584889112566591,0.6528358513608076,0.00565305989585152,0.7326207615573092,0.7345733919979542,-0.0019526304406450867
/mmfs1/gscratch/scrubbed/jsomeara/lynx/borzoi-repro/OUTPUTS/basic-model-trainseed42-trackseed42-tracks30pct,mouse,907,0.8660336774023163,0.8657044450473073,0.0003292323550090348,-0.17027111347352236,-0.1686167598705993,-0.0016543536029230699
/mmfs1/gscratch/scrubbed/jsomeara/lynx/borzoi-repro/OUTPUTS/basic-model-trainseed42-trackseed42-tracks30pct,mouse,909,0.9114534373321981,0.9121059939745939,-0.0006525566423958296,-0.7174996383737506,-0.7178751161829073,0.00037547780915669904
/mmfs1/gscratch/scrubbed/jsomeara/lynx/borzoi-repro/OUTPUTS/basic-model-trainseed42-trackseed42-tracks30pct,mouse,911,0.8363552621331445,0.8357920035314019,0.0005632586017425556,0.4642508834200248,0.4643115262787458,-6.064285872098285e-05
/mmfs1/gscratch/scrubbed/jsomeara/lynx/borzoi-repro/OUTPUTS/basic-model-trainseed42-trackseed42-tracks30pct,mouse,915,0.8588979983471888,0.8545881586488202,0.004309839698368623,0.44691859926130006,0.44781267028957256,-0.0008940710282724917
/mmfs1/gscratch/scrubbed/jsomeara/lynx/borzoi-repro/OUTPUTS/basic-model-trainseed42-trackseed42-tracks30pct,mouse,919,0.9015108715351611,0.9012823707000537,0.0002285008351073925,-0.100065447225473,-0.09989482065556586,-0.00017062656990714242
/mmfs1/gscratch/scrubbed/jsomeara/lynx/borzoi-repro/OUTPUTS/basic-model-trainseed42-trackseed42-tracks30pct,mouse,920,0.9045991503980582,0.9042478746925077,0.00035127570555049115,-0.09752214594019447,-0.09670489251667656,-0.0008172534235179052
/mmfs1/gscratch/scrubbed/jsomeara/lynx/borzoi-repro/OUTPUTS/basic-model-trainseed42-trackseed42-tracks30pct,mouse,923,0.8691916885448757,0.8694327665380248,-0.00024107799314909695,-0.05119897358555593,-0.050642606491070274,-0.0005563670944856575
/mmfs1/gscratch/scrubbed/jsomeara/lynx/borzoi-repro/OUTPUTS/basic-model-trainseed42-trackseed42-tracks30pct,mouse,925,0.579655231459761,0.5769341390301441,0.0027210924296168226,0.7423213198247233,0.7429891816655323,-0.0006678618408090253
/mmfs1/gscratch/scrubbed/jsomeara/lynx/borzoi-repro/OUTPUTS/basic-model-trainseed42-trackseed42-tracks30pct,mouse,926,0.916876836254361,0.9168224067196808,5.442953468015599e-05,-0.22317687410050896,-0.22249850869062526,-0.0006783654098836966
/mmfs1/gscratch/scrubbed/jsomeara/lynx/borzoi-repro/OUTPUTS/basic-model-trainseed42-trackseed42-tracks30pct,mouse,928,0.7580656743308286,0.7557223797818878,0.0023432945489407775,0.45790693689848744,0.4576876535513185,0.00021928334716891928
/mmfs1/gscratch/scrubbed/jsomeara/lynx/borzoi-repro/OUTPUTS/basic-model-trainseed42-trackseed42-tracks30pct,mouse,929,0.6315941202834178,0.6260073526262461,0.005586767657171698,0.7789141804077648,0.7805535941606934,-0.0016394137529285313
/mmfs1/gscratch/scrubbed/jsomeara/lynx/borzoi-repro/OUTPUTS/basic-model-trainseed42-trackseed42-tracks30pct,mouse,934,0.8680435383967924,0.8669883362946812,0.0010552021021111857,0.4127286236166189,0.4127894332748827,-6.080965826382734e-05
/mmfs1/gscratch/scrubbed/jsomeara/lynx/borzoi-repro/OUTPUTS/basic-model-trainseed42-trackseed42-tracks30pct,mouse,938,0.5654622506584839,0.5603379754880459,0.0051242751704380085,0.7350283558346513,0.7366568565565683,-0.0016285007219170033
/mmfs1/gscratch/scrubbed/jsomeara/lynx/borzoi-repro/OUTPUTS/basic-model-trainseed42-trackseed42-tracks30pct,mouse,940,0.8666215935601258,0.866448377007191,0.0001732165529347851,-0.29835401659322225,-0.2972034515310295,-0.0011505650621927432
/mmfs1/gscratch/scrubbed/jsomeara/lynx/borzoi-repro/OUTPUTS/basic-model-trainseed42-trackseed42-tracks30pct,mouse,944,0.7242618723942804,0.7232559821242591,0.0010058902700212924,0.7093019905123721,0.7091723791227634,0.0001296113896086526
/mmfs1/gscratch/scrubbed/jsomeara/lynx/borzoi-repro/OUTPUTS/basic-model-trainseed42-trackseed42-tracks30pct,mouse,946,0.5686105635980565,0.5649993786466595,0.0036111849513970062,0.6905632097483186,0.691430918184183,-0.0008677084358643672
/mmfs1/gscratch/scrubbed/jsomeara/lynx/borzoi-repro/OUTPUTS/basic-model-trainseed42-trackseed42-tracks30pct,mouse,947,0.9195601054802842,0.9195718292027785,-1.1723722494250133e-05,-0.5568560212187889,-0.5564435586068116,-0.000412462611977249
/mmfs1/gscratch/scrubbed/jsomeara/lynx/borzoi-repro/OUTPUTS/basic-model-trainseed42-trackseed42-tracks30pct,mouse,954,0.8479494958581352,0.8468423055040463,0.001107190354088905,0.5537563198433639,0.5543228345572055,-0.0005665147138416149
/mmfs1/gscratch/scrubbed/jsomeara/lynx/borzoi-repro/OUTPUTS/basic-model-trainseed42-trackseed42-tracks30pct,mouse,956,0.846503921520656,0.8457302156635246,0.0007737058571314348,0.4893643145964125,0.489508857786707,-0.00014454319029449936
/mmfs1/gscratch/scrubbed/jsomeara/lynx/borzoi-repro/OUTPUTS/basic-model-trainseed42-trackseed42-tracks30pct,mouse,958,0.8646455343878587,0.8630932204943732,0.0015523138934855352,-0.5278291121845132,-0.5229823782467174,-0.0048467339377957774
/mmfs1/gscratch/scrubbed/jsomeara/lynx/borzoi-repro/OUTPUTS/basic-model-trainseed42-trackseed42-tracks30pct,mouse,959,0.835702109696803,0.8333761727401777,0.0023259369566253074,0.5110763384034299,0.5116863625995532,-0.0006100241961233266
/mmfs1/gscratch/scrubbed/jsomeara/lynx/borzoi-repro/OUTPUTS/basic-model-trainseed42-trackseed42-tracks30pct,mouse,963,0.7556123637798143,0.752233156292603,0.003379207487211322,0.5132752633346046,0.5148812535640871,-0.0016059902294824902
/mmfs1/gscratch/scrubbed/jsomeara/lynx/borzoi-repro/OUTPUTS/basic-model-trainseed42-trackseed42-tracks30pct,mouse,965,0.7934348363221524,0.7911225876224135,0.0023122486997388947,0.663435026752828,0.6635800199685736,-0.00014499321574568125
/mmfs1/gscratch/scrubbed/jsomeara/lynx/borzoi-repro/OUTPUTS/basic-model-trainseed42-trackseed42-tracks30pct,mouse,972,0.7993728645670948,0.7983086326094642,0.0010642319576306125,0.5951906160909337,0.5948719089615329,0.00031870712940085255
/mmfs1/gscratch/scrubbed/jsomeara/lynx/borzoi-repro/OUTPUTS/basic-model-trainseed42-trackseed42-tracks30pct,mouse,976,0.8744282691988089,0.8740796364741079,0.0003486327247009813,-0.6355585978438463,-0.6353585286625044,-0.00020006918134185536
/mmfs1/gscratch/scrubbed/jsomeara/lynx/borzoi-repro/OUTPUTS/basic-model-trainseed42-trackseed42-tracks30pct,mouse,977,0.75588282746478,0.7547260033797976,0.0011568240849824107,0.6938552259219962,0.6935486075740284,0.0003066183479678575
/mmfs1/gscratch/scrubbed/jsomeara/lynx/borzoi-repro/OUTPUTS/basic-model-trainseed42-trackseed42-tracks30pct,mouse,978,0.8814499549545548,0.8810682273365255,0.0003817276180293483,-0.5352101257756509,-0.5323420818976508,-0.002868043878000104
/mmfs1/gscratch/scrubbed/jsomeara/lynx/borzoi-repro/OUTPUTS/basic-model-trainseed42-trackseed42-tracks30pct,mouse,979,0.8868253888852007,0.8863315184096472,0.0004938704755534928,-0.7665147272395995,-0.7633056460197918,-0.0032090812198076746
/mmfs1/gscratch/scrubbed/jsomeara/lynx/borzoi-repro/OUTPUTS/basic-model-trainseed42-trackseed42-tracks30pct,mouse,981,0.9274941914383148,0.9270464141308723,0.00044777730744249844,-0.7793445925317933,-0.7773461192193125,-0.0019984733124808196
/mmfs1/gscratch/scrubbed/jsomeara/lynx/borzoi-repro/OUTPUTS/basic-model-trainseed42-trackseed42-tracks30pct,mouse,990,0.8260666161033264,0.8257436311182994,0.00032298498502703055,0.6549993160726989,0.6555031203984227,-0.0005038043257238334
/mmfs1/gscratch/scrubbed/jsomeara/lynx/borzoi-repro/OUTPUTS/basic-model-trainseed42-trackseed42-tracks30pct,mouse,993,0.578568729885613,0.5747747921859906,0.0037939376996224405,0.7290908324003976,0.730025867656082,-0.000935035255684391
/mmfs1/gscratch/scrubbed/jsomeara/lynx/borzoi-repro/OUTPUTS/basic-model-trainseed42-trackseed42-tracks30pct,mouse,998,0.8816961276407118,0.8813500816679297,0.00034604597278209415,-0.2942186846823296,-0.2932909270432875,-0.0009277576390420705
/mmfs1/gscratch/scrubbed/jsomeara/lynx/borzoi-repro/OUTPUTS/basic-model-trainseed42-trackseed42-tracks30pct,mouse,1002,0.785339389594331,0.7837803503514877,0.0015590392428432853,0.46373161779932975,0.46393277083624584,-0.00020115303691609077
/mmfs1/gscratch/scrubbed/jsomeara/lynx/borzoi-repro/OUTPUTS/basic-model-trainseed42-trackseed42-tracks30pct,mouse,1003,0.8848519405799902,0.883273121588071,0.0015788189919191398,0.25695340609234063,0.2579878436461707,-0.001034437553830092
/mmfs1/gscratch/scrubbed/jsomeara/lynx/borzoi-repro/OUTPUTS/basic-model-trainseed42-trackseed42-tracks30pct,mouse,1004,0.6943484438773494,0.6884386458682709,0.005909798009078537,0.5008237187135436,0.5046364522060832,-0.003812733492539633
/mmfs1/gscratch/scrubbed/jsomeara/lynx/borzoi-repro/OUTPUTS/basic-model-trainseed42-trackseed42-tracks30pct,mouse,1005,0.512081251306598,0.5135719055953037,-0.0014906542887057617,0.7802547232311591,0.7793995056446793,0.0008552175864797729
/mmfs1/gscratch/scrubbed/jsomeara/lynx/borzoi-repro/OUTPUTS/basic-model-trainseed42-trackseed42-tracks30pct,mouse,1008,0.7619147023410628,0.7596176910115392,0.002297011329523646,0.5976829228363432,0.5986124195696584,-0.000929496733315216
/mmfs1/gscratch/scrubbed/jsomeara/lynx/borzoi-repro/OUTPUTS/basic-model-trainseed42-trackseed42-tracks30pct,mouse,1010,0.7487785742746602,0.7479680422414506,0.0008105320332095767,0.6665662139207772,0.666595049818265,-2.8835897487811124e-05
/mmfs1/gscratch/scrubbed/jsomeara/lynx/borzoi-repro/OUTPUTS/basic-model-trainseed42-trackseed42-tracks30pct,mouse,1013,0.7979102546989739,0.7972603957797412,0.0006498589192327486,0.5965909420985849,0.5969723015479237,-0.00038135944933881394
/mmfs1/gscratch/scrubbed/jsomeara/lynx/borzoi-repro/OUTPUTS/basic-model-trainseed42-trackseed42-tracks30pct,mouse,1018,0.9205997851648795,0.9205168977070222,8.288745785733909e-05,-0.47773115956724277,-0.4768989516021741,-0.0008322079650686653
/mmfs1/gscratch/scrubbed/jsomeara/lynx/borzoi-repro/OUTPUTS/basic-model-trainseed42-trackseed42-tracks30pct,mouse,1020,0.7228707945537638,0.7271138389126002,-0.004243044358836379,0.33773601215070964,0.33545091927132237,0.002285092879387274
/mmfs1/gscratch/scrubbed/jsomeara/lynx/borzoi-repro/OUTPUTS/basic-model-trainseed42-trackseed42-tracks30pct,mouse,1025,0.5921422767429523,0.5690925783554507,0.023049698387501594,0.5765310653043738,0.5947837679490362,-0.01825270264466239
/mmfs1/gscratch/scrubbed/jsomeara/lynx/borzoi-repro/OUTPUTS/basic-model-trainseed42-trackseed42-tracks30pct,mouse,1026,0.8053176548840394,0.8047468986950103,0.0005707561890291313,0.6622609847348381,0.6624584719196854,-0.00019748718484735583
/mmfs1/gscratch/scrubbed/jsomeara/lynx/borzoi-repro/OUTPUTS/basic-model-trainseed42-trackseed42-tracks30pct,mouse,1028,0.827628725704826,0.8250995359516716,0.002529189753154415,0.3307231841076859,0.33149567465099933,-0.0007724905433134088
/mmfs1/gscratch/scrubbed/jsomeara/lynx/borzoi-repro/OUTPUTS/basic-model-trainseed42-trackseed42-tracks30pct,mouse,1029,0.5944127758705093,0.5912869789374297,0.003125796933079683,0.7377448469668818,0.7384619674121486,-0.0007171204452668389
/mmfs1/gscratch/scrubbed/jsomeara/lynx/borzoi-repro/OUTPUTS/basic-model-trainseed42-trackseed42-tracks30pct,mouse,1034,0.7474040680977605,0.7468230224379144,0.0005810456598460689,0.6371655875708236,0.6374437970702682,-0.0002782094994445705
/mmfs1/gscratch/scrubbed/jsomeara/lynx/borzoi-repro/OUTPUTS/basic-model-trainseed42-trackseed42-tracks30pct,mouse,1036,0.7994734540630407,0.8010321766450353,-0.0015587225819946315,0.6480766094722418,0.6472526223946337,0.0008239870776081126
/mmfs1/gscratch/scrubbed/jsomeara/lynx/borzoi-repro/OUTPUTS/basic-model-trainseed42-trackseed42-tracks30pct,mouse,1042,0.830502238414888,0.8295283666250812,0.0009738717898067906,0.6007927976080873,0.6015067967257804,-0.0007139991176930982
/mmfs1/gscratch/scrubbed/jsomeara/lynx/borzoi-repro/OUTPUTS/basic-model-trainseed42-trackseed42-tracks30pct,mouse,1045,0.7447787948827888,0.744508671781251,0.00027012310153773367,0.5211502289690885,0.5223756043954149,-0.0012253754263263916
/mmfs1/gscratch/scrubbed/jsomeara/lynx/borzoi-repro/OUTPUTS/basic-model-trainseed42-trackseed42-tracks30pct,mouse,1048,0.7351109997050155,0.7326321186571664,0.002478881047849102,0.6139136278636397,0.6149020152932827,-0.0009883874296430228
/mmfs1/gscratch/scrubbed/jsomeara/lynx/borzoi-repro/OUTPUTS/basic-model-trainseed42-trackseed42-tracks30pct,mouse,1049,0.5861345162781245,0.5851890594337529,0.0009454568443716393,0.7406892030937681,0.7410598903106932,-0.0003706872169251252
/mmfs1/gscratch/scrubbed/jsomeara/lynx/borzoi-repro/OUTPUTS/basic-model-trainseed42-trackseed42-tracks30pct,mouse,1055,0.9123090590938723,0.9120383474076666,0.0002707116862056269,0.01872089296131813,0.01932139252219514,-0.0006004995608770124
/mmfs1/gscratch/scrubbed/jsomeara/lynx/borzoi-repro/OUTPUTS/basic-model-trainseed42-trackseed42-tracks30pct,mouse,1058,0.8202119964988482,0.8220015963283496,-0.0017895998295013316,0.642353790465178,0.6411503653029718,0.0012034251622062841
/mmfs1/gscratch/scrubbed/jsomeara/lynx/borzoi-repro/OUTPUTS/basic-model-trainseed42-trackseed42-tracks30pct,mouse,1061,0.8002063132259859,0.7999195154201407,0.00028679780584517367,0.722727508736206,0.7227587863664432,-3.12776302372475e-05
/mmfs1/gscratch/scrubbed/jsomeara/lynx/borzoi-repro/OUTPUTS/basic-model-trainseed42-trackseed42-tracks30pct,mouse,1067,0.7672289152763375,0.7672191875998561,9.72767648144135e-06,0.6938019712952204,0.6933408234974388,0.00046114779778161363
/mmfs1/gscratch/scrubbed/jsomeara/lynx/borzoi-repro/OUTPUTS/basic-model-trainseed42-trackseed42-tracks30pct,mouse,1068,0.6780138127991904,0.6721279870477233,0.005885825751467122,0.7041659208680999,0.7060186108781202,-0.001852690010020308
/mmfs1/gscratch/scrubbed/jsomeara/lynx/borzoi-repro/OUTPUTS/basic-model-trainseed42-trackseed42-tracks30pct,mouse,1073,0.8491838683017805,0.8470616004013518,0.002122267900428687,0.3763318508705341,0.37732049897547354,-0.000988648104939427
/mmfs1/gscratch/scrubbed/jsomeara/lynx/borzoi-repro/OUTPUTS/basic-model-trainseed42-trackseed42-tracks30pct,mouse,1074,0.5861511955010577,0.5812008846984518,0.004950310802605884,0.7510762119555002,0.752239462659793,-0.0011632507042927953
/mmfs1/gscratch/scrubbed/jsomeara/lynx/borzoi-repro/OUTPUTS/basic-model-trainseed42-trackseed42-tracks30pct,mouse,1079,0.8583238837046393,0.8567980314520324,0.0015258522526069296,0.5852258165447988,0.5857808653830234,-0.0005550488382246588
/mmfs1/gscratch/scrubbed/jsomeara/lynx/borzoi-repro/OUTPUTS/basic-model-trainseed42-trackseed42-tracks30pct,mouse,1081,0.8523466895529446,0.8510692539118816,0.001277435641062974,0.5830350061677007,0.5835655059289968,-0.0005304997612961548
/mmfs1/gscratch/scrubbed/jsomeara/lynx/borzoi-repro/OUTPUTS/basic-model-trainseed42-trackseed42-tracks30pct,mouse,1083,0.7622252556052828,0.7622609439463789,-3.5688341096129506e-05,0.605129807400826,0.6045577026677826,0.000572104733043366
/mmfs1/gscratch/scrubbed/jsomeara/lynx/borzoi-repro/OUTPUTS/basic-model-trainseed42-trackseed42-tracks30pct,mouse,1086,0.7633541276086033,0.759130707601807,0.004223420006796319,0.5005569692628556,0.5017076945177908,-0.0011507252549352032
/mmfs1/gscratch/scrubbed/jsomeara/lynx/borzoi-repro/OUTPUTS/basic-model-trainseed42-trackseed42-tracks30pct,mouse,1087,0.8386868560045271,0.8379515330841025,0.0007353229204245526,0.5281633311759585,0.528802970756623,-0.0006396395806644861
/mmfs1/gscratch/scrubbed/jsomeara/lynx/borzoi-repro/OUTPUTS/basic-model-trainseed42-trackseed42-tracks30pct,mouse,1088,0.767743531653136,0.7621725288445268,0.005571002808609227,0.543279632669063,0.5427527904369625,0.0005268422321005328
/mmfs1/gscratch/scrubbed/jsomeara/lynx/borzoi-repro/OUTPUTS/basic-model-trainseed42-trackseed42-tracks30pct,mouse,1090,0.6663291097781412,0.6670252684229516,-0.0006961586448104295,0.7776429845601363,0.7773361681260842,0.0003068164340520596
/mmfs1/gscratch/scrubbed/jsomeara/lynx/borzoi-repro/OUTPUTS/basic-model-trainseed42-trackseed42-tracks30pct,mouse,1092,0.6784152291011444,0.6742196144383183,0.0041956146628260305,0.7288288272328257,0.7301554070915532,-0.001326579858727528
/mmfs1/gscratch/scrubbed/jsomeara/lynx/borzoi-repro/OUTPUTS/basic-model-trainseed42-trackseed42-tracks30pct,mouse,1093,0.7382183349347498,0.7394725976683902,-0.0012542627336404877,0.5650864006299425,0.5632375536423598,0.0018488469875826974
/mmfs1/gscratch/scrubbed/jsomeara/lynx/borzoi-repro/OUTPUTS/basic-model-trainseed42-trackseed42-tracks30pct,mouse,1105,0.7811209355875466,0.7761438714898112,0.004977064097735351,0.5661184776795276,0.56569687184945,0.00042160583007766483
/mmfs1/gscratch/scrubbed/jsomeara/lynx/borzoi-repro/OUTPUTS/basic-model-trainseed42-trackseed42-tracks30pct,mouse,1108,0.7901214585855738,0.7878894181125122,0.0022320404730615806,0.5318724323173556,0.533293492543995,-0.001421060226639459
/mmfs1/gscratch/scrubbed/jsomeara/lynx/borzoi-repro/OUTPUTS/basic-model-trainseed42-trackseed42-tracks30pct,mouse,1109,0.8268923775424312,0.8240589466950375,0.0028334308473936254,0.34908956660662777,0.3490199420525218,6.962455410597368e-05
/mmfs1/gscratch/scrubbed/jsomeara/lynx/borzoi-repro/OUTPUTS/basic-model-trainseed42-trackseed42-tracks30pct,mouse,1113,0.5490410056154468,0.5484237343876079,0.0006172712278388337,0.6017977321596497,0.6019880283647421,-0.00019029620509236622
/mmfs1/gscratch/scrubbed/jsomeara/lynx/borzoi-repro/OUTPUTS/basic-model-trainseed42-trackseed42-tracks30pct,mouse,1114,0.3762010186727637,0.37510028234842313,0.0011007363243405455,0.7490818461684196,0.7492775796480978,-0.00019573347967827281
/mmfs1/gscratch/scrubbed/jsomeara/lynx/borzoi-repro/OUTPUTS/basic-model-trainseed42-trackseed42-tracks30pct,mouse,1121,0.5145133056038463,0.5130955233487136,0.0014177822551327823,0.5962224153066521,0.592864581936026,0.0033578333706261176
/mmfs1/gscratch/scrubbed/jsomeara/lynx/borzoi-repro/OUTPUTS/basic-model-trainseed42-trackseed42-tracks30pct,mouse,1126,0.5207441350355728,0.5176435176689516,0.003100617366621261,0.6267007491479127,0.6248691787793754,0.0018315703685373164
/mmfs1/gscratch/scrubbed/jsomeara/lynx/borzoi-repro/OUTPUTS/basic-model-trainseed42-trackseed42-tracks30pct,mouse,1128,0.6900089235917034,0.6969764323513427,-0.0069675087596392515,-0.32977070634988714,-0.3465664750574569,0.01679576870756977
/mmfs1/gscratch/scrubbed/jsomeara/lynx/borzoi-repro/OUTPUTS/basic-model-trainseed42-trackseed42-tracks30pct,mouse,1136,0.6115391809147765,0.6083043438094372,0.0032348371053393388,-0.7793492495081538,-0.7782847592806846,-0.0010644902274691281
/mmfs1/gscratch/scrubbed/jsomeara/lynx/borzoi-repro/OUTPUTS/basic-model-trainseed42-trackseed42-tracks30pct,mouse,1139,0.44963635328135665,0.454724243479812,-0.005087890198455347,0.7000742346233079,0.6988085352014136,0.0012656994218942508
/mmfs1/gscratch/scrubbed/jsomeara/lynx/borzoi-repro/OUTPUTS/basic-model-trainseed42-trackseed42-tracks30pct,mouse,1143,0.5059172428781917,0.5180351992088891,-0.012117956330697344,0.44850357483128567,0.4439188358828468,0.00458473894843886
/mmfs1/gscratch/scrubbed/jsomeara/lynx/borzoi-repro/OUTPUTS/basic-model-trainseed42-trackseed42-tracks30pct,mouse,1145,0.5095145766136211,0.5191251624587127,-0.009610585845091557,0.1993039088456316,0.19480866920420284,0.004495239641428755
/mmfs1/gscratch/scrubbed/jsomeara/lynx/borzoi-repro/OUTPUTS/basic-model-trainseed42-trackseed42-tracks30pct,mouse,1146,0.5878065727454267,0.5894148377013648,-0.0016082649559381323,-0.09749393567451868,-0.10736209981546498,0.009868164140946295
/mmfs1/gscratch/scrubbed/jsomeara/lynx/borzoi-repro/OUTPUTS/basic-model-trainseed42-trackseed42-tracks30pct,mouse,1153,0.5797225139240126,0.5942957228369022,-0.014573208912889601,0.031536718420152994,0.017988779033067052,0.013547939387085942
/mmfs1/gscratch/scrubbed/jsomeara/lynx/borzoi-repro/OUTPUTS/basic-model-trainseed42-trackseed42-tracks30pct,mouse,1155,0.5467044147177559,0.5470392847779537,-0.00033487006019783383,0.38220394704391014,0.3782644394771099,0.003939507566800227
/mmfs1/gscratch/scrubbed/jsomeara/lynx/borzoi-repro/OUTPUTS/basic-model-trainseed42-trackseed42-tracks30pct,mouse,1159,0.5525310203711848,0.5538383505820136,-0.0013073302108287388,0.30010452611373206,0.2964314986973844,0.003673027416347674
/mmfs1/gscratch/scrubbed/jsomeara/lynx/borzoi-repro/OUTPUTS/basic-model-trainseed42-trackseed42-tracks30pct,mouse,1160,0.5532362364786166,0.5523202917258928,0.0009159447527238296,0.36907411313817523,0.36722302932764694,0.0018510838105282867
/mmfs1/gscratch/scrubbed/jsomeara/lynx/borzoi-repro/OUTPUTS/basic-model-trainseed42-trackseed42-tracks30pct,mouse,1161,0.5586550055057606,0.5588945990502453,-0.00023959354448466197,0.4136524827903756,0.41025363184207453,0.0033988509483010576
/mmfs1/gscratch/scrubbed/jsomeara/lynx/borzoi-repro/OUTPUTS/basic-model-trainseed42-trackseed42-tracks30pct,mouse,1162,0.4635862724331186,0.4708596914946319,-0.007273419061513298,0.5777694155433845,0.5606848613585191,0.01708455418486532
/mmfs1/gscratch/scrubbed/jsomeara/lynx/borzoi-repro/OUTPUTS/basic-model-trainseed42-trackseed42-tracks30pct,mouse,1169,0.6145958366635996,0.624925202354295,-0.010329365690695425,0.44794653938686285,0.4378312099112219,0.010115329475640977
/mmfs1/gscratch/scrubbed/jsomeara/lynx/borzoi-repro/OUTPUTS/basic-model-trainseed42-trackseed42-tracks30pct,mouse,1170,0.6246162701756265,0.635810799110436,-0.011194528934809544,0.13256645516696347,0.11682225419265377,0.015744200974309702
/mmfs1/gscratch/scrubbed/jsomeara/lynx/borzoi-repro/OUTPUTS/basic-model-trainseed42-trackseed42-tracks30pct,mouse,1175,0.6279119745022917,0.6396569484552961,-0.011744973953004334,-0.2614985346140868,-0.28002688799142295,0.01852835337733616
/mmfs1/gscratch/scrubbed/jsomeara/lynx/borzoi-repro/OUTPUTS/basic-model-trainseed42-trackseed42-tracks30pct,mouse,1183,0.6164884048282703,0.6191792377945251,-0.0026908329662548303,0.21777860427419554,0.21409007677822744,0.003688527495968097
/mmfs1/gscratch/scrubbed/jsomeara/lynx/borzoi-repro/OUTPUTS/basic-model-trainseed42-trackseed42-tracks30pct,mouse,1184,0.6435988703774436,0.6431072672253605,0.0004916031520830755,-0.12028272292697081,-0.12065009530204843,0.00036737237507761256
/mmfs1/gscratch/scrubbed/jsomeara/lynx/borzoi-repro/OUTPUTS/basic-model-trainseed42-trackseed42-tracks30pct,mouse,1185,0.5285268590142941,0.5260221447259624,0.0025047142883316553,0.6452082467140196,0.6450219944143379,0.00018625229968161072
/mmfs1/gscratch/scrubbed/jsomeara/lynx/borzoi-repro/OUTPUTS/basic-model-trainseed42-trackseed42-tracks30pct,mouse,1191,0.5080678038653426,0.5118355930202592,-0.003767789154916601,-0.08073887045743726,-0.08439085654746334,0.0036519860900260798
/mmfs1/gscratch/scrubbed/jsomeara/lynx/borzoi-repro/OUTPUTS/basic-model-trainseed42-trackseed42-tracks30pct,mouse,1192,0.4655483094519672,0.4710299992245961,-0.005481689772628917,0.7358741413263931,0.7344952125321097,0.0013789287942833628
/mmfs1/gscratch/scrubbed/jsomeara/lynx/borzoi-repro/OUTPUTS/basic-model-trainseed42-trackseed42-tracks30pct,mouse,1194,0.4516130081736179,0.45443113539024066,-0.002818127216622779,0.8271946570498133,0.8265405639891902,0.0006540930606231399
/mmfs1/gscratch/scrubbed/jsomeara/lynx/borzoi-repro/OUTPUTS/basic-model-trainseed42-trackseed42-tracks30pct,mouse,1196,0.5104871176694707,0.5183379054556642,-0.007850787786193414,0.6487660507886482,0.6451487160364502,0.0036173347521980537
/mmfs1/gscratch/scrubbed/jsomeara/lynx/borzoi-repro/OUTPUTS/basic-model-trainseed42-trackseed42-tracks30pct,mouse,1199,0.5410687075827209,0.541745859840011,-0.0006771522572901478,-0.06767029396789581,-0.06765001455260547,-2.027941529034183e-05
/mmfs1/gscratch/scrubbed/jsomeara/lynx/borzoi-repro/OUTPUTS/basic-model-trainseed42-trackseed42-tracks30pct,mouse,1203,0.698775680321378,0.6988398386910164,-6.41583696383563e-05,-3.1312345050471175,-3.129569445154447,-0.0016650598926704063
/mmfs1/gscratch/scrubbed/jsomeara/lynx/borzoi-repro/OUTPUTS/basic-model-trainseed42-trackseed42-tracks30pct,mouse,1204,0.725246189902755,0.7253214234631089,-7.523356035388229e-05,-2.4051267897207205,-2.402543528612676,-0.002583261108044521
/mmfs1/gscratch/scrubbed/jsomeara/lynx/borzoi-repro/OUTPUTS/basic-model-trainseed42-trackseed42-tracks30pct,mouse,1205,0.672436587405519,0.6725286212980008,-9.203389248180205e-05,-2.697952356739354,-2.6973878944102276,-0.0005644623291263251
/mmfs1/gscratch/scrubbed/jsomeara/lynx/borzoi-repro/OUTPUTS/basic-model-trainseed42-trackseed42-tracks30pct,mouse,1206,0.6914896331845016,0.6917260263262653,-0.0002363931417637133,-3.3212947733184723,-3.3201048070942543,-0.0011899662242180753
/mmfs1/gscratch/scrubbed/jsomeara/lynx/borzoi-repro/OUTPUTS/basic-model-trainseed42-trackseed42-tracks30pct,mouse,1210,0.4379212696366585,0.43829915312009116,-0.00037788348343265055,-0.47434733397213763,-0.47478872116760096,0.0004413871954633275
/mmfs1/gscratch/scrubbed/jsomeara/lynx/borzoi-repro/OUTPUTS/basic-model-trainseed42-trackseed42-tracks30pct,mouse,1216,0.6571493521852942,0.6578269829927368,-0.0006776308074425419,-1.4539037742367737,-1.4534989635478035,-0.0004048106889702474
/mmfs1/gscratch/scrubbed/jsomeara/lynx/borzoi-repro/OUTPUTS/basic-model-trainseed42-trackseed42-tracks30pct,mouse,1218,0.7137006721500734,0.7135091855500157,0.00019148660005763318,-0.45775051292594887,-0.45603218622133834,-0.0017183267046105288
/mmfs1/gscratch/scrubbed/jsomeara/lynx/borzoi-repro/OUTPUTS/basic-model-trainseed42-trackseed42-tracks30pct,mouse,1232,0.4641242442108188,0.466056195936255,-0.0019319517254361984,0.8027504198896683,0.8020504417854224,0.0006999781042459352
/mmfs1/gscratch/scrubbed/jsomeara/lynx/borzoi-repro/OUTPUTS/basic-model-trainseed42-trackseed42-tracks30pct,mouse,1238,0.5242456953174002,0.527919579334191,-0.003673884016790807,0.5176765789180294,0.5080512711155595,0.009625307802469951
/mmfs1/gscratch/scrubbed/jsomeara/lynx/borzoi-repro/OUTPUTS/basic-model-trainseed42-trackseed42-tracks30pct,mouse,1249,0.485420299256953,0.5002526043408536,-0.014832305083900599,0.41704500749115614,0.41490504113955695,0.0021399663515991874
/mmfs1/gscratch/scrubbed/jsomeara/lynx/borzoi-repro/OUTPUTS/basic-model-trainseed42-trackseed42-tracks30pct,mouse,1255,0.5391438892977204,0.5386317702377471,0.0005121190599732817,0.5459061004966357,0.5407300610783381,0.005176039418297584
/mmfs1/gscratch/scrubbed/jsomeara/lynx/borzoi-repro/OUTPUTS/basic-model-trainseed42-trackseed42-tracks30pct,mouse,1256,0.5554924505531437,0.5569556603364652,-0.001463209783321484,0.4865540647692482,0.4808333812577655,0.005720683511482694
/mmfs1/gscratch/scrubbed/jsomeara/lynx/borzoi-repro/OUTPUTS/basic-model-trainseed42-trackseed42-tracks30pct,mouse,1263,0.4400683208028239,0.4307189103514497,0.009349410451374163,0.6453765485939305,0.6481799840766836,-0.0028034354827531915
/mmfs1/gscratch/scrubbed/jsomeara/lynx/borzoi-repro/OUTPUTS/basic-model-trainseed42-trackseed42-tracks30pct,mouse,1267,0.48210528408598247,0.48433303465702043,-0.0022277505710379675,0.6693355780039217,0.666017964102833,0.003317613901088756
/mmfs1/gscratch/scrubbed/jsomeara/lynx/borzoi-repro/OUTPUTS/basic-model-trainseed42-trackseed42-tracks30pct,mouse,1268,0.524091772560741,0.5228562046829229,0.001235567877818089,0.6395255459548583,0.6377150350799404,0.0018105108749179033
/mmfs1/gscratch/scrubbed/jsomeara/lynx/borzoi-repro/OUTPUTS/basic-model-trainseed42-trackseed42-tracks30pct,mouse,1269,0.5223203628557767,0.5222214388227329,9.892403304379016e-05,0.6040808566107675,0.6010789075447069,0.0030019490660605497
/mmfs1/gscratch/scrubbed/jsomeara/lynx/borzoi-repro/OUTPUTS/basic-model-trainseed42-trackseed42-tracks30pct,mouse,1273,0.8343333422685886,0.8346143666408221,-0.0002810243722335404,-0.1245834761897255,-0.12493245491070862,0.0003489787209831202
/mmfs1/gscratch/scrubbed/jsomeara/lynx/borzoi-repro/OUTPUTS/basic-model-trainseed42-trackseed42-tracks30pct,mouse,1275,0.8271877874971307,0.8282730092201293,-0.0010852217229985195,0.01060060872304336,0.008465396736315654,0.002135211986727706
/mmfs1/gscratch/scrubbed/jsomeara/lynx/borzoi-repro/OUTPUTS/basic-model-trainseed42-trackseed42-tracks30pct,mouse,1279,0.8166397858321384,0.8182391686275087,-0.0015993827953703077,-0.1321652611358079,-0.1311015145143757,-0.0010637466214321878
/mmfs1/gscratch/scrubbed/jsomeara/lynx/borzoi-repro/OUTPUTS/basic-model-trainseed42-trackseed42-tracks30pct,mouse,1284,0.8151716757197488,0.8170467914493578,-0.001875115729608967,-0.19097483019149042,-0.18952194754589238,-0.001452882645598036
/mmfs1/gscratch/scrubbed/jsomeara/lynx/borzoi-repro/OUTPUTS/basic-model-trainseed42-trackseed42-tracks30pct,mouse,1286,0.5813803687714535,0.5750579712015872,0.0063223975698663,-0.013651583447627957,-0.011934216265257546,-0.0017173671823704113
/mmfs1/gscratch/scrubbed/jsomeara/lynx/borzoi-repro/OUTPUTS/basic-model-trainseed42-trackseed42-tracks30pct,mouse,1287,0.6242271120838132,0.6273931681418016,-0.0031660560579883645,-0.032327011357267524,-0.031413499726513146,-0.0009135116307543781
/mmfs1/gscratch/scrubbed/jsomeara/lynx/borzoi-repro/OUTPUTS/basic-model-trainseed42-trackseed42-tracks30pct,mouse,1288,0.4972169152174819,0.5032254052457937,-0.00600849002831183,-0.02987936934381682,-0.03157433945986351,0.0016949701160466867
/mmfs1/gscratch/scrubbed/jsomeara/lynx/borzoi-repro/OUTPUTS/basic-model-trainseed42-trackseed42-tracks30pct,mouse,1290,0.5485098620235858,0.5542675769351945,-0.005757714911608702,0.03947177901394474,0.0376892924145876,0.00178248659935714
/mmfs1/gscratch/scrubbed/jsomeara/lynx/borzoi-repro/OUTPUTS/basic-model-trainseed42-trackseed42-tracks30pct,mouse,1291,0.42769549832271325,0.4292080940230395,-0.001512595700326247,0.1649852062700251,0.16546383722386987,-0.00047863095384476084
/mmfs1/gscratch/scrubbed/jsomeara/lynx/borzoi-repro/OUTPUTS/basic-model-trainseed42-trackseed42-tracks30pct,mouse,1292,0.4955536874114256,0.49598146195916504,-0.0004277745477394568,0.015618605502056767,0.01696964106170746,-0.0013510355596506925
/mmfs1/gscratch/scrubbed/jsomeara/lynx/borzoi-repro/OUTPUTS/basic-model-trainseed42-trackseed42-tracks30pct,mouse,1293,0.6274999039318153,0.6304715372453266,-0.002971633313511246,0.021769906110793776,0.022686363204573564,-0.0009164570937797885
/mmfs1/gscratch/scrubbed/jsomeara/lynx/borzoi-repro/OUTPUTS/basic-model-trainseed42-trackseed42-tracks30pct,mouse,1294,0.636883289858215,0.634448808406424,0.0024344814517909263,0.02789818615789696,0.028386638561602714,-0.0004884524037057532
/mmfs1/gscratch/scrubbed/jsomeara/lynx/borzoi-repro/OUTPUTS/basic-model-trainseed42-trackseed42-tracks30pct,mouse,1297,0.5865492478536979,0.5858992638630653,0.0006499839906325411,-0.02593583066069965,-0.02452272382623689,-0.00141310683446276
/mmfs1/gscratch/scrubbed/jsomeara/lynx/borzoi-repro/OUTPUTS/basic-model-trainseed42-trackseed42-tracks30pct,mouse,1299,0.6649544760106205,0.665428949966359,-0.00047447395573851914,-0.15989947919157985,-0.16042585613822552,0.0005263769466456736
/mmfs1/gscratch/scrubbed/jsomeara/lynx/borzoi-repro/OUTPUTS/basic-model-trainseed42-trackseed42-tracks30pct,mouse,1300,0.6419249334572745,0.6454081917110476,-0.003483258253773047,-0.098700747193528,-0.09939188272861203,0.0006911355350840281
/mmfs1/gscratch/scrubbed/jsomeara/lynx/borzoi-repro/OUTPUTS/basic-model-trainseed42-trackseed42-tracks30pct,mouse,1305,0.5970376648562059,0.5974086614412965,-0.0003709965850905439,0.020621271482631306,0.022010440995546,-0.0013891695129146925
/mmfs1/gscratch/scrubbed/jsomeara/lynx/borzoi-repro/OUTPUTS/basic-model-trainseed42-trackseed42-tracks30pct,mouse,1306,0.3711141629489059,0.37304791298167167,-0.0019337500327657464,0.0821812613506738,0.08175029404169425,0.0004309673089795546
/mmfs1/gscratch/scrubbed/jsomeara/lynx/borzoi-repro/OUTPUTS/basic-model-trainseed42-trackseed42-tracks30pct,mouse,1307,0.5857623893664067,0.587356690150684,-0.0015943007842773582,0.013165860448595856,0.01282676682384399,0.00033909362475186694
/mmfs1/gscratch/scrubbed/jsomeara/lynx/borzoi-repro/OUTPUTS/basic-model-trainseed42-trackseed42-tracks30pct,mouse,1312,0.6314939342126659,0.6338132426366824,-0.0023193084240165085,-0.0410358391487914,-0.03976999586806559,-0.0012658432807258133
/mmfs1/gscratch/scrubbed/jsomeara/lynx/borzoi-repro/OUTPUTS/basic-model-trainseed42-trackseed42-tracks30pct,mouse,1313,0.5848276148587044,0.5827094544545638,0.00211816040414059,0.026706347932439943,0.027207787546373683,-0.00050143961393374
/mmfs1/gscratch/scrubbed/jsomeara/lynx/borzoi-repro/OUTPUTS/basic-model-trainseed42-trackseed42-tracks30pct,mouse,1322,0.48749402865194946,0.48875016075572947,-0.0012561321037800055,0.19603993154207128,0.19563408976389987,0.0004058417781714063
/mmfs1/gscratch/scrubbed/jsomeara/lynx/borzoi-repro/OUTPUTS/basic-model-trainseed42-trackseed42-tracks30pct,mouse,1335,0.6338546262576523,0.631908950491252,0.0019456757664003677,-0.02421517392758123,-0.02337781107364103,-0.000837362853940201
/mmfs1/gscratch/scrubbed/jsomeara/lynx/borzoi-repro/OUTPUTS/basic-model-trainseed42-trackseed42-tracks30pct,mouse,1336,0.6168870195274843,0.6171876600840153,-0.00030064055653100663,-0.03197150157780061,-0.03028827369319212,-0.001683227884608493
/mmfs1/gscratch/scrubbed/jsomeara/lynx/borzoi-repro/OUTPUTS/basic-model-trainseed42-trackseed42-tracks30pct,mouse,1337,0.6728389420360265,0.673945583974367,-0.0011066419383405357,-0.05609601566792078,-0.05503735736151161,-0.0010586583064091729
/mmfs1/gscratch/scrubbed/jsomeara/lynx/borzoi-repro/OUTPUTS/basic-model-trainseed42-trackseed42-tracks30pct,mouse,1343,0.6362569291934395,0.6337363944662519,0.0025205347271876066,-0.015956000144216935,-0.013708944955039399,-0.002247055189177536
/mmfs1/gscratch/scrubbed/jsomeara/lynx/borzoi-repro/OUTPUTS/basic-model-trainseed42-trackseed42-tracks30pct,mouse,1345,0.6252123466886854,0.6220777330537666,0.003134613634918848,0.0286872213154196,0.029632718734308335,-0.0009454974188887362
/mmfs1/gscratch/scrubbed/jsomeara/lynx/borzoi-repro/OUTPUTS/basic-model-trainseed42-trackseed42-tracks30pct,mouse,1347,0.6618905793175748,0.6587448214801646,0.0031457578374102235,0.088296775932945,0.08917802062565558,-0.0008812446927105727
/mmfs1/gscratch/scrubbed/jsomeara/lynx/borzoi-repro/OUTPUTS/basic-model-trainseed42-trackseed42-tracks30pct,mouse,1349,0.5875763235821347,0.5837267303903528,0.003849593191781908,0.011590589794304159,0.012125782509643091,-0.0005351927153389325
/mmfs1/gscratch/scrubbed/jsomeara/lynx/borzoi-repro/OUTPUTS/basic-model-trainseed42-trackseed42-tracks30pct,mouse,1355,0.6614084083502368,0.6586505976243114,0.0027578107259254026,-0.017856976085963393,-0.017292890762692678,-0.0005640853232707146
/mmfs1/gscratch/scrubbed/jsomeara/lynx/borzoi-repro/OUTPUTS/basic-model-trainseed42-trackseed42-tracks30pct,mouse,1357,0.7169966680949871,0.7165647140938551,0.00043195400113194005,-0.09573295729154586,-0.09534295076106114,-0.0003900065304847239
/mmfs1/gscratch/scrubbed/jsomeara/lynx/borzoi-repro/OUTPUTS/basic-model-trainseed42-trackseed42-tracks30pct,mouse,1358,0.7103549879608508,0.7084292096382561,0.0019257783225947733,-0.06279503367260544,-0.06255952339838595,-0.00023551027421948867
/mmfs1/gscratch/scrubbed/jsomeara/lynx/borzoi-repro/OUTPUTS/basic-model-trainseed42-trackseed42-tracks30pct,mouse,1365,0.6126592643039372,0.6101515354017021,0.0025077289022351623,0.10170245140181237,0.1019012518558862,-0.0001988004540738192
/mmfs1/gscratch/scrubbed/jsomeara/lynx/borzoi-repro/OUTPUTS/basic-model-trainseed42-trackseed42-tracks30pct,mouse,1366,0.5901393396999719,0.5828598179098893,0.0072795217900826215,-0.0033562912939919787,-0.0018465760654519017,-0.001509715228540077
/mmfs1/gscratch/scrubbed/jsomeara/lynx/borzoi-repro/OUTPUTS/basic-model-trainseed42-trackseed42-tracks30pct,mouse,1368,0.673622954723575,0.6768474035003553,-0.0032244487767802976,-0.05760238015208117,-0.05669979936618471,-0.0009025807858964591
/mmfs1/gscratch/scrubbed/jsomeara/lynx/borzoi-repro/OUTPUTS/basic-model-trainseed42-trackseed42-tracks30pct,mouse,1369,0.7151990034145546,0.7169723872139337,-0.0017733837993791912,-0.11673457971484244,-0.11623031248124455,-0.0005042672335978937
/mmfs1/gscratch/scrubbed/jsomeara/lynx/borzoi-repro/OUTPUTS/basic-model-trainseed42-trackseed42-tracks30pct,mouse,1372,0.6822249489779862,0.6812490761891148,0.0009758727888714569,-0.0529125538395588,-0.05157979236433243,-0.001332761475226367
/mmfs1/gscratch/scrubbed/jsomeara/lynx/borzoi-repro/OUTPUTS/basic-model-trainseed42-trackseed42-tracks30pct,mouse,1380,0.6878228870233076,0.6864596698014751,0.0013632172218325245,0.04861405268024773,0.0492591015209191,-0.0006450488406713681
/mmfs1/gscratch/scrubbed/jsomeara/lynx/borzoi-repro/OUTPUTS/basic-model-trainseed42-trackseed42-tracks30pct,mouse,1381,0.7167356510798085,0.720001567208746,-0.0032659161289374516,-0.07798035026292946,-0.07791553291469076,-6.481734823869656e-05
/mmfs1/gscratch/scrubbed/jsomeara/lynx/borzoi-repro/OUTPUTS/basic-model-trainseed42-trackseed42-tracks30pct,mouse,1384,0.7239949545744683,0.7274382017099995,-0.0034432471355312355,-0.14120399759160854,-0.14131482305732415,0.0001108254657156138
/mmfs1/gscratch/scrubbed/jsomeara/lynx/borzoi-repro/OUTPUTS/basic-model-trainseed42-trackseed42-tracks30pct,mouse,1397,0.7044688042614184,0.7015714701862032,0.0028973340752151966,-0.034869686546204946,-0.03377352062558728,-0.0010961659206176685
/mmfs1/gscratch/scrubbed/jsomeara/lynx/borzoi-repro/OUTPUTS/basic-model-trainseed42-trackseed42-tracks30pct,mouse,1402,0.6959376341349932,0.6946133448293512,0.0013242893056419902,0.05323666634715678,0.05251666665943512,0.0007199996877216563
/mmfs1/gscratch/scrubbed/jsomeara/lynx/borzoi-repro/OUTPUTS/basic-model-trainseed42-trackseed42-tracks30pct,mouse,1403,0.5799228368421196,0.579275534702269,0.0006473021398506473,0.15031035638189402,0.15183077482368415,-0.0015204184417901279
/mmfs1/gscratch/scrubbed/jsomeara/lynx/borzoi-repro/OUTPUTS/basic-model-trainseed42-trackseed42-tracks30pct,mouse,1415,0.6862376638465362,0.6816822484856414,0.004555415360894766,-0.05443903109704632,-0.052552721784198286,-0.0018863093128480349
/mmfs1/gscratch/scrubbed/jsomeara/lynx/borzoi-repro/OUTPUTS/basic-model-trainseed42-trackseed42-tracks30pct,mouse,1416,0.6657219424557483,0.6614465877169452,0.004275354738803139,-0.03257972818509784,-0.03151619577127909,-0.001063532413818749
/mmfs1/gscratch/scrubbed/jsomeara/lynx/borzoi-repro/OUTPUTS/basic-model-trainseed42-trackseed42-tracks30pct,mouse,1418,0.6667513751971754,0.6678863818960602,-0.0011350066988847773,-0.04680371245501543,-0.045759049629994115,-0.001044662825021317
/mmfs1/gscratch/scrubbed/jsomeara/lynx/borzoi-repro/OUTPUTS/basic-model-trainseed42-trackseed42-tracks30pct,mouse,1420,0.639709000623129,0.6340207777809308,0.005688222842198165,-0.02543327156802325,-0.02320403513315706,-0.0022292364348661907
/mmfs1/gscratch/scrubbed/jsomeara/lynx/borzoi-repro/OUTPUTS/basic-model-trainseed42-trackseed42-tracks30pct,mouse,1421,0.6852728693170393,0.6810163653087437,0.004256504008295692,-0.011830984736398717,-0.011399087864112893,-0.0004318968722858245
/mmfs1/gscratch/scrubbed/jsomeara/lynx/borzoi-repro/OUTPUTS/basic-model-trainseed42-trackseed42-tracks30pct,mouse,1435,0.6217584700618721,0.624585591776779,-0.002827121714906844,-0.04562646351118561,-0.046976332163649666,0.001349868652464059
/mmfs1/gscratch/scrubbed/jsomeara/lynx/borzoi-repro/OUTPUTS/basic-model-trainseed42-trackseed42-tracks30pct,mouse,1439,0.6350972108287982,0.6323563096939518,0.002740901134846374,0.06905195674479779,0.07059641647924311,-0.001544459734445322
/mmfs1/gscratch/scrubbed/jsomeara/lynx/borzoi-repro/OUTPUTS/basic-model-trainseed42-trackseed42-tracks30pct,mouse,1440,0.6755072857002733,0.6788087283497142,-0.0033014426494408777,-0.03735410567367885,-0.03831747659040929,0.0009633709167304397
/mmfs1/gscratch/scrubbed/jsomeara/lynx/borzoi-repro/OUTPUTS/basic-model-trainseed42-trackseed42-tracks30pct,mouse,1445,0.5668537491875771,0.5677063796379055,-0.000852630450328351,-0.02558341993908122,-0.025778712721151224,0.00019529278207000567
/mmfs1/gscratch/scrubbed/jsomeara/lynx/borzoi-repro/OUTPUTS/basic-model-trainseed42-trackseed42-tracks30pct,mouse,1447,0.6451033927888791,0.6451185499183076,-1.515712942856684e-05,0.012932082386907004,0.015131561495137717,-0.0021994791082307133
/mmfs1/gscratch/scrubbed/jsomeara/lynx/borzoi-repro/OUTPUTS/basic-model-trainseed42-trackseed42-tracks30pct,mouse,1453,0.4898087695632234,0.4956083528980037,-0.005799583334780312,0.07064310688865955,0.06939666599324806,0.0012464408954114825
/mmfs1/gscratch/scrubbed/jsomeara/lynx/borzoi-repro/OUTPUTS/basic-model-trainseed42-trackseed42-tracks30pct,mouse,1457,0.599511417109202,0.6043631130275484,-0.004851695918346444,-0.026924331672491645,-0.028235079230766225,0.0013107475582745803
/mmfs1/gscratch/scrubbed/jsomeara/lynx/borzoi-repro/OUTPUTS/basic-model-trainseed42-trackseed42-tracks30pct,mouse,1462,0.5626055890973555,0.5616079857368967,0.000997603360458732,0.0709719985185487,0.0710626473939781,-9.064887542940825e-05
/mmfs1/gscratch/scrubbed/jsomeara/lynx/borzoi-repro/OUTPUTS/basic-model-trainseed42-trackseed42-tracks30pct,mouse,1464,0.5602153240066859,0.5580659271890734,0.0021493968176125033,0.06948629831829657,0.0694136461543731,7.26521639234784e-05
/mmfs1/gscratch/scrubbed/jsomeara/lynx/borzoi-repro/OUTPUTS/basic-model-trainseed42-trackseed42-tracks30pct,mouse,1468,0.3526133747968512,0.3533034896163096,-0.0006901148194584095,0.06345825523559119,0.06309955324763354,0.0003587019879576492
/mmfs1/gscratch/scrubbed/jsomeara/lynx/borzoi-repro/OUTPUTS/basic-model-trainseed42-trackseed42-tracks30pct,mouse,1472,0.7096524766397622,0.7059834881841924,0.0036689884555697327,-0.04474826167089213,-0.044102649379839015,-0.0006456122910531159
/mmfs1/gscratch/scrubbed/jsomeara/lynx/borzoi-repro/OUTPUTS/basic-model-trainseed42-trackseed42-tracks30pct,mouse,1478,0.5645524129995261,0.5698399512560147,-0.005287538256488644,0.3974644657062439,0.3977465754813901,-0.00028210977514619984
/mmfs1/gscratch/scrubbed/jsomeara/lynx/borzoi-repro/OUTPUTS/basic-model-trainseed42-trackseed42-tracks30pct,mouse,1479,0.5518301138942654,0.5564444246302654,-0.004614310736000049,-0.00380719911222373,-0.003388708593247246,-0.0004184905189764843
/mmfs1/gscratch/scrubbed/jsomeara/lynx/borzoi-repro/OUTPUTS/basic-model-trainseed42-trackseed42-tracks30pct,mouse,1480,0.7167267206560262,0.7194173197239607,-0.0026905990679345626,-0.12137182258796382,-0.11958061773992933,-0.0017912048480344944
/mmfs1/gscratch/scrubbed/jsomeara/lynx/borzoi-repro/OUTPUTS/basic-model-trainseed42-trackseed42-tracks30pct,mouse,1488,0.7362878375705689,0.734877552390765,0.0014102851798039051,-0.09688508594498349,-0.09694569860852784,6.0612663544346024e-05
/mmfs1/gscratch/scrubbed/jsomeara/lynx/borzoi-repro/OUTPUTS/basic-model-trainseed42-trackseed42-tracks30pct,mouse,1492,0.6959315854083518,0.6972752440329009,-0.0013436586245491045,-0.25038755040037225,-0.24953740311302874,-0.0008501472873435056
/mmfs1/gscratch/scrubbed/jsomeara/lynx/borzoi-repro/OUTPUTS/basic-model-trainseed42-trackseed42-tracks30pct,mouse,1493,0.7348463684427871,0.736851662686354,-0.0020052942435669907,-0.17742067293402752,-0.17533117814129448,-0.002089494792733043
/mmfs1/gscratch/scrubbed/jsomeara/lynx/borzoi-repro/OUTPUTS/basic-model-trainseed42-trackseed42-tracks30pct,mouse,1495,0.6374889087432318,0.6382619431631169,-0.0007730344198850769,0.02628832721097083,0.028072532290610807,-0.0017842050796399757
/mmfs1/gscratch/scrubbed/jsomeara/lynx/borzoi-repro/OUTPUTS/basic-model-trainseed42-trackseed42-tracks30pct,mouse,1498,0.6891481101088681,0.6861784896730436,0.0029696204358244938,-0.058904382040148695,-0.0584399441412223,-0.0004644378989263967
/mmfs1/gscratch/scrubbed/jsomeara/lynx/borzoi-repro/OUTPUTS/basic-model-trainseed42-trackseed42-tracks30pct,mouse,1500,0.6539432108600668,0.6523302022055152,0.0016130086545516065,0.01846588137477603,0.020208450562025214,-0.0017425691872491843
/mmfs1/gscratch/scrubbed/jsomeara/lynx/borzoi-repro/OUTPUTS/basic-model-trainseed42-trackseed42-tracks30pct,mouse,1505,0.6390203547348445,0.6391933168621738,-0.0001729621273293125,0.040367453249818865,0.042352399207625256,-0.0019849459578063916
/mmfs1/gscratch/scrubbed/jsomeara/lynx/borzoi-repro/OUTPUTS/basic-model-trainseed42-trackseed42-tracks30pct,mouse,1507,0.7027958145169629,0.7024797059949112,0.0003161085220517723,-0.17525379147781545,-0.175837309116368,0.0005835176385525498
/mmfs1/gscratch/scrubbed/jsomeara/lynx/borzoi-repro/OUTPUTS/basic-model-trainseed42-trackseed42-tracks30pct,mouse,1509,0.7196672503401416,0.7190757270891394,0.0005915232510022017,-0.2225157977435579,-0.2232459172892379,0.0007301195456800025
/mmfs1/gscratch/scrubbed/jsomeara/lynx/borzoi-repro/OUTPUTS/basic-model-trainseed42-trackseed42-tracks30pct,mouse,1511,0.6330446591758118,0.6310503610740739,0.0019942981017379013,-0.15562734326494157,-0.15361798640899912,-0.0020093568559424457
/mmfs1/gscratch/scrubbed/jsomeara/lynx/borzoi-repro/OUTPUTS/basic-model-trainseed42-trackseed42-tracks30pct,mouse,1512,0.7267418234767726,0.7286743532413874,-0.0019325297646147765,-0.18081643514163187,-0.17836800336349976,-0.002448431778132115
/mmfs1/gscratch/scrubbed/jsomeara/lynx/borzoi-repro/OUTPUTS/basic-model-trainseed42-trackseed42-tracks30pct,mouse,1513,0.6775068201804084,0.6812918601197154,-0.003785039939307011,-0.13312774116990522,-0.13281800810616085,-0.00030973306374437737
/mmfs1/gscratch/scrubbed/jsomeara/lynx/borzoi-repro/OUTPUTS/basic-model-trainseed42-trackseed42-tracks30pct,mouse,1514,0.7362457069009264,0.7380417360494026,-0.001796029148476208,-0.5781714248407966,-0.5791169320689268,0.000945507228130138
/mmfs1/gscratch/scrubbed/jsomeara/lynx/borzoi-repro/OUTPUTS/basic-model-trainseed42-trackseed42-tracks30pct,mouse,1516,0.6386917791293291,0.6400706709041626,-0.0013788917748335239,-0.2509947899559709,-0.24932837004865196,-0.0016664199073189445
/mmfs1/gscratch/scrubbed/jsomeara/lynx/borzoi-repro/OUTPUTS/basic-model-trainseed42-trackseed42-tracks30pct,mouse,1519,0.7130857866348027,0.7151648292910727,-0.0020790426562700137,-0.28438551104357596,-0.28471538078882025,0.00032986974524429336
/mmfs1/gscratch/scrubbed/jsomeara/lynx/borzoi-repro/OUTPUTS/basic-model-trainseed42-trackseed42-tracks30pct,mouse,1526,0.6090958844825366,0.6086013156729649,0.0004945688095716605,-0.06215445828762399,-0.06037385635908427,-0.001780601928539717
/mmfs1/gscratch/scrubbed/jsomeara/lynx/borzoi-repro/OUTPUTS/basic-model-trainseed42-trackseed42-tracks30pct,mouse,1527,0.5334693723734119,0.5361627585551314,-0.002693386181719548,0.002667524689560764,0.00561457121010271,-0.002947046520541946
/mmfs1/gscratch/scrubbed/jsomeara/lynx/borzoi-repro/OUTPUTS/basic-model-trainseed42-trackseed42-tracks30pct,mouse,1535,0.5656580862484467,0.5649099156710556,0.0007481705773910718,-0.00450284572431774,0.00022406704789553023,-0.00472691277221327
/mmfs1/gscratch/scrubbed/jsomeara/lynx/borzoi-repro/OUTPUTS/basic-model-trainseed42-trackseed42-tracks30pct,mouse,1536,0.5174007640913774,0.5145789447257456,0.0028218193656317503,0.023006862025108214,0.026674000416513736,-0.003667138391405523
/mmfs1/gscratch/scrubbed/jsomeara/lynx/borzoi-repro/OUTPUTS/basic-model-trainseed42-trackseed42-tracks30pct,mouse,1537,0.5166986152626484,0.5142129179439215,0.0024856973187268316,0.02141276019872234,0.02543275547623855,-0.00401999527751621
/mmfs1/gscratch/scrubbed/jsomeara/lynx/borzoi-repro/OUTPUTS/basic-model-trainseed42-trackseed42-tracks30pct,mouse,1548,0.6579906028945318,0.661048887589437,-0.003058284694905211,-0.17940350112465137,-0.18316488637021094,0.0037613852455595786
/mmfs1/gscratch/scrubbed/jsomeara/lynx/borzoi-repro/OUTPUTS/basic-model-trainseed42-trackseed42-tracks30pct,mouse,1555,0.7147764825652412,0.7150998615151202,-0.00032337894987899407,-0.020045664456271612,-0.02001784442223731,-2.7820034034301e-05
/mmfs1/gscratch/scrubbed/jsomeara/lynx/borzoi-repro/OUTPUTS/basic-model-trainseed42-trackseed42-tracks30pct,mouse,1557,0.5302442975088268,0.5317546588553973,-0.0015103613465704546,0.024397139028401977,0.025170324788708606,-0.0007731857603066293
/mmfs1/gscratch/scrubbed/jsomeara/lynx/borzoi-repro/OUTPUTS/basic-model-trainseed42-trackseed42-tracks30pct,mouse,1564,0.630960565273464,0.6328995707121778,-0.0019390054387138367,0.05978125320837226,0.05998197959802078,-0.00020072638964852008
/mmfs1/gscratch/scrubbed/jsomeara/lynx/borzoi-repro/OUTPUTS/basic-model-trainseed42-trackseed42-tracks30pct,mouse,1567,0.6747972195032363,0.6740519934920233,0.0007452260112130737,0.20281564364621862,0.20222106885879654,0.0005945747874220864
/mmfs1/gscratch/scrubbed/jsomeara/lynx/borzoi-repro/OUTPUTS/basic-model-trainseed42-trackseed42-tracks30pct,mouse,1568,0.6643736680024113,0.6614556860992308,0.0029179819031804888,0.09482408173922714,0.09478245598282907,4.1625756398072644e-05
/mmfs1/gscratch/scrubbed/jsomeara/lynx/borzoi-repro/OUTPUTS/basic-model-trainseed42-trackseed42-tracks30pct,mouse,1573,0.6776547236238617,0.6784642235918399,-0.0008094999679781889,0.16884541771097245,0.16801249662889894,0.0008329210820735011
/mmfs1/gscratch/scrubbed/jsomeara/lynx/borzoi-repro/OUTPUTS/basic-model-trainseed42-trackseed42-tracks30pct,mouse,1574,0.6740398888728996,0.6749666785653415,-0.0009267896924419761,0.20938537439370572,0.20874980165537008,0.0006355727383356435
/mmfs1/gscratch/scrubbed/jsomeara/lynx/borzoi-repro/OUTPUTS/basic-model-trainseed42-trackseed42-tracks30pct,mouse,1577,0.6751816079966524,0.6740545630010025,0.0011270449956498618,0.12700886634142483,0.12686067504084372,0.00014819130058110752
/mmfs1/gscratch/scrubbed/jsomeara/lynx/borzoi-repro/OUTPUTS/basic-model-trainseed42-trackseed42-tracks30pct,mouse,1578,0.6536401467217319,0.6520881411583777,0.0015520055633542196,0.006721656625811867,0.007059430469380474,-0.0003377738435686069
/mmfs1/gscratch/scrubbed/jsomeara/lynx/borzoi-repro/OUTPUTS/basic-model-trainseed42-trackseed42-tracks30pct,mouse,1579,0.6770981206780652,0.6752945388927594,0.001803581785305819,0.03302516623672611,0.03279036236542532,0.0002348038713007941
/mmfs1/gscratch/scrubbed/jsomeara/lynx/borzoi-repro/OUTPUTS/basic-model-trainseed42-trackseed42-tracks30pct,mouse,1580,0.684905171163259,0.68137993948171,0.003525231681548946,-0.0322599615108224,-0.03199354925428219,-0.0002664122565402133
/mmfs1/gscratch/scrubbed/jsomeara/lynx/borzoi-repro/OUTPUTS/basic-model-trainseed42-trackseed42-tracks30pct,mouse,1583,0.6624440291321472,0.6606809593946834,0.0017630697374637627,0.2832117538639233,0.2825324419015392,0.0006793119623840771
/mmfs1/gscratch/scrubbed/jsomeara/lynx/borzoi-repro/OUTPUTS/basic-model-trainseed42-trackseed42-tracks30pct,mouse,1584,0.6804486840198137,0.6809142860961953,-0.00046560207638157713,0.11705077127937427,0.11650821898141245,0.0005425522979618236
/mmfs1/gscratch/scrubbed/jsomeara/lynx/borzoi-repro/OUTPUTS/basic-model-trainseed42-trackseed42-tracks30pct,mouse,1586,0.548625310846888,0.5486941491533749,-6.883830648685141e-05,0.4129778889493066,0.41269193183397523,0.0002859571153313589
/mmfs1/gscratch/scrubbed/jsomeara/lynx/borzoi-repro/OUTPUTS/basic-model-trainseed42-trackseed42-tracks30pct,mouse,1588,0.614258395900998,0.6128066529155772,0.0014517429854207231,0.06857349444935779,0.06890013870894598,-0.0003266442595881991
/mmfs1/gscratch/scrubbed/jsomeara/lynx/borzoi-repro/OUTPUTS/basic-model-trainseed42-trackseed42-tracks30pct,mouse,1590,0.6159396826454692,0.6121422634281148,0.0037974192173543253,0.08299538449270866,0.08347736167637419,-0.00048197718366553566
/mmfs1/gscratch/scrubbed/jsomeara/lynx/borzoi-repro/OUTPUTS/basic-model-trainseed42-trackseed42-tracks30pct,mouse,1595,0.6166655343711395,0.6218277995798094,-0.005162265208669914,0.031056927108212857,0.027680405808307017,0.00337652129990584
/mmfs1/gscratch/scrubbed/jsomeara/lynx/borzoi-repro/OUTPUTS/basic-model-trainseed42-trackseed42-tracks30pct,mouse,1596,0.6367380988648839,0.641043385214454,-0.00430528634957017,-0.019541737151072783,-0.024279038473597282,0.0047373013225244995
/mmfs1/gscratch/scrubbed/jsomeara/lynx/borzoi-repro/OUTPUTS/basic-model-trainseed42-trackseed42-tracks30pct,mouse,1602,0.4820463784671772,0.4881486197937638,-0.006102241326586599,-0.008572976289793543,-0.008746871296848792,0.00017389500705524905
/mmfs1/gscratch/scrubbed/jsomeara/lynx/borzoi-repro/OUTPUTS/basic-model-trainseed42-trackseed42-tracks30pct,mouse,1603,0.5836501624593533,0.5874348587222838,-0.0037846962629305425,-0.09118642029733964,-0.09077947495104478,-0.0004069453462948597
/mmfs1/gscratch/scrubbed/jsomeara/lynx/borzoi-repro/OUTPUTS/basic-model-trainseed42-trackseed42-tracks30pct,mouse,1609,0.6530010824718443,0.6496266805747166,0.003374401897127677,-0.0571014389485639,-0.054293163677096704,-0.002808275271467195
/mmfs1/gscratch/scrubbed/jsomeara/lynx/borzoi-repro/OUTPUTS/basic-model-trainseed42-trackseed42-tracks30pct,mouse,1615,0.6375437276308756,0.6398878386936401,-0.0023441110627644424,-0.016231403786710976,-0.013021864783687402,-0.0032095390030235735
/mmfs1/gscratch/scrubbed/jsomeara/lynx/borzoi-repro/OUTPUTS/basic-model-trainseed42-trackseed42-tracks30pct,mouse,1619,0.5140945392610389,0.5221905660573842,-0.008096026796345357,-0.04065543634425146,-0.039338564503217495,-0.001316871841033962
/mmfs1/gscratch/scrubbed/jsomeara/lynx/borzoi-repro/OUTPUTS/basic-model-trainseed42-trackseed42-tracks30pct,mouse,1625,0.6490716925936091,0.6481179548392741,0.0009537377543349379,-0.0811339170492114,-0.08094427661800598,-0.0001896404312054234
/mmfs1/gscratch/scrubbed/jsomeara/lynx/borzoi-repro/OUTPUTS/basic-model-trainseed42-trackseed42-tracks30pct,mouse,1626,0.5280868104111456,0.5336486493162976,-0.00556183890515205,-0.056560100926278,-0.05741538941008899,0.000855288483810987
/mmfs1/gscratch/scrubbed/jsomeara/lynx/borzoi-repro/OUTPUTS/basic-model-trainseed42-trackseed42-tracks30pct,mouse,1627,0.6075659806930723,0.6074503144938987,0.00011566619917358079,0.01880417927079348,0.019726274066540515,-0.000922094795747036
/mmfs1/gscratch/scrubbed/jsomeara/lynx/borzoi-repro/OUTPUTS/basic-model-trainseed42-trackseed42-tracks30pct,mouse,1632,0.6319620861304038,0.6307629980312317,0.0011990880991721298,0.10352560094645508,0.10440154539175833,-0.0008759444453032561
/mmfs1/gscratch/scrubbed/jsomeara/lynx/borzoi-repro/OUTPUTS/basic-model-trainseed42-trackseed42-tracks30pct,mouse,1633,0.6218678587251849,0.6212776881347576,0.0005901705904273191,0.21524314196223254,0.21571003826051066,-0.00046689629827811885
/mmfs1/gscratch/scrubbed/jsomeara/lynx/borzoi-repro/OUTPUTS/basic-model-trainseed42-trackseed42-tracks3pct,human,79,0.6724407719122945,0.6736847881994303,-0.001244016287135885,0.1379160121565561,0.13666307067889358,0.001252941477662528
/mmfs1/gscratch/scrubbed/jsomeara/lynx/borzoi-repro/OUTPUTS/basic-model-trainseed42-trackseed42-tracks3pct,human,84,0.7088952374734108,0.7204292169969585,-0.011533979523547733,0.19454860943055396,0.19164633223816116,0.002902277192392805
/mmfs1/gscratch/scrubbed/jsomeara/lynx/borzoi-repro/OUTPUTS/basic-model-trainseed42-trackseed42-tracks3pct,human,129,0.7225548888776057,0.7220147730922011,0.0005401157854045824,0.19189970708798298,0.19163376126579298,0.0002659458221900002
/mmfs1/gscratch/scrubbed/jsomeara/lynx/borzoi-repro/OUTPUTS/basic-model-trainseed42-trackseed42-tracks3pct,human,155,0.7921425932708362,0.7955837565027901,-0.00344116323195387,0.050984717017216054,0.048181151078865975,0.002803565938350079
/mmfs1/gscratch/scrubbed/jsomeara/lynx/borzoi-repro/OUTPUTS/basic-model-trainseed42-trackseed42-tracks3pct,human,168,0.685037272021247,0.685220727570674,-0.00018345554942700293,0.2269577777874407,0.22759428138094598,-0.0006365035935052832
/mmfs1/gscratch/scrubbed/jsomeara/lynx/borzoi-repro/OUTPUTS/basic-model-trainseed42-trackseed42-tracks3pct,human,196,0.8239922612948716,0.8322575054736039,-0.008265244178732312,0.18385323993106134,0.18064967344225455,0.0032035664888067916
/mmfs1/gscratch/scrubbed/jsomeara/lynx/borzoi-repro/OUTPUTS/basic-model-trainseed42-trackseed42-tracks3pct,human,202,0.836925594442241,0.8415158930338331,-0.004590298591592101,0.268724953420478,0.26818134490143586,0.0005436085190421158
/mmfs1/gscratch/scrubbed/jsomeara/lynx/borzoi-repro/OUTPUTS/basic-model-trainseed42-trackseed42-tracks3pct,human,244,0.852940003214662,0.8552745109435512,-0.0023345077288892124,0.23500742957643347,0.23492761697037418,7.981260605929852e-05
/mmfs1/gscratch/scrubbed/jsomeara/lynx/borzoi-repro/OUTPUTS/basic-model-trainseed42-trackseed42-tracks3pct,human,329,0.8552623861812669,0.8574663105394622,-0.002203924358195275,0.24921007481650834,0.24896946781667853,0.0002406069998298066
/mmfs1/gscratch/scrubbed/jsomeara/lynx/borzoi-repro/OUTPUTS/basic-model-trainseed42-trackseed42-tracks3pct,human,338,0.8347281563317012,0.8386906432621416,-0.003962486930440434,0.23067877987486063,0.2287598478017552,0.0019189320731054227
/mmfs1/gscratch/scrubbed/jsomeara/lynx/borzoi-repro/OUTPUTS/basic-model-trainseed42-trackseed42-tracks3pct,human,382,0.8835901506502165,0.8831801566812798,0.00040999396893670603,0.29352238897022304,0.2935693748661516,-4.6985895928552956e-05
/mmfs1/gscratch/scrubbed/jsomeara/lynx/borzoi-repro/OUTPUTS/basic-model-trainseed42-trackseed42-tracks3pct,human,416,0.8185979691675301,0.8157243190818673,0.002873650085662871,0.2811156524190238,0.2814952568324925,-0.00037960441346868157
/mmfs1/gscratch/scrubbed/jsomeara/lynx/borzoi-repro/OUTPUTS/basic-model-trainseed42-trackseed42-tracks3pct,human,430,0.8540801384991697,0.8551499400632488,-0.001069801564079098,0.22643897594922585,0.2258799764260662,0.000558999523159659
/mmfs1/gscratch/scrubbed/jsomeara/lynx/borzoi-repro/OUTPUTS/basic-model-trainseed42-trackseed42-tracks3pct,human,438,0.8446394609758116,0.8481722840783747,-0.0035328231025631984,0.25887415863401914,0.2584090234794393,0.0004651351545798543
/mmfs1/gscratch/scrubbed/jsomeara/lynx/borzoi-repro/OUTPUTS/basic-model-trainseed42-trackseed42-tracks3pct,human,446,0.8415671125231384,0.8443527440080134,-0.002785631484874984,0.25052223465436424,0.25041775723718485,0.00010447741717939385
/mmfs1/gscratch/scrubbed/jsomeara/lynx/borzoi-repro/OUTPUTS/basic-model-trainseed42-trackseed42-tracks3pct,human,453,0.7329419120509638,0.7271689099508681,0.005773002100095681,0.2696255905205337,0.2702943481405372,-0.0006687576200035128
/mmfs1/gscratch/scrubbed/jsomeara/lynx/borzoi-repro/OUTPUTS/basic-model-trainseed42-trackseed42-tracks3pct,human,500,0.7981966997773784,0.8031713442082123,-0.004974644430833952,0.22872126977264032,0.2273670769399503,0.0013541928326900043
/mmfs1/gscratch/scrubbed/jsomeara/lynx/borzoi-repro/OUTPUTS/basic-model-trainseed42-trackseed42-tracks3pct,human,501,0.854702876477369,0.8563635963168934,-0.0016607198395244271,0.25814257824788156,0.25775682553089824,0.00038575271698332303
/mmfs1/gscratch/scrubbed/jsomeara/lynx/borzoi-repro/OUTPUTS/basic-model-trainseed42-trackseed42-tracks3pct,human,537,0.8099770946786499,0.8142251105805544,-0.004248015901904489,0.27645571062672814,0.27595801769074385,0.0004976929359842841
/mmfs1/gscratch/scrubbed/jsomeara/lynx/borzoi-repro/OUTPUTS/basic-model-trainseed42-trackseed42-tracks3pct,human,564,0.8781710963542272,0.8792473059541775,-0.0010762095999503618,0.17159011523988743,0.17142569673820074,0.0001644185016866917
/mmfs1/gscratch/scrubbed/jsomeara/lynx/borzoi-repro/OUTPUTS/basic-model-trainseed42-trackseed42-tracks3pct,human,617,0.8296047634082656,0.8351188252695996,-0.005514061861333963,0.22321617719422426,0.22141169999798568,0.0018044771962385797
/mmfs1/gscratch/scrubbed/jsomeara/lynx/borzoi-repro/OUTPUTS/basic-model-trainseed42-trackseed42-tracks3pct,human,708,0.4320126132087723,0.43284539509163883,-0.0008327818828665068,0.7140514871613384,0.7161304651178767,-0.0020789779565383304
/mmfs1/gscratch/scrubbed/jsomeara/lynx/borzoi-repro/OUTPUTS/basic-model-trainseed42-trackseed42-tracks3pct,human,729,0.8630866622576452,0.8666864817016009,-0.0035998194439557096,-0.5095231100570493,-0.5139681888035043,0.004445078746454945
/mmfs1/gscratch/scrubbed/jsomeara/lynx/borzoi-repro/OUTPUTS/basic-model-trainseed42-trackseed42-tracks3pct,human,830,0.5721473625762422,0.5683883869616039,0.003758975614638338,0.14139692922391775,0.18165117408415155,-0.040254244860233795
/mmfs1/gscratch/scrubbed/jsomeara/lynx/borzoi-repro/OUTPUTS/basic-model-trainseed42-trackseed42-tracks3pct,human,833,0.5945590977786115,0.5895675819670297,0.004991515811581748,0.6303196207401313,0.6349431983482176,-0.004623577608086293
/mmfs1/gscratch/scrubbed/jsomeara/lynx/borzoi-repro/OUTPUTS/basic-model-trainseed42-trackseed42-tracks3pct,human,869,0.5878303272237835,0.5869586883891835,0.0008716388345999526,0.7284284206531411,0.7295597495397985,-0.0011313288866574567
/mmfs1/gscratch/scrubbed/jsomeara/lynx/borzoi-repro/OUTPUTS/basic-model-trainseed42-trackseed42-tracks3pct,human,900,0.6707530408503515,0.6725397169222268,-0.001786676071875326,0.26277825608334643,0.2595420472051699,0.0032362088781765497
/mmfs1/gscratch/scrubbed/jsomeara/lynx/borzoi-repro/OUTPUTS/basic-model-trainseed42-trackseed42-tracks3pct,human,911,0.5211254285560112,0.5218113938789749,-0.0006859653229637219,0.7582439231199121,0.7576722172682944,0.0005717058516176987
/mmfs1/gscratch/scrubbed/jsomeara/lynx/borzoi-repro/OUTPUTS/basic-model-trainseed42-trackseed42-tracks3pct,human,938,0.32261421674118557,0.3243359164624584,-0.0017216997212728402,0.8736389245686756,0.8750075856887178,-0.0013686611200421916
/mmfs1/gscratch/scrubbed/jsomeara/lynx/borzoi-repro/OUTPUTS/basic-model-trainseed42-trackseed42-tracks3pct,human,990,0.552509314287188,0.44885367890565125,0.10365563538153671,0.7048013964035357,0.7501519478367734,-0.04535055143323774
/mmfs1/gscratch/scrubbed/jsomeara/lynx/borzoi-repro/OUTPUTS/basic-model-trainseed42-trackseed42-tracks3pct,human,998,0.6074647578116329,0.5966189909710142,0.010845766840618665,0.7596473310072215,0.7634483224438285,-0.0038009914366070596
/mmfs1/gscratch/scrubbed/jsomeara/lynx/borzoi-repro/OUTPUTS/basic-model-trainseed42-trackseed42-tracks3pct,human,1058,0.29160984901511694,0.2911468044387699,0.0004630445763470492,0.8863574752355725,0.885873955867422,0.0004835193681504979
/mmfs1/gscratch/scrubbed/jsomeara/lynx/borzoi-repro/OUTPUTS/basic-model-trainseed42-trackseed42-tracks3pct,human,1138,0.8454237554423196,0.8470781999360981,-0.0016544444937784952,0.22460870923198434,0.2176726524839741,0.006936056748010233
/mmfs1/gscratch/scrubbed/jsomeara/lynx/borzoi-repro/OUTPUTS/basic-model-trainseed42-trackseed42-tracks3pct,human,1141,0.6847288682013266,0.6883470561210547,-0.003618187919728122,0.42299780572451784,0.41818862194584194,0.004809183778675896
/mmfs1/gscratch/scrubbed/jsomeara/lynx/borzoi-repro/OUTPUTS/basic-model-trainseed42-trackseed42-tracks3pct,human,1144,0.7917228658225915,0.7988230815961809,-0.0071002157735893245,0.21550241855460814,0.21043048276254483,0.0050719357920633035
/mmfs1/gscratch/scrubbed/jsomeara/lynx/borzoi-repro/OUTPUTS/basic-model-trainseed42-trackseed42-tracks3pct,human,1167,0.8780813746129595,0.883187394060433,-0.005106019447473464,-1.580249963086337,-1.5960254561311986,0.0157754930448617
/mmfs1/gscratch/scrubbed/jsomeara/lynx/borzoi-repro/OUTPUTS/basic-model-trainseed42-trackseed42-tracks3pct,human,1263,0.5881944297944456,0.5890151363016526,-0.000820706507207003,0.535496858243501,0.5358901909831552,-0.00039333273965413973
/mmfs1/gscratch/scrubbed/jsomeara/lynx/borzoi-repro/OUTPUTS/basic-model-trainseed42-trackseed42-tracks3pct,human,1272,0.4781264907983475,0.47888853901984485,-0.0007620482214973356,0.814739071155693,0.814405116534983,0.0003339546207099531
/mmfs1/gscratch/scrubbed/jsomeara/lynx/borzoi-repro/OUTPUTS/basic-model-trainseed42-trackseed42-tracks3pct,human,1295,0.4824239612813289,0.4828483503876741,-0.0004243891063451799,0.7345549821839863,0.7342034640402766,0.0003515181437097059
/mmfs1/gscratch/scrubbed/jsomeara/lynx/borzoi-repro/OUTPUTS/basic-model-trainseed42-trackseed42-tracks3pct,human,1335,0.5749016370183972,0.5659491628833044,0.008952474135092814,0.7285287528219746,0.7329109203948958,-0.004382167572921203
/mmfs1/gscratch/scrubbed/jsomeara/lynx/borzoi-repro/OUTPUTS/basic-model-trainseed42-trackseed42-tracks3pct,human,1346,0.44974320630255454,0.45205084664234924,-0.002307640339794692,0.8703836623337822,0.8737238662222531,-0.003340203888470894
/mmfs1/gscratch/scrubbed/jsomeara/lynx/borzoi-repro/OUTPUTS/basic-model-trainseed42-trackseed42-tracks3pct,human,1360,0.5076201318167577,0.5097659612532378,-0.002145829436480118,0.828224335233043,0.8293544026324183,-0.0011300673993753785
/mmfs1/gscratch/scrubbed/jsomeara/lynx/borzoi-repro/OUTPUTS/basic-model-trainseed42-trackseed42-tracks3pct,human,1365,0.43544341730339753,0.43348074704670964,0.001962670256687893,0.8300798927849735,0.8354014852802513,-0.005321592495277749
/mmfs1/gscratch/scrubbed/jsomeara/lynx/borzoi-repro/OUTPUTS/basic-model-trainseed42-trackseed42-tracks3pct,human,1424,0.3646722255406291,0.3644702486197776,0.00020197692085149876,0.8292656210863377,0.8295641403009772,-0.00029851921463952547
/mmfs1/gscratch/scrubbed/jsomeara/lynx/borzoi-repro/OUTPUTS/basic-model-trainseed42-trackseed42-tracks3pct,human,1446,0.4867643509076267,0.4956698035697487,-0.008905452662122004,0.7590746153599962,0.7505987959647247,0.008475819395271533
/mmfs1/gscratch/scrubbed/jsomeara/lynx/borzoi-repro/OUTPUTS/basic-model-trainseed42-trackseed42-tracks3pct,human,1507,0.4134312862099273,0.414103861742975,-0.0006725755330476701,0.8722432888606079,0.871336830597396,0.0009064582632118956
/mmfs1/gscratch/scrubbed/jsomeara/lynx/borzoi-repro/OUTPUTS/basic-model-trainseed42-trackseed42-tracks3pct,human,1559,0.47418870947354264,0.4874434002773557,-0.013254690803813085,0.7407859992603059,0.7263198963086928,0.014466102951613102
/mmfs1/gscratch/scrubbed/jsomeara/lynx/borzoi-repro/OUTPUTS/basic-model-trainseed42-trackseed42-tracks3pct,human,1577,0.6060636443636146,0.6067973458058339,-0.0007337014422192922,0.4777482990684465,0.4787777615075013,-0.0010294624390547735
/mmfs1/gscratch/scrubbed/jsomeara/lynx/borzoi-repro/OUTPUTS/basic-model-trainseed42-trackseed42-tracks3pct,human,1596,0.8209397373404368,0.3852204313754567,0.4357193059649801,0.6370468726871025,0.808136397845786,-0.17108952515868348
/mmfs1/gscratch/scrubbed/jsomeara/lynx/borzoi-repro/OUTPUTS/basic-model-trainseed42-trackseed42-tracks3pct,human,1635,0.6264243277563574,0.6270011052916453,-0.0005767775352879534,0.6455649912248659,0.6451023780254153,0.0004626131994506233
/mmfs1/gscratch/scrubbed/jsomeara/lynx/borzoi-repro/OUTPUTS/basic-model-trainseed42-trackseed42-tracks3pct,human,1689,0.737798408036862,0.7371206461175696,0.0006777619192924744,-0.056134604959113994,-0.05987075926634895,0.003736154307234958
/mmfs1/gscratch/scrubbed/jsomeara/lynx/borzoi-repro/OUTPUTS/basic-model-trainseed42-trackseed42-tracks3pct,human,1747,0.4238070010668435,0.4284828476202374,-0.004675846553393925,0.8233051685920447,0.8243441942756059,-0.0010390256835611789
/mmfs1/gscratch/scrubbed/jsomeara/lynx/borzoi-repro/OUTPUTS/basic-model-trainseed42-trackseed42-tracks3pct,human,1870,0.44411030587739353,0.4462825451936543,-0.00217223931626076,0.8462897969152887,0.8474445827456233,-0.0011547858303345704
/mmfs1/gscratch/scrubbed/jsomeara/lynx/borzoi-repro/OUTPUTS/basic-model-trainseed42-trackseed42-tracks3pct,human,1925,0.556371952085211,0.5533591582481762,0.0030127938370347884,0.7154572985004888,0.7210983888432505,-0.005641090342761723
/mmfs1/gscratch/scrubbed/jsomeara/lynx/borzoi-repro/OUTPUTS/basic-model-trainseed42-trackseed42-tracks3pct,human,1932,0.7217346893107527,0.7121807122528726,0.009553977057880081,0.24827820948722634,0.26434454640705773,-0.016066336919831392
/mmfs1/gscratch/scrubbed/jsomeara/lynx/borzoi-repro/OUTPUTS/basic-model-trainseed42-trackseed42-tracks3pct,human,1957,0.6794070523799405,0.6818858404416268,-0.0024787880616863323,0.3988968858572245,0.3983522125249854,0.0005446733322390651
/mmfs1/gscratch/scrubbed/jsomeara/lynx/borzoi-repro/OUTPUTS/basic-model-trainseed42-trackseed42-tracks3pct,human,1994,0.43527679540127046,0.43787364613651925,-0.00259685073524879,0.8409052628644994,0.8405181802177216,0.00038708264677778104
/mmfs1/gscratch/scrubbed/jsomeara/lynx/borzoi-repro/OUTPUTS/basic-model-trainseed42-trackseed42-tracks3pct,human,2009,0.8523792992761202,0.8566105819783364,-0.004231282702216177,-1.3920583068393928,-1.397913606820727,0.005855299981334161
/mmfs1/gscratch/scrubbed/jsomeara/lynx/borzoi-repro/OUTPUTS/basic-model-trainseed42-trackseed42-tracks3pct,human,2036,0.6428159678211386,0.6426093964789616,0.00020657134217694217,0.6378131795533744,0.6376663732526405,0.00014680630073382606
/mmfs1/gscratch/scrubbed/jsomeara/lynx/borzoi-repro/OUTPUTS/basic-model-trainseed42-trackseed42-tracks3pct,human,2048,0.5045597293353205,0.5050476473591033,-0.00048791802378289617,0.8630487733978259,0.8646446984414417,-0.0015959250436157202
/mmfs1/gscratch/scrubbed/jsomeara/lynx/borzoi-repro/OUTPUTS/basic-model-trainseed42-trackseed42-tracks3pct,human,2056,0.612314199617477,0.6135854915569914,-0.001271291939514363,0.49582182904408545,0.4992346465988604,-0.0034128175547749606
/mmfs1/gscratch/scrubbed/jsomeara/lynx/borzoi-repro/OUTPUTS/basic-model-trainseed42-trackseed42-tracks3pct,human,2099,0.8039383237524105,0.8088722960178553,-0.004933972265444786,0.27305752925383187,0.26878351485007995,0.0042740144037519134
/mmfs1/gscratch/scrubbed/jsomeara/lynx/borzoi-repro/OUTPUTS/basic-model-trainseed42-trackseed42-tracks3pct,human,2165,0.42884856259084225,0.4294268502163322,-0.0005782876254899483,0.8245775546354791,0.8241571912855643,0.0004203633499147985
/mmfs1/gscratch/scrubbed/jsomeara/lynx/borzoi-repro/OUTPUTS/basic-model-trainseed42-trackseed42-tracks3pct,human,2188,0.782287709282929,0.7828065635965621,-0.000518854313633077,-0.5335481055115872,-0.5420912505640536,0.00854314505246645
/mmfs1/gscratch/scrubbed/jsomeara/lynx/borzoi-repro/OUTPUTS/basic-model-trainseed42-trackseed42-tracks3pct,human,2243,0.7659859871980346,0.7715431685988536,-0.005557181400819067,0.5944051875633768,0.5925450917300643,0.0018600958333124806
/mmfs1/gscratch/scrubbed/jsomeara/lynx/borzoi-repro/OUTPUTS/basic-model-trainseed42-trackseed42-tracks3pct,human,2247,0.5925031406768891,0.5945679915764508,-0.0020648508995616544,0.8021885706707752,0.8016548697270561,0.0005337009437190732
/mmfs1/gscratch/scrubbed/jsomeara/lynx/borzoi-repro/OUTPUTS/basic-model-trainseed42-trackseed42-tracks3pct,human,2271,0.8516541863968546,0.8495812886280325,0.002072897768822135,0.2087072755224422,0.2055364784520085,0.0031707970704336896
/mmfs1/gscratch/scrubbed/jsomeara/lynx/borzoi-repro/OUTPUTS/basic-model-trainseed42-trackseed42-tracks3pct,human,2331,0.83195561796145,0.8213585057760355,0.010597112185414481,-0.7440016363101807,-0.7133116053318482,-0.03069003097833245
/mmfs1/gscratch/scrubbed/jsomeara/lynx/borzoi-repro/OUTPUTS/basic-model-trainseed42-trackseed42-tracks3pct,human,2340,0.5230340334418958,0.5251444142487274,-0.002110380806831569,0.8001195331508242,0.7993762596979483,0.0007432734528758367
/mmfs1/gscratch/scrubbed/jsomeara/lynx/borzoi-repro/OUTPUTS/basic-model-trainseed42-trackseed42-tracks3pct,human,2345,0.6744583475337894,0.6827721715200553,-0.0083138239862659,0.6804990979453026,0.6789988489472318,0.0015002489980707745
/mmfs1/gscratch/scrubbed/jsomeara/lynx/borzoi-repro/OUTPUTS/basic-model-trainseed42-trackseed42-tracks3pct,human,2357,0.5358970620841002,0.5315378615466321,0.0043592005374680776,0.30303851389516256,0.3087958619656383,-0.005757348070475732
/mmfs1/gscratch/scrubbed/jsomeara/lynx/borzoi-repro/OUTPUTS/basic-model-trainseed42-trackseed42-tracks3pct,human,2372,0.43468344074958104,0.4328837114409622,0.0017997293086188249,0.9074446287316954,0.9135342538635128,-0.006089625131817433
/mmfs1/gscratch/scrubbed/jsomeara/lynx/borzoi-repro/OUTPUTS/basic-model-trainseed42-trackseed42-tracks3pct,human,2385,0.7427612238480511,0.7316957916087732,0.011065432239277917,-0.43825322393226884,-0.42448296707790806,-0.013770256854360785
/mmfs1/gscratch/scrubbed/jsomeara/lynx/borzoi-repro/OUTPUTS/basic-model-trainseed42-trackseed42-tracks3pct,human,2423,0.7735668248276445,0.7780795581314007,-0.004512733303756233,0.5154925818106592,0.5138207948242047,0.0016717869864544266
/mmfs1/gscratch/scrubbed/jsomeara/lynx/borzoi-repro/OUTPUTS/basic-model-trainseed42-trackseed42-tracks3pct,human,2456,0.4258396667583653,0.4269315041536093,-0.0010918373952439886,0.8148880906077758,0.8148813300442697,6.7605635061251945e-06
/mmfs1/gscratch/scrubbed/jsomeara/lynx/borzoi-repro/OUTPUTS/basic-model-trainseed42-trackseed42-tracks3pct,human,2464,0.5751498207938541,0.5769492312446439,-0.0017994104507897957,0.7447660195292999,0.7442119855970385,0.0005540339322613885
/mmfs1/gscratch/scrubbed/jsomeara/lynx/borzoi-repro/OUTPUTS/basic-model-trainseed42-trackseed42-tracks3pct,human,2483,0.48898643294492566,0.49289940763009343,-0.003912974685167769,0.834583165865162,0.834698278242995,-0.00011511237783301542
/mmfs1/gscratch/scrubbed/jsomeara/lynx/borzoi-repro/OUTPUTS/basic-model-trainseed42-trackseed42-tracks3pct,human,2504,0.7730864391989042,0.7808221404898394,-0.00773570129093526,0.0028437982944582814,-0.009183728918203052,0.012027527212661333
/mmfs1/gscratch/scrubbed/jsomeara/lynx/borzoi-repro/OUTPUTS/basic-model-trainseed42-trackseed42-tracks3pct,human,2581,0.44396564013551504,0.4506032764585486,-0.006637636323033547,0.575823275701037,0.5643466176859384,0.011476658015098562
/mmfs1/gscratch/scrubbed/jsomeara/lynx/borzoi-repro/OUTPUTS/basic-model-trainseed42-trackseed42-tracks3pct,human,2597,0.5571416375270821,0.5560057833992413,0.0011358541278407852,0.7770602198702554,0.7803231505148983,-0.003262930644642892
/mmfs1/gscratch/scrubbed/jsomeara/lynx/borzoi-repro/OUTPUTS/basic-model-trainseed42-trackseed42-tracks3pct,human,2632,0.42085960602772743,0.42265202857018636,-0.0017924225424589268,0.8424858550683658,0.841959840219345,0.0005260148490208172
/mmfs1/gscratch/scrubbed/jsomeara/lynx/borzoi-repro/OUTPUTS/basic-model-trainseed42-trackseed42-tracks3pct,human,2641,0.3844866040430031,0.38553998714990395,-0.0010533831069008404,0.8202451269283246,0.8202609194482506,-1.579251992600561e-05
/mmfs1/gscratch/scrubbed/jsomeara/lynx/borzoi-repro/OUTPUTS/basic-model-trainseed42-trackseed42-tracks3pct,human,2695,0.3852099103095653,0.38519502615199797,1.488415756734085e-05,0.9181203542878543,0.9203464669326631,-0.0022261126448087643
/mmfs1/gscratch/scrubbed/jsomeara/lynx/borzoi-repro/OUTPUTS/basic-model-trainseed42-trackseed42-tracks3pct,human,2724,0.546238979186748,0.5414207209709697,0.004818258215778304,0.7435669801442556,0.7471632554619282,-0.0035962753176725926
/mmfs1/gscratch/scrubbed/jsomeara/lynx/borzoi-repro/OUTPUTS/basic-model-trainseed42-trackseed42-tracks3pct,human,2750,0.40126329185582205,0.4037266884830277,-0.0024633966272056274,0.8323440255428014,0.8319077365363993,0.0004362890064021352
/mmfs1/gscratch/scrubbed/jsomeara/lynx/borzoi-repro/OUTPUTS/basic-model-trainseed42-trackseed42-tracks3pct,human,2762,0.4596170992764186,0.4572136019606413,0.00240349731577727,0.8791587670191038,0.8827305448489243,-0.003571777829820544
/mmfs1/gscratch/scrubbed/jsomeara/lynx/borzoi-repro/OUTPUTS/basic-model-trainseed42-trackseed42-tracks3pct,human,2770,0.41182334165881235,0.41238815208070306,-0.0005648104218907157,0.8277930852130257,0.8271644709902712,0.0006286142227545088
/mmfs1/gscratch/scrubbed/jsomeara/lynx/borzoi-repro/OUTPUTS/basic-model-trainseed42-trackseed42-tracks3pct,human,2791,0.832831135084612,0.8375042455835433,-0.0046731104989312655,-1.1907940976426643,-1.2092919158296986,0.01849781818703433
/mmfs1/gscratch/scrubbed/jsomeara/lynx/borzoi-repro/OUTPUTS/basic-model-trainseed42-trackseed42-tracks3pct,human,2810,0.45262383490381264,0.45750076460754685,-0.004876929703734212,0.7278458286926296,0.7218662906522372,0.005979538040392418
/mmfs1/gscratch/scrubbed/jsomeara/lynx/borzoi-repro/OUTPUTS/basic-model-trainseed42-trackseed42-tracks3pct,human,2856,0.7749165710960699,0.7684485359339654,0.00646803516210448,-0.0881210608039658,-0.08540385321873872,-0.0027172075852270744
/mmfs1/gscratch/scrubbed/jsomeara/lynx/borzoi-repro/OUTPUTS/basic-model-trainseed42-trackseed42-tracks3pct,human,2895,0.7565146520491556,0.7615859143898343,-0.005071262340678673,0.5232336456842727,0.5213886307569624,0.0018450149273102623
/mmfs1/gscratch/scrubbed/jsomeara/lynx/borzoi-repro/OUTPUTS/basic-model-trainseed42-trackseed42-tracks3pct,human,2899,0.6099324005047975,0.6121449252340068,-0.0022125247292092975,0.6979390609250258,0.6973304467029122,0.0006086142221135571
/mmfs1/gscratch/scrubbed/jsomeara/lynx/borzoi-repro/OUTPUTS/basic-model-trainseed42-trackseed42-tracks3pct,human,3139,0.6281432046439738,0.6282213312206737,-7.812657669992173e-05,0.5016967426573147,0.5099175657449623,-0.0082208230876476
/mmfs1/gscratch/scrubbed/jsomeara/lynx/borzoi-repro/OUTPUTS/basic-model-trainseed42-trackseed42-tracks3pct,human,3154,0.7305509880874341,0.7346687428587216,-0.004117754771287507,0.7504064693566169,0.7497352373201395,0.0006712320364774538
/mmfs1/gscratch/scrubbed/jsomeara/lynx/borzoi-repro/OUTPUTS/basic-model-trainseed42-trackseed42-tracks3pct,human,3164,0.7059889401937463,0.7124149361122689,-0.0064259959185226645,-0.10645663138084316,-0.11607192077747676,0.0096152893966336
/mmfs1/gscratch/scrubbed/jsomeara/lynx/borzoi-repro/OUTPUTS/basic-model-trainseed42-trackseed42-tracks3pct,human,3173,0.5244811440318207,0.5247376079665115,-0.0002564639346908093,0.7717160572642997,0.7714949499956136,0.00022110726868607156
/mmfs1/gscratch/scrubbed/jsomeara/lynx/borzoi-repro/OUTPUTS/basic-model-trainseed42-trackseed42-tracks3pct,human,3193,0.6299336010584892,0.6321404262306746,-0.0022068251721854004,0.40552567057185146,0.4045226323660571,0.0010030382057943377
/mmfs1/gscratch/scrubbed/jsomeara/lynx/borzoi-repro/OUTPUTS/basic-model-trainseed42-trackseed42-tracks3pct,human,3232,0.48538567316627707,0.48850477028986666,-0.003119097123589598,0.4656022035546907,0.45479897077920856,0.010803232775482119
/mmfs1/gscratch/scrubbed/jsomeara/lynx/borzoi-repro/OUTPUTS/basic-model-trainseed42-trackseed42-tracks3pct,human,3274,0.5357321896710385,0.5330550384997158,0.0026771511713227225,0.7690777870191255,0.773198503318254,-0.0041207162991284685
/mmfs1/gscratch/scrubbed/jsomeara/lynx/borzoi-repro/OUTPUTS/basic-model-trainseed42-trackseed42-tracks3pct,human,3301,0.2977921105939578,0.2966842963827717,0.001107814211186109,0.7948725494405251,0.7950552469720641,-0.00018269753153898893
/mmfs1/gscratch/scrubbed/jsomeara/lynx/borzoi-repro/OUTPUTS/basic-model-trainseed42-trackseed42-tracks3pct,human,3345,0.6941781893540836,0.6967665694942031,-0.0025883801401195283,0.5364059366241067,0.5380899665489888,-0.0016840299248820356
/mmfs1/gscratch/scrubbed/jsomeara/lynx/borzoi-repro/OUTPUTS/basic-model-trainseed42-trackseed42-tracks3pct,human,3358,0.841915361516835,0.8419780151682428,-6.265365140778467e-05,0.39961592097576826,0.3957312081493445,0.003884712826423775
/mmfs1/gscratch/scrubbed/jsomeara/lynx/borzoi-repro/OUTPUTS/basic-model-trainseed42-trackseed42-tracks3pct,human,3368,0.4744170748256113,0.4729019961841989,0.0015150786414123707,0.8913358113960658,0.8998390718519291,-0.00850326045586336
/mmfs1/gscratch/scrubbed/jsomeara/lynx/borzoi-repro/OUTPUTS/basic-model-trainseed42-trackseed42-tracks3pct,human,3401,0.6594027417441384,0.6603747188872722,-0.0009719771431337954,0.5103350921236717,0.5105294783982968,-0.00019438627462509128
/mmfs1/gscratch/scrubbed/jsomeara/lynx/borzoi-repro/OUTPUTS/basic-model-trainseed42-trackseed42-tracks3pct,human,3405,0.46284382597490675,0.4617704414972628,0.001073384477643935,0.91919153859278,0.9242471397626646,-0.0050556011698845715
/mmfs1/gscratch/scrubbed/jsomeara/lynx/borzoi-repro/OUTPUTS/basic-model-trainseed42-trackseed42-tracks3pct,human,3419,0.6708976818303888,0.6799579050164407,-0.00906022318605193,0.6127876408684259,0.6058025373156387,0.006985103552787142
/mmfs1/gscratch/scrubbed/jsomeara/lynx/borzoi-repro/OUTPUTS/basic-model-trainseed42-trackseed42-tracks3pct,human,3432,0.7239136140146455,0.7216517981181192,0.002261815896526298,0.009789114406555482,0.009483263220227158,0.00030585118632832364
/mmfs1/gscratch/scrubbed/jsomeara/lynx/borzoi-repro/OUTPUTS/basic-model-trainseed42-trackseed42-tracks3pct,human,3444,0.6926513905241418,0.6798153313197569,0.012836059204384909,-0.1216026659439422,-0.10820156411356295,-0.01340110183037925
/mmfs1/gscratch/scrubbed/jsomeara/lynx/borzoi-repro/OUTPUTS/basic-model-trainseed42-trackseed42-tracks3pct,human,3449,0.5201557254396905,0.5070219006397682,0.013133824799922311,0.4245391641742048,0.4179289294856474,0.00661023468855737
/mmfs1/gscratch/scrubbed/jsomeara/lynx/borzoi-repro/OUTPUTS/basic-model-trainseed42-trackseed42-tracks3pct,human,3455,0.6466447570085809,0.6610207578346615,-0.014376000826080593,0.759185384922899,0.7553759439513057,0.003809440971593303
/mmfs1/gscratch/scrubbed/jsomeara/lynx/borzoi-repro/OUTPUTS/basic-model-trainseed42-trackseed42-tracks3pct,human,3538,0.28598666180037013,0.28635341223607846,-0.00036675043570832955,0.8436994477083788,0.8433922844777583,0.00030716323062052187
/mmfs1/gscratch/scrubbed/jsomeara/lynx/borzoi-repro/OUTPUTS/basic-model-trainseed42-trackseed42-tracks3pct,human,3547,0.7282881895744614,0.7194015177907758,0.008886671783685629,0.14078547389374987,0.15013841174036632,-0.00935293784661645
/mmfs1/gscratch/scrubbed/jsomeara/lynx/borzoi-repro/OUTPUTS/basic-model-trainseed42-trackseed42-tracks3pct,human,3586,0.6530663838952651,0.6582952581857621,-0.00522887429049701,0.5362214171460745,0.5312882019023835,0.004933215243691058
/mmfs1/gscratch/scrubbed/jsomeara/lynx/borzoi-repro/OUTPUTS/basic-model-trainseed42-trackseed42-tracks3pct,human,3596,0.4839333020172188,0.4848287905968358,-0.0008954885796170209,0.7648981777265658,0.764210392622735,0.0006877851038307181
/mmfs1/gscratch/scrubbed/jsomeara/lynx/borzoi-repro/OUTPUTS/basic-model-trainseed42-trackseed42-tracks3pct,human,3605,0.759882778368701,0.7642591840540054,-0.0043764056853043964,0.6219549359664774,0.6194204413443277,0.002534494622149719
/mmfs1/gscratch/scrubbed/jsomeara/lynx/borzoi-repro/OUTPUTS/basic-model-trainseed42-trackseed42-tracks3pct,human,3621,0.593963242216213,0.5941124654777294,-0.00014922326151645127,0.8839060358376596,0.8861984243559272,-0.0022923885182676296
/mmfs1/gscratch/scrubbed/jsomeara/lynx/borzoi-repro/OUTPUTS/basic-model-trainseed42-trackseed42-tracks3pct,human,3625,0.6825396260830574,0.6791098868164492,0.003429739266608167,0.7612155958349197,0.7686553558197445,-0.007439759984824823
/mmfs1/gscratch/scrubbed/jsomeara/lynx/borzoi-repro/OUTPUTS/basic-model-trainseed42-trackseed42-tracks3pct,human,3642,0.4819023301764505,0.48102571537016076,0.000876614806289755,0.7855631529579801,0.7851072890943049,0.0004558638636751322
/mmfs1/gscratch/scrubbed/jsomeara/lynx/borzoi-repro/OUTPUTS/basic-model-trainseed42-trackseed42-tracks3pct,human,3659,0.608041709982087,0.6051990451465588,0.002842664835528197,0.7745049075673744,0.7849186541868903,-0.010413746619515885
/mmfs1/gscratch/scrubbed/jsomeara/lynx/borzoi-repro/OUTPUTS/basic-model-trainseed42-trackseed42-tracks3pct,human,3674,0.5542760748822063,0.5557182415276354,-0.001442166645429066,-0.05448498360580183,-0.08206520588725578,0.027580222281453952
/mmfs1/gscratch/scrubbed/jsomeara/lynx/borzoi-repro/OUTPUTS/basic-model-trainseed42-trackseed42-tracks3pct,human,3677,0.5244308959457782,0.5290556658496426,-0.004624769903864401,0.406876583595632,0.4025923286604255,0.004284254935206511
/mmfs1/gscratch/scrubbed/jsomeara/lynx/borzoi-repro/OUTPUTS/basic-model-trainseed42-trackseed42-tracks3pct,human,3682,0.44327909308789115,0.44451037265101406,-0.0012312795631229112,0.8820105609479445,0.8847445315788192,-0.0027339706308746603
/mmfs1/gscratch/scrubbed/jsomeara/lynx/borzoi-repro/OUTPUTS/basic-model-trainseed42-trackseed42-tracks3pct,human,3699,0.6811041987040303,0.6845711034652302,-0.0034669047611999293,0.5127801842605246,0.5070471528914637,0.0057330313690608925
/mmfs1/gscratch/scrubbed/jsomeara/lynx/borzoi-repro/OUTPUTS/basic-model-trainseed42-trackseed42-tracks3pct,human,3744,0.43676907282292643,0.42842771919593015,0.008341353626996284,0.300468405824055,0.3073691309431744,-0.006900725119119433
/mmfs1/gscratch/scrubbed/jsomeara/lynx/borzoi-repro/OUTPUTS/basic-model-trainseed42-trackseed42-tracks3pct,human,3762,0.44489633927211175,0.44692636738724095,-0.002030028115129201,0.8743317228664467,0.8740333611342802,0.00029836173216646333
/mmfs1/gscratch/scrubbed/jsomeara/lynx/borzoi-repro/OUTPUTS/basic-model-trainseed42-trackseed42-tracks3pct,human,3790,0.5326842742065478,0.5230240483897628,0.00966022581678505,0.7479256173127291,0.7545043605293853,-0.006578743216656191
/mmfs1/gscratch/scrubbed/jsomeara/lynx/borzoi-repro/OUTPUTS/basic-model-trainseed42-trackseed42-tracks3pct,human,3818,0.7382758266165711,0.741202468209117,-0.0029266415925458533,0.40162178568692813,0.39955350948286833,0.0020682762040598046
/mmfs1/gscratch/scrubbed/jsomeara/lynx/borzoi-repro/OUTPUTS/basic-model-trainseed42-trackseed42-tracks3pct,human,3919,0.6334101975915466,0.6352808709967751,-0.0018706734052285068,0.44866268950195887,0.44948814724315644,-0.0008254577411975772
/mmfs1/gscratch/scrubbed/jsomeara/lynx/borzoi-repro/OUTPUTS/basic-model-trainseed42-trackseed42-tracks3pct,human,3980,0.3797777677079359,0.3800580165643951,-0.0002802488564591643,0.7095353345770841,0.7093922118777202,0.00014312269936389566
/mmfs1/gscratch/scrubbed/jsomeara/lynx/borzoi-repro/OUTPUTS/basic-model-trainseed42-trackseed42-tracks3pct,human,4016,0.5374746793991083,0.5466175961509284,-0.009142916751820107,0.6095279721716951,0.6069872722758655,0.0025406998958296123
/mmfs1/gscratch/scrubbed/jsomeara/lynx/borzoi-repro/OUTPUTS/basic-model-trainseed42-trackseed42-tracks3pct,human,4029,0.5490325826916702,0.5548636221127918,-0.00583103942112162,0.7948589876556654,0.7940732722157499,0.0007857154399155686
/mmfs1/gscratch/scrubbed/jsomeara/lynx/borzoi-repro/OUTPUTS/basic-model-trainseed42-trackseed42-tracks3pct,human,4036,0.7448726899819417,0.7297197001695641,0.01515298981237756,-0.08474087073472725,-0.0682301552642722,-0.016510715470455045
/mmfs1/gscratch/scrubbed/jsomeara/lynx/borzoi-repro/OUTPUTS/basic-model-trainseed42-trackseed42-tracks3pct,human,4076,0.3075190214079433,0.30607757144803704,0.0014414499599062491,0.8703583096960189,0.8730954510603715,-0.0027371413643525466
/mmfs1/gscratch/scrubbed/jsomeara/lynx/borzoi-repro/OUTPUTS/basic-model-trainseed42-trackseed42-tracks3pct,human,4115,0.45556118253387223,0.4496471941361813,0.005913988397690917,0.8668737828776449,0.8689052973581978,-0.002031514480552832
/mmfs1/gscratch/scrubbed/jsomeara/lynx/borzoi-repro/OUTPUTS/basic-model-trainseed42-trackseed42-tracks3pct,human,4125,0.5146599445319939,0.522700617691689,-0.008040673159695033,0.7887048725579456,0.7847252483035679,0.0039796242543777005
/mmfs1/gscratch/scrubbed/jsomeara/lynx/borzoi-repro/OUTPUTS/basic-model-trainseed42-trackseed42-tracks3pct,human,4138,0.4687697550993635,0.46707952564738536,0.0016902294519781647,0.8554772122489459,0.8565756347356441,-0.001098422486698225
/mmfs1/gscratch/scrubbed/jsomeara/lynx/borzoi-repro/OUTPUTS/basic-model-trainseed42-trackseed42-tracks3pct,human,4176,0.43044228816381014,0.4285465212089322,0.00189576695487792,0.9087546937277783,0.9145315389143804,-0.005776845186602153
/mmfs1/gscratch/scrubbed/jsomeara/lynx/borzoi-repro/OUTPUTS/basic-model-trainseed42-trackseed42-tracks3pct,human,4233,0.5392509531950138,0.5421216436278076,-0.0028706904327937544,0.8222135281058289,0.8217928076044512,0.0004207205013777582
/mmfs1/gscratch/scrubbed/jsomeara/lynx/borzoi-repro/OUTPUTS/basic-model-trainseed42-trackseed42-tracks3pct,human,4256,0.5072983846303747,0.5076040316005486,-0.00030564697017387843,0.8638954349705099,0.8633199682584699,0.000575466712040007
/mmfs1/gscratch/scrubbed/jsomeara/lynx/borzoi-repro/OUTPUTS/basic-model-trainseed42-trackseed42-tracks3pct,human,4279,0.4614478593462034,0.4570565816051949,0.0043912777410085035,0.668151333451607,0.6720831045448111,-0.003931771093204084
/mmfs1/gscratch/scrubbed/jsomeara/lynx/borzoi-repro/OUTPUTS/basic-model-trainseed42-trackseed42-tracks3pct,human,4376,0.7333725297694204,0.7364900600773439,-0.0031175303079234995,-0.37918842078096576,-0.37634996446988944,-0.0028384563110763206
/mmfs1/gscratch/scrubbed/jsomeara/lynx/borzoi-repro/OUTPUTS/basic-model-trainseed42-trackseed42-tracks3pct,human,4436,0.2301258997513042,0.2302780953511482,-0.00015219559984400166,0.8697424100297594,0.8697050562576403,3.735377211910862e-05
/mmfs1/gscratch/scrubbed/jsomeara/lynx/borzoi-repro/OUTPUTS/basic-model-trainseed42-trackseed42-tracks3pct,human,4544,0.3341930945686597,0.3336520249997839,0.0005410695688757849,0.7165907847154448,0.7178804718811388,-0.0012896871656939979
/mmfs1/gscratch/scrubbed/jsomeara/lynx/borzoi-repro/OUTPUTS/basic-model-trainseed42-trackseed42-tracks3pct,human,4556,0.3166010455913265,0.3170117743154784,-0.00041072872415187645,0.5830544391419042,0.5840566649247808,-0.0010022257828765646
/mmfs1/gscratch/scrubbed/jsomeara/lynx/borzoi-repro/OUTPUTS/basic-model-trainseed42-trackseed42-tracks3pct,human,4598,0.36742811426476113,0.36527098970124255,0.0021571245635185754,0.811618391227763,0.8159182610444099,-0.004299869816646873
/mmfs1/gscratch/scrubbed/jsomeara/lynx/borzoi-repro/OUTPUTS/basic-model-trainseed42-trackseed42-tracks3pct,human,4710,0.6751507915219179,0.6987568275700713,-0.023606036048153367,-0.34816160247747263,-0.369085961329947,0.020924358852474345
/mmfs1/gscratch/scrubbed/jsomeara/lynx/borzoi-repro/OUTPUTS/basic-model-trainseed42-trackseed42-tracks3pct,human,4741,0.6976817935099355,0.7201887265886905,-0.022506933078754954,-0.23337245961735328,-0.24540548206863186,0.012033022451278574
/mmfs1/gscratch/scrubbed/jsomeara/lynx/borzoi-repro/OUTPUTS/basic-model-trainseed42-trackseed42-tracks3pct,human,4884,0.6285563179814747,0.6515669156092995,-0.023010597627824758,-0.17707372975839028,-0.1886611031399654,0.011587373381575117
/mmfs1/gscratch/scrubbed/jsomeara/lynx/borzoi-repro/OUTPUTS/basic-model-trainseed42-trackseed42-tracks3pct,human,4896,0.5753027861158843,0.6102457585507234,-0.034942972434839126,-0.05805993507405713,-0.06418500379186215,0.006125068717805021
/mmfs1/gscratch/scrubbed/jsomeara/lynx/borzoi-repro/OUTPUTS/basic-model-trainseed42-trackseed42-tracks3pct,human,4923,0.5211922457328243,0.553206231381764,-0.03201398564893965,0.04605971082060959,0.04390297141376146,0.0021567394068481294
/mmfs1/gscratch/scrubbed/jsomeara/lynx/borzoi-repro/OUTPUTS/basic-model-trainseed42-trackseed42-tracks3pct,human,4971,0.5197970256396113,0.5566314845212591,-0.036834458881647825,0.09979293083139906,0.09278292339674479,0.0070100074346542696
/mmfs1/gscratch/scrubbed/jsomeara/lynx/borzoi-repro/OUTPUTS/basic-model-trainseed42-trackseed42-tracks3pct,human,5062,0.6822311138748761,0.7084522595721936,-0.026221145697317483,-0.1094390061202133,-0.12156241969246037,0.012123413572247069
/mmfs1/gscratch/scrubbed/jsomeara/lynx/borzoi-repro/OUTPUTS/basic-model-trainseed42-trackseed42-tracks3pct,human,5084,0.6907195048612167,0.7204269153697852,-0.02970741050856851,-0.17099378927274694,-0.19401313689228267,0.023019347619535724
/mmfs1/gscratch/scrubbed/jsomeara/lynx/borzoi-repro/OUTPUTS/basic-model-trainseed42-trackseed42-tracks3pct,human,5174,0.5515420138750136,0.5836843249131856,-0.032142311038172,-0.007076180816462873,-0.022808823553868006,0.015732642737405135
/mmfs1/gscratch/scrubbed/jsomeara/lynx/borzoi-repro/OUTPUTS/basic-model-trainseed42-trackseed42-tracks3pct,human,5206,0.5947817369289232,0.628783747587447,-0.03400201065852382,0.004799938477910491,-0.00047762658305986383,0.005277565060970354
/mmfs1/gscratch/scrubbed/jsomeara/lynx/borzoi-repro/OUTPUTS/basic-model-trainseed42-trackseed42-tracks3pct,human,5220,0.6544264261178033,0.6880824715656418,-0.03365604544783851,-0.022048787882496226,-0.032744692011432625,0.010695904128936399
/mmfs1/gscratch/scrubbed/jsomeara/lynx/borzoi-repro/OUTPUTS/basic-model-trainseed42-trackseed42-tracks3pct,human,5235,0.5971355120843523,0.6151806975555576,-0.01804518547120526,-0.24128557510005147,-0.27106382389447353,0.029778248794422063
/mmfs1/gscratch/scrubbed/jsomeara/lynx/borzoi-repro/OUTPUTS/basic-model-trainseed42-trackseed42-tracks3pct,human,5291,0.5196174030891352,0.5617836749155899,-0.042166271826454715,0.07606793153988907,0.07089017759412691,0.005177753945762156
/mmfs1/gscratch/scrubbed/jsomeara/lynx/borzoi-repro/OUTPUTS/basic-model-trainseed42-trackseed42-tracks3pct,human,5297,0.5934587718993787,0.6240342768296121,-0.03057550493023342,-0.016354723627484444,-0.022038268234742312,0.005683544607257868
/mmfs1/gscratch/scrubbed/jsomeara/lynx/borzoi-repro/OUTPUTS/basic-model-trainseed42-trackseed42-tracks3pct,mouse,83,0.8965317674243811,0.8985921237335684,-0.002060356309187328,0.21471249425855138,0.21437089598850387,0.00034159827004751064
/mmfs1/gscratch/scrubbed/jsomeara/lynx/borzoi-repro/OUTPUTS/basic-model-trainseed42-trackseed42-tracks3pct,mouse,129,0.8010801963239091,0.7992723185208578,0.001807877803051361,0.6634303595979744,0.6648523483986454,-0.0014219888006710146
/mmfs1/gscratch/scrubbed/jsomeara/lynx/borzoi-repro/OUTPUTS/basic-model-trainseed42-trackseed42-tracks3pct,mouse,144,0.5833018208528006,0.5832213459379921,8.047491480844826e-05,0.2517799305365228,0.2515941966075673,0.00018573392895548935
/mmfs1/gscratch/scrubbed/jsomeara/lynx/borzoi-repro/OUTPUTS/basic-model-trainseed42-trackseed42-tracks3pct,mouse,166,0.7120741762754207,0.7214285539250053,-0.009354377649584578,0.1992055694053462,0.19818395476817618,0.0010216146371700152
/mmfs1/gscratch/scrubbed/jsomeara/lynx/borzoi-repro/OUTPUTS/basic-model-trainseed42-trackseed42-tracks3pct,mouse,194,0.5744838762030111,0.5778126201468653,-0.0033287439438541844,0.22721135528548989,0.22667399236958147,0.0005373629159084181
/mmfs1/gscratch/scrubbed/jsomeara/lynx/borzoi-repro/OUTPUTS/basic-model-trainseed42-trackseed42-tracks3pct,mouse,247,0.6024336937263265,0.5982578580199537,0.00417583570637281,0.4831148367581901,0.4806561472275841,0.0024586895306060175
/mmfs1/gscratch/scrubbed/jsomeara/lynx/borzoi-repro/OUTPUTS/basic-model-trainseed42-trackseed42-tracks3pct,mouse,254,0.6578919509751243,0.5009130298310506,0.15697892114407375,0.4417704346068573,0.4845222904851289,-0.04275185587827163
/mmfs1/gscratch/scrubbed/jsomeara/lynx/borzoi-repro/OUTPUTS/basic-model-trainseed42-trackseed42-tracks3pct,mouse,256,0.5623508240124236,0.3857991685159366,0.17655165549648705,0.7909360294295126,0.821256016222124,-0.030319986792611386
/mmfs1/gscratch/scrubbed/jsomeara/lynx/borzoi-repro/OUTPUTS/basic-model-trainseed42-trackseed42-tracks3pct,mouse,266,0.628571407612169,0.42085565300054495,0.20771575461162406,0.7416878624846355,0.790133678593925,-0.04844581610928955
/mmfs1/gscratch/scrubbed/jsomeara/lynx/borzoi-repro/OUTPUTS/basic-model-trainseed42-trackseed42-tracks3pct,mouse,273,0.7543647449472344,0.7475202760974093,0.006844468849825036,0.2027669117997421,0.2052079025573037,-0.0024409907575616008
/mmfs1/gscratch/scrubbed/jsomeara/lynx/borzoi-repro/OUTPUTS/basic-model-trainseed42-trackseed42-tracks3pct,mouse,275,0.6476896157893135,0.6408198150151838,0.006869800774129686,0.5849464055984565,0.5888493805142389,-0.003902974915782398
/mmfs1/gscratch/scrubbed/jsomeara/lynx/borzoi-repro/OUTPUTS/basic-model-trainseed42-trackseed42-tracks3pct,mouse,381,0.5966177158971394,0.5991608244237383,-0.0025431085265988917,0.7717724323830929,0.7710645572627525,0.0007078751203404288
/mmfs1/gscratch/scrubbed/jsomeara/lynx/borzoi-repro/OUTPUTS/basic-model-trainseed42-trackseed42-tracks3pct,mouse,394,0.7824904248923221,0.7797831021058875,0.002707322786434596,0.36417417192805396,0.36518214715929487,-0.0010079752312409096
/mmfs1/gscratch/scrubbed/jsomeara/lynx/borzoi-repro/OUTPUTS/basic-model-trainseed42-trackseed42-tracks3pct,mouse,427,0.4875138793679264,0.4722416462476186,0.015272233120307788,0.736193472495361,0.7399167878972288,-0.003723315401867766
/mmfs1/gscratch/scrubbed/jsomeara/lynx/borzoi-repro/OUTPUTS/basic-model-trainseed42-trackseed42-tracks3pct,mouse,430,0.8268649838914426,0.8217324702744322,0.0051325136170103924,0.4193083306177403,0.4203357409899866,-0.0010274103722462957
/mmfs1/gscratch/scrubbed/jsomeara/lynx/borzoi-repro/OUTPUTS/basic-model-trainseed42-trackseed42-tracks3pct,mouse,445,0.5130071115461811,0.5157901420241306,-0.0027830304779495885,0.8352814793596302,0.8348169002084835,0.00046457915114661574
/mmfs1/gscratch/scrubbed/jsomeara/lynx/borzoi-repro/OUTPUTS/basic-model-trainseed42-trackseed42-tracks3pct,mouse,447,0.5368177846914591,0.5308165197972964,0.00600126489416275,0.8146693646382148,0.8158495825387646,-0.0011802179005497848
/mmfs1/gscratch/scrubbed/jsomeara/lynx/borzoi-repro/OUTPUTS/basic-model-trainseed42-trackseed42-tracks3pct,mouse,502,0.5311192611089017,0.5317157045720868,-0.0005964434631851034,0.8107980105479737,0.8101496444419022,0.0006483661060715518
/mmfs1/gscratch/scrubbed/jsomeara/lynx/borzoi-repro/OUTPUTS/basic-model-trainseed42-trackseed42-tracks3pct,mouse,518,0.663629331157602,0.6589619684188955,0.004667362738706493,0.6616941785161419,0.6631172224336578,-0.0014230439175159093
/mmfs1/gscratch/scrubbed/jsomeara/lynx/borzoi-repro/OUTPUTS/basic-model-trainseed42-trackseed42-tracks3pct,mouse,528,0.822308058625049,0.825439408804887,-0.0031313501798380106,0.5256344121734037,0.525518577720388,0.00011583445301566186
/mmfs1/gscratch/scrubbed/jsomeara/lynx/borzoi-repro/OUTPUTS/basic-model-trainseed42-trackseed42-tracks3pct,mouse,534,0.7611906279242789,0.7671231763516866,-0.005932548427407647,0.5226203453762801,0.5204289445995149,0.002191400776765162
/mmfs1/gscratch/scrubbed/jsomeara/lynx/borzoi-repro/OUTPUTS/basic-model-trainseed42-trackseed42-tracks3pct,mouse,619,0.915379917714071,0.9155846207563971,-0.00020470304232611536,-0.48844374808647617,-0.4892532848735632,0.0008095367870870063
/mmfs1/gscratch/scrubbed/jsomeara/lynx/borzoi-repro/OUTPUTS/basic-model-trainseed42-trackseed42-tracks3pct,mouse,667,0.7616882888827229,0.7654188699297161,-0.0037305810469931977,0.7602821292461038,0.7596866684643064,0.0005954607817973967
/mmfs1/gscratch/scrubbed/jsomeara/lynx/borzoi-repro/OUTPUTS/basic-model-trainseed42-trackseed42-tracks3pct,mouse,719,0.8123928441489491,0.811768059506839,0.0006247846421101322,0.6635966699059189,0.6642641904791462,-0.000667520573227276
/mmfs1/gscratch/scrubbed/jsomeara/lynx/borzoi-repro/OUTPUTS/basic-model-trainseed42-trackseed42-tracks3pct,mouse,751,0.8618271867730636,0.8630846831333723,-0.0012574963603086964,0.3203730259658638,0.3193057357495228,0.0010672902163409992
/mmfs1/gscratch/scrubbed/jsomeara/lynx/borzoi-repro/OUTPUTS/basic-model-trainseed42-trackseed42-tracks3pct,mouse,753,0.8598593420266087,0.8603859319289714,-0.0005265899023626508,0.4515801334505747,0.45183751988974014,-0.00025738643916545234
/mmfs1/gscratch/scrubbed/jsomeara/lynx/borzoi-repro/OUTPUTS/basic-model-trainseed42-trackseed42-tracks3pct,mouse,768,0.8654912318455884,0.8643321104125345,0.0011591214330538557,0.011782636558459571,0.010264873664995825,0.0015177628934637463
/mmfs1/gscratch/scrubbed/jsomeara/lynx/borzoi-repro/OUTPUTS/basic-model-trainseed42-trackseed42-tracks3pct,mouse,790,0.8207152384993375,0.8218791144572444,-0.0011638759579069013,0.5690600080333337,0.5687740847078834,0.0002859233254502991
/mmfs1/gscratch/scrubbed/jsomeara/lynx/borzoi-repro/OUTPUTS/basic-model-trainseed42-trackseed42-tracks3pct,mouse,807,0.868213016895844,0.866452629050964,0.0017603878448799737,0.40113369113937647,0.4027455142276522,-0.0016118230882757323
/mmfs1/gscratch/scrubbed/jsomeara/lynx/borzoi-repro/OUTPUTS/basic-model-trainseed42-trackseed42-tracks3pct,mouse,808,0.854369107291919,0.8544305559315895,-6.144863967050274e-05,-0.2874472920284328,-0.29141036598710646,0.00396307395867368
/mmfs1/gscratch/scrubbed/jsomeara/lynx/borzoi-repro/OUTPUTS/basic-model-trainseed42-trackseed42-tracks3pct,mouse,871,0.8123352540064973,0.8142961733661005,-0.001960919359603186,0.6776518780189598,0.6771818507276856,0.00047002729127421095
/mmfs1/gscratch/scrubbed/jsomeara/lynx/borzoi-repro/OUTPUTS/basic-model-trainseed42-trackseed42-tracks3pct,mouse,1008,0.7561962702583799,0.7596176910115392,-0.003421420753159321,0.5985263798784922,0.5986124195696584,-8.603969116616206e-05
/mmfs1/gscratch/scrubbed/jsomeara/lynx/borzoi-repro/OUTPUTS/basic-model-trainseed42-trackseed42-tracks3pct,mouse,1010,0.7457253051051186,0.7479680422414506,-0.0022427371363320514,0.6670491894721814,0.666595049818265,0.00045413965391638556
/mmfs1/gscratch/scrubbed/jsomeara/lynx/borzoi-repro/OUTPUTS/basic-model-trainseed42-trackseed42-tracks3pct,mouse,1074,0.5884541498098591,0.5812008846984518,0.0072532651114073365,0.7515241758199865,0.752239462659793,-0.0007152868398064838
/mmfs1/gscratch/scrubbed/jsomeara/lynx/borzoi-repro/OUTPUTS/basic-model-trainseed42-trackseed42-tracks3pct,mouse,1079,0.8567248851917559,0.8567980314520324,-7.314626027643545e-05,0.5853162208350188,0.5857808653830234,-0.0004646445480046557
/mmfs1/gscratch/scrubbed/jsomeara/lynx/borzoi-repro/OUTPUTS/basic-model-trainseed42-trackseed42-tracks3pct,mouse,1128,0.6705887728423475,0.6969764323513427,-0.02638765950899513,-0.274318696506227,-0.3465664750574569,0.07224777855122994
/mmfs1/gscratch/scrubbed/jsomeara/lynx/borzoi-repro/OUTPUTS/basic-model-trainseed42-trackseed42-tracks3pct,mouse,1139,0.4362322761873856,0.454724243479812,-0.018491967292426414,0.701726999026981,0.6988085352014136,0.0029184638255673745
/mmfs1/gscratch/scrubbed/jsomeara/lynx/borzoi-repro/OUTPUTS/basic-model-trainseed42-trackseed42-tracks3pct,mouse,1170,0.5991188405800049,0.635810799110436,-0.03669195853043117,0.17639301445036476,0.11682225419265377,0.05957076025771099
/mmfs1/gscratch/scrubbed/jsomeara/lynx/borzoi-repro/OUTPUTS/basic-model-trainseed42-trackseed42-tracks3pct,mouse,1185,0.5293564950745318,0.5260221447259624,0.003334350348569326,0.6439739971230076,0.6450219944143379,-0.001047997291330316
/mmfs1/gscratch/scrubbed/jsomeara/lynx/borzoi-repro/OUTPUTS/basic-model-trainseed42-trackseed42-tracks3pct,mouse,1204,0.7283143281727921,0.7253214234631089,0.002992904709683164,-2.411161052005186,-2.402543528612676,-0.008617523392509874
/mmfs1/gscratch/scrubbed/jsomeara/lynx/borzoi-repro/OUTPUTS/basic-model-trainseed42-trackseed42-tracks3pct,mouse,1210,0.4428098528813776,0.43829915312009116,0.00451069976128643,-0.48026943694760665,-0.47478872116760096,-0.005480715780005696
/mmfs1/gscratch/scrubbed/jsomeara/lynx/borzoi-repro/OUTPUTS/basic-model-trainseed42-trackseed42-tracks3pct,mouse,1269,0.47119486994182547,0.5222214388227329,-0.0510265688809074,0.6234127389626997,0.6010789075447069,0.022333831417992722
/mmfs1/gscratch/scrubbed/jsomeara/lynx/borzoi-repro/OUTPUTS/basic-model-trainseed42-trackseed42-tracks3pct,mouse,1279,0.8162827643134627,0.8182391686275087,-0.0019564043140459786,-0.1267791958068194,-0.1311015145143757,0.004322318707556311
/mmfs1/gscratch/scrubbed/jsomeara/lynx/borzoi-repro/OUTPUTS/basic-model-trainseed42-trackseed42-tracks3pct,mouse,1294,0.6268773591940285,0.634448808406424,-0.007571449212395498,0.03463638498891234,0.028386638561602714,0.006249746427309626
/mmfs1/gscratch/scrubbed/jsomeara/lynx/borzoi-repro/OUTPUTS/basic-model-trainseed42-trackseed42-tracks3pct,mouse,1358,0.6999353987708676,0.7084292096382561,-0.00849381086738843,-0.05803244271986297,-0.06255952339838595,0.004527080678522984
/mmfs1/gscratch/scrubbed/jsomeara/lynx/borzoi-repro/OUTPUTS/basic-model-trainseed42-trackseed42-tracks3pct,mouse,1578,0.6424597231289458,0.6520881411583777,-0.009628418029431818,0.013232105439020234,0.007059430469380474,0.00617267496963976
/mmfs1/gscratch/scrubbed/jsomeara/lynx/borzoi-repro/OUTPUTS/basic-model-trainseed42-trackseed42-tracks3pct,mouse,1583,0.6446290699611328,0.6606809593946834,-0.016051889433550626,0.2921377064857461,0.2825324419015392,0.009605264584206907
/mmfs1/gscratch/scrubbed/jsomeara/lynx/borzoi-repro/OUTPUTS/basic-model-trainseed42-trackseed42-tracks3pct,mouse,1590,0.607118615436819,0.6121422634281148,-0.005023647991295843,0.08752228095605809,0.08347736167637419,0.004044919279683895
/mmfs1/gscratch/scrubbed/jsomeara/lynx/borzoi-repro/OUTPUTS/basic-model-trainseed42-trackseed42-tracks3pct,mouse,1626,0.529901908899494,0.5336486493162976,-0.0037467404168036733,-0.05678205106070331,-0.05741538941008899,0.0006333383493856773
